model_id,name,organization,release_date,context_window,gpqa,swe_bench,scraped_at,source_url,dataset_id,source_run_id
gpt-3.5-turbo-0125,GPT-3.5 Turbo,OpenAI,2023-03-21,16385.0,0.308,,2026-05-18T12:28:53.589759Z,https://api.zeroeval.com/leaderboard/models/full,llm_benchmarks,20260518T122853Z-d144d83d
gpt-4-0613,GPT-4,OpenAI,2023-06-13,,0.357,,2026-05-18T12:28:53.589759Z,https://api.zeroeval.com/leaderboard/models/full,llm_benchmarks,20260518T122853Z-d144d83d
gemini-1.0-pro,Gemini 1.0 Pro,Google,2024-02-15,,0.279,,2026-05-18T12:28:53.589759Z,https://api.zeroeval.com/leaderboard/models/full,llm_benchmarks,20260518T122853Z-d144d83d
claude-3-opus-20240229,Claude 3 Opus,Anthropic,2024-02-29,,0.504,,2026-05-18T12:28:53.589759Z,https://api.zeroeval.com/leaderboard/models/full,llm_benchmarks,20260518T122853Z-d144d83d
claude-3-sonnet-20240229,Claude 3 Sonnet,Anthropic,2024-02-29,,0.404,,2026-05-18T12:28:53.589759Z,https://api.zeroeval.com/leaderboard/models/full,llm_benchmarks,20260518T122853Z-d144d83d
claude-3-haiku-20240307,Claude 3 Haiku,Anthropic,2024-03-13,,0.333,,2026-05-18T12:28:53.589759Z,https://api.zeroeval.com/leaderboard/models/full,llm_benchmarks,20260518T122853Z-d144d83d
gemini-1.5-flash-8b,Gemini 1.5 Flash 8B,Google,2024-03-15,,0.384,,2026-05-18T12:28:53.589759Z,https://api.zeroeval.com/leaderboard/models/full,llm_benchmarks,20260518T122853Z-d144d83d
grok-1.5,Grok-1.5,xAI,2024-03-28,,0.359,,2026-05-18T12:28:53.589759Z,https://api.zeroeval.com/leaderboard/models/full,llm_benchmarks,20260518T122853Z-d144d83d
gpt-4-turbo-2024-04-09,GPT-4 Turbo,OpenAI,2024-04-09,128000.0,0.48,,2026-05-18T12:28:53.589759Z,https://api.zeroeval.com/leaderboard/models/full,llm_benchmarks,20260518T122853Z-d144d83d
grok-1.5v,Grok-1.5V,xAI,2024-04-12,,,,2026-05-18T12:28:53.589759Z,https://api.zeroeval.com/leaderboard/models/full,llm_benchmarks,20260518T122853Z-d144d83d
gemini-1.5-flash,Gemini 1.5 Flash,Google,2024-05-01,,0.51,,2026-05-18T12:28:53.589759Z,https://api.zeroeval.com/leaderboard/models/full,llm_benchmarks,20260518T122853Z-d144d83d
gemini-1.5-pro,Gemini 1.5 Pro,Google,2024-05-01,,0.591,,2026-05-18T12:28:53.589759Z,https://api.zeroeval.com/leaderboard/models/full,llm_benchmarks,20260518T122853Z-d144d83d
deepseek-v2.5,DeepSeek-V2.5,DeepSeek,2024-05-08,,,0.168,2026-05-18T12:28:53.589759Z,https://api.zeroeval.com/leaderboard/models/full,llm_benchmarks,20260518T122853Z-d144d83d
chatgpt-4o-latest,ChatGPT-4o Latest,OpenAI,2024-05-13,,0.84,,2026-05-18T12:28:53.589759Z,https://api.zeroeval.com/leaderboard/models/full,llm_benchmarks,20260518T122853Z-d144d83d
gpt-4o-2024-05-13,GPT-4o,OpenAI,2024-05-13,128000.0,0.536,,2026-05-18T12:28:53.589759Z,https://api.zeroeval.com/leaderboard/models/full,llm_benchmarks,20260518T122853Z-d144d83d
codestral-22b,Codestral-22B,Mistral AI,2024-05-29,,,,2026-05-18T12:28:53.589759Z,https://api.zeroeval.com/leaderboard/models/full,llm_benchmarks,20260518T122853Z-d144d83d
claude-3-5-sonnet-20240620,Claude 3.5 Sonnet,Anthropic,2024-06-21,,0.594,,2026-05-18T12:28:53.589759Z,https://api.zeroeval.com/leaderboard/models/full,llm_benchmarks,20260518T122853Z-d144d83d
gemma-2-27b-it,Gemma 2 27B,Google,2024-06-27,,,,2026-05-18T12:28:53.589759Z,https://api.zeroeval.com/leaderboard/models/full,llm_benchmarks,20260518T122853Z-d144d83d
gemma-2-9b-it,Gemma 2 9B,Google,2024-06-27,,,,2026-05-18T12:28:53.589759Z,https://api.zeroeval.com/leaderboard/models/full,llm_benchmarks,20260518T122853Z-d144d83d
gpt-4o-mini-2024-07-18,GPT-4o mini,OpenAI,2024-07-18,,0.402,0.087,2026-05-18T12:28:53.589759Z,https://api.zeroeval.com/leaderboard/models/full,llm_benchmarks,20260518T122853Z-d144d83d
mistral-nemo-instruct-2407,Mistral NeMo Instruct,Mistral AI,2024-07-18,,,,2026-05-18T12:28:53.589759Z,https://api.zeroeval.com/leaderboard/models/full,llm_benchmarks,20260518T122853Z-d144d83d
llama-3.1-405b-instruct,Llama 3.1 405B Instruct,Meta,2024-07-23,,0.507,,2026-05-18T12:28:53.589759Z,https://api.zeroeval.com/leaderboard/models/full,llm_benchmarks,20260518T122853Z-d144d83d
llama-3.1-70b-instruct,Llama 3.1 70B Instruct,Meta,2024-07-23,,0.417,,2026-05-18T12:28:53.589759Z,https://api.zeroeval.com/leaderboard/models/full,llm_benchmarks,20260518T122853Z-d144d83d
llama-3.1-8b-instruct,Llama 3.1 8B Instruct,Meta,2024-07-23,,0.304,,2026-05-18T12:28:53.589759Z,https://api.zeroeval.com/leaderboard/models/full,llm_benchmarks,20260518T122853Z-d144d83d
qwen2-72b-instruct,Qwen2 72B Instruct,Alibaba Cloud / Qwen Team,2024-07-23,,0.424,,2026-05-18T12:28:53.589759Z,https://api.zeroeval.com/leaderboard/models/full,llm_benchmarks,20260518T122853Z-d144d83d
qwen2-7b-instruct,Qwen2 7B Instruct,Alibaba Cloud / Qwen Team,2024-07-23,,0.253,,2026-05-18T12:28:53.589759Z,https://api.zeroeval.com/leaderboard/models/full,llm_benchmarks,20260518T122853Z-d144d83d
mistral-large-2-2407,Mistral Large 2,Mistral AI,2024-07-24,,,,2026-05-18T12:28:53.589759Z,https://api.zeroeval.com/leaderboard/models/full,llm_benchmarks,20260518T122853Z-d144d83d
gpt-4o-2024-08-06,GPT-4o,OpenAI,2024-08-06,128000.0,0.701,0.332,2026-05-18T12:28:53.589759Z,https://api.zeroeval.com/leaderboard/models/full,llm_benchmarks,20260518T122853Z-d144d83d
grok-2,Grok-2,xAI,2024-08-13,,0.56,,2026-05-18T12:28:53.589759Z,https://api.zeroeval.com/leaderboard/models/full,llm_benchmarks,20260518T122853Z-d144d83d
grok-2-mini,Grok-2 mini,xAI,2024-08-13,,0.51,,2026-05-18T12:28:53.589759Z,https://api.zeroeval.com/leaderboard/models/full,llm_benchmarks,20260518T122853Z-d144d83d
hermes-3-70b,Hermes 3 70B,Nous Research,2024-08-15,,0.661,,2026-05-18T12:28:53.589759Z,https://api.zeroeval.com/leaderboard/models/full,llm_benchmarks,20260518T122853Z-d144d83d
jamba-1.5-large,Jamba 1.5 Large,AI21 Labs,2024-08-22,,0.369,,2026-05-18T12:28:53.589759Z,https://api.zeroeval.com/leaderboard/models/full,llm_benchmarks,20260518T122853Z-d144d83d
jamba-1.5-mini,Jamba 1.5 Mini,AI21 Labs,2024-08-22,,0.323,,2026-05-18T12:28:53.589759Z,https://api.zeroeval.com/leaderboard/models/full,llm_benchmarks,20260518T122853Z-d144d83d
phi-3.5-mini-instruct,Phi-3.5-mini-instruct,Microsoft,2024-08-23,,0.304,,2026-05-18T12:28:53.589759Z,https://api.zeroeval.com/leaderboard/models/full,llm_benchmarks,20260518T122853Z-d144d83d
phi-3.5-moe-instruct,Phi-3.5-MoE-instruct,Microsoft,2024-08-23,,0.368,,2026-05-18T12:28:53.589759Z,https://api.zeroeval.com/leaderboard/models/full,llm_benchmarks,20260518T122853Z-d144d83d
phi-3.5-vision-instruct,Phi-3.5-vision-instruct,Microsoft,2024-08-23,,,,2026-05-18T12:28:53.589759Z,https://api.zeroeval.com/leaderboard/models/full,llm_benchmarks,20260518T122853Z-d144d83d
qwen2-vl-72b,Qwen2-VL-72B-Instruct,Alibaba Cloud / Qwen Team,2024-08-29,,,,2026-05-18T12:28:53.589759Z,https://api.zeroeval.com/leaderboard/models/full,llm_benchmarks,20260518T122853Z-d144d83d
command-r-plus-04-2024,Command R+,Cohere,2024-08-30,,,,2026-05-18T12:28:53.589759Z,https://api.zeroeval.com/leaderboard/models/full,llm_benchmarks,20260518T122853Z-d144d83d
o1-mini,o1-mini,OpenAI,2024-09-12,,0.6,,2026-05-18T12:28:53.589759Z,https://api.zeroeval.com/leaderboard/models/full,llm_benchmarks,20260518T122853Z-d144d83d
o1-preview,o1-preview,OpenAI,2024-09-12,,0.733,0.413,2026-05-18T12:28:53.589759Z,https://api.zeroeval.com/leaderboard/models/full,llm_benchmarks,20260518T122853Z-d144d83d
mistral-small-2409,Mistral Small,Mistral AI,2024-09-17,,,,2026-05-18T12:28:53.589759Z,https://api.zeroeval.com/leaderboard/models/full,llm_benchmarks,20260518T122853Z-d144d83d
pixtral-12b-2409,Pixtral-12B,Mistral AI,2024-09-17,,,,2026-05-18T12:28:53.589759Z,https://api.zeroeval.com/leaderboard/models/full,llm_benchmarks,20260518T122853Z-d144d83d
qwen-2.5-14b-instruct,Qwen2.5 14B Instruct,Alibaba Cloud / Qwen Team,2024-09-19,,0.455,,2026-05-18T12:28:53.589759Z,https://api.zeroeval.com/leaderboard/models/full,llm_benchmarks,20260518T122853Z-d144d83d
qwen-2.5-32b-instruct,Qwen2.5 32B Instruct,Alibaba Cloud / Qwen Team,2024-09-19,,0.495,,2026-05-18T12:28:53.589759Z,https://api.zeroeval.com/leaderboard/models/full,llm_benchmarks,20260518T122853Z-d144d83d
qwen-2.5-72b-instruct,Qwen2.5 72B Instruct,Alibaba Cloud / Qwen Team,2024-09-19,,0.49,,2026-05-18T12:28:53.589759Z,https://api.zeroeval.com/leaderboard/models/full,llm_benchmarks,20260518T122853Z-d144d83d
qwen-2.5-7b-instruct,Qwen2.5 7B Instruct,Alibaba Cloud / Qwen Team,2024-09-19,,0.364,,2026-05-18T12:28:53.589759Z,https://api.zeroeval.com/leaderboard/models/full,llm_benchmarks,20260518T122853Z-d144d83d
qwen-2.5-coder-32b-instruct,Qwen2.5-Coder 32B Instruct,Alibaba Cloud / Qwen Team,2024-09-19,,,,2026-05-18T12:28:53.589759Z,https://api.zeroeval.com/leaderboard/models/full,llm_benchmarks,20260518T122853Z-d144d83d
qwen-2.5-coder-7b-instruct,Qwen2.5-Coder 7B Instruct,Alibaba Cloud / Qwen Team,2024-09-19,,,,2026-05-18T12:28:53.589759Z,https://api.zeroeval.com/leaderboard/models/full,llm_benchmarks,20260518T122853Z-d144d83d
llama-3.2-11b-instruct,Llama 3.2 11B Instruct,Meta,2024-09-25,,0.328,,2026-05-18T12:28:53.589759Z,https://api.zeroeval.com/leaderboard/models/full,llm_benchmarks,20260518T122853Z-d144d83d
llama-3.2-3b-instruct,Llama 3.2 3B Instruct,Meta,2024-09-25,,0.328,,2026-05-18T12:28:53.589759Z,https://api.zeroeval.com/leaderboard/models/full,llm_benchmarks,20260518T122853Z-d144d83d
llama-3.2-90b-instruct,Llama 3.2 90B Instruct,Meta,2024-09-25,,0.467,,2026-05-18T12:28:53.589759Z,https://api.zeroeval.com/leaderboard/models/full,llm_benchmarks,20260518T122853Z-d144d83d
llama-3.1-nemotron-70b-instruct,Llama 3.1 Nemotron 70B Instruct,NVIDIA,2024-10-01,,,,2026-05-18T12:28:53.589759Z,https://api.zeroeval.com/leaderboard/models/full,llm_benchmarks,20260518T122853Z-d144d83d
ministral-8b-instruct-2410,Ministral 8B Instruct,Mistral AI,2024-10-16,,,,2026-05-18T12:28:53.589759Z,https://api.zeroeval.com/leaderboard/models/full,llm_benchmarks,20260518T122853Z-d144d83d
claude-3-5-haiku-20241022,Claude 3.5 Haiku,Anthropic,2024-10-22,,0.416,0.406,2026-05-18T12:28:53.589759Z,https://api.zeroeval.com/leaderboard/models/full,llm_benchmarks,20260518T122853Z-d144d83d
claude-3-5-sonnet-20241022,Claude 3.5 Sonnet,Anthropic,2024-10-22,,0.672,0.49,2026-05-18T12:28:53.589759Z,https://api.zeroeval.com/leaderboard/models/full,llm_benchmarks,20260518T122853Z-d144d83d
pixtral-large,Pixtral Large,Mistral AI,2024-11-18,,,,2026-05-18T12:28:53.589759Z,https://api.zeroeval.com/leaderboard/models/full,llm_benchmarks,20260518T122853Z-d144d83d
nova-lite,Nova Lite,Amazon,2024-11-20,,0.42,,2026-05-18T12:28:53.589759Z,https://api.zeroeval.com/leaderboard/models/full,llm_benchmarks,20260518T122853Z-d144d83d
nova-micro,Nova Micro,Amazon,2024-11-20,,0.4,,2026-05-18T12:28:53.589759Z,https://api.zeroeval.com/leaderboard/models/full,llm_benchmarks,20260518T122853Z-d144d83d
nova-pro,Nova Pro,Amazon,2024-11-20,,0.469,,2026-05-18T12:28:53.589759Z,https://api.zeroeval.com/leaderboard/models/full,llm_benchmarks,20260518T122853Z-d144d83d
qwq-32b-preview,QwQ-32B-Preview,Alibaba Cloud / Qwen Team,2024-11-28,,0.652,,2026-05-18T12:28:53.589759Z,https://api.zeroeval.com/leaderboard/models/full,llm_benchmarks,20260518T122853Z-d144d83d
gemini-2.0-flash,Gemini 2.0 Flash,Google,2024-12-01,,0.621,,2026-05-18T12:28:53.589759Z,https://api.zeroeval.com/leaderboard/models/full,llm_benchmarks,20260518T122853Z-d144d83d
llama-3.3-70b-instruct,Llama 3.3 70B Instruct,Meta,2024-12-06,,0.505,,2026-05-18T12:28:53.589759Z,https://api.zeroeval.com/leaderboard/models/full,llm_benchmarks,20260518T122853Z-d144d83d
grok-2-image-1212,Grok-2 Image 1212,xAI,2024-12-12,,,,2026-05-18T12:28:53.589759Z,https://api.zeroeval.com/leaderboard/models/full,llm_benchmarks,20260518T122853Z-d144d83d
phi-4,Phi 4,Microsoft,2024-12-12,,0.561,,2026-05-18T12:28:53.589759Z,https://api.zeroeval.com/leaderboard/models/full,llm_benchmarks,20260518T122853Z-d144d83d
deepseek-vl2,DeepSeek VL2,DeepSeek,2024-12-13,,,,2026-05-18T12:28:53.589759Z,https://api.zeroeval.com/leaderboard/models/full,llm_benchmarks,20260518T122853Z-d144d83d
deepseek-vl2-small,DeepSeek VL2 Small,DeepSeek,2024-12-13,,,,2026-05-18T12:28:53.589759Z,https://api.zeroeval.com/leaderboard/models/full,llm_benchmarks,20260518T122853Z-d144d83d
deepseek-vl2-tiny,DeepSeek VL2 Tiny,DeepSeek,2024-12-13,,,,2026-05-18T12:28:53.589759Z,https://api.zeroeval.com/leaderboard/models/full,llm_benchmarks,20260518T122853Z-d144d83d
o1-2024-12-17,o1,OpenAI,2024-12-17,,0.78,0.41,2026-05-18T12:28:53.589759Z,https://api.zeroeval.com/leaderboard/models/full,llm_benchmarks,20260518T122853Z-d144d83d
o1-pro,o1-pro,OpenAI,2024-12-17,,0.79,,2026-05-18T12:28:53.589759Z,https://api.zeroeval.com/leaderboard/models/full,llm_benchmarks,20260518T122853Z-d144d83d
deepseek-v3,DeepSeek-V3,DeepSeek,2024-12-25,,0.591,0.42,2026-05-18T12:28:53.589759Z,https://api.zeroeval.com/leaderboard/models/full,llm_benchmarks,20260518T122853Z-d144d83d
qvq-72b-preview,QvQ-72B-Preview,Alibaba Cloud / Qwen Team,2024-12-25,,,,2026-05-18T12:28:53.589759Z,https://api.zeroeval.com/leaderboard/models/full,llm_benchmarks,20260518T122853Z-d144d83d
qwen3-coder,Qwen3-Coder,Alibaba Cloud / Qwen Team,2025-01-01,,,,2026-05-18T12:28:53.589759Z,https://api.zeroeval.com/leaderboard/models/full,llm_benchmarks,20260518T122853Z-d144d83d
deepseek-v3.1,DeepSeek-V3.1,DeepSeek,2025-01-10,,0.749,0.66,2026-05-18T12:28:53.589759Z,https://api.zeroeval.com/leaderboard/models/full,llm_benchmarks,20260518T122853Z-d144d83d
deepseek-r1,DeepSeek-R1,DeepSeek,2025-01-20,,,,2026-05-18T12:28:53.589759Z,https://api.zeroeval.com/leaderboard/models/full,llm_benchmarks,20260518T122853Z-d144d83d
deepseek-r1-distill-llama-70b,DeepSeek R1 Distill Llama 70B,DeepSeek,2025-01-20,,0.652,,2026-05-18T12:28:53.589759Z,https://api.zeroeval.com/leaderboard/models/full,llm_benchmarks,20260518T122853Z-d144d83d
deepseek-r1-distill-llama-8b,DeepSeek R1 Distill Llama 8B,DeepSeek,2025-01-20,,0.49,,2026-05-18T12:28:53.589759Z,https://api.zeroeval.com/leaderboard/models/full,llm_benchmarks,20260518T122853Z-d144d83d
deepseek-r1-distill-qwen-1.5b,DeepSeek R1 Distill Qwen 1.5B,DeepSeek,2025-01-20,,0.338,,2026-05-18T12:28:53.589759Z,https://api.zeroeval.com/leaderboard/models/full,llm_benchmarks,20260518T122853Z-d144d83d
deepseek-r1-distill-qwen-14b,DeepSeek R1 Distill Qwen 14B,DeepSeek,2025-01-20,,0.591,,2026-05-18T12:28:53.589759Z,https://api.zeroeval.com/leaderboard/models/full,llm_benchmarks,20260518T122853Z-d144d83d
deepseek-r1-distill-qwen-32b,DeepSeek R1 Distill Qwen 32B,DeepSeek,2025-01-20,,0.621,,2026-05-18T12:28:53.589759Z,https://api.zeroeval.com/leaderboard/models/full,llm_benchmarks,20260518T122853Z-d144d83d
deepseek-r1-distill-qwen-7b,DeepSeek R1 Distill Qwen 7B,DeepSeek,2025-01-20,,0.491,,2026-05-18T12:28:53.589759Z,https://api.zeroeval.com/leaderboard/models/full,llm_benchmarks,20260518T122853Z-d144d83d
deepseek-r1-zero,DeepSeek R1 Zero,DeepSeek,2025-01-20,,0.733,,2026-05-18T12:28:53.589759Z,https://api.zeroeval.com/leaderboard/models/full,llm_benchmarks,20260518T122853Z-d144d83d
kimi-k1.5,Kimi-k1.5,Moonshot AI,2025-01-20,,,,2026-05-18T12:28:53.589759Z,https://api.zeroeval.com/leaderboard/models/full,llm_benchmarks,20260518T122853Z-d144d83d
gemini-2.0-flash-thinking,Gemini 2.0 Flash Thinking,Google,2025-01-21,,0.742,,2026-05-18T12:28:53.589759Z,https://api.zeroeval.com/leaderboard/models/full,llm_benchmarks,20260518T122853Z-d144d83d
qwen2.5-vl-72b,Qwen2.5 VL 72B Instruct,Alibaba Cloud / Qwen Team,2025-01-26,,,,2026-05-18T12:28:53.589759Z,https://api.zeroeval.com/leaderboard/models/full,llm_benchmarks,20260518T122853Z-d144d83d
qwen2.5-vl-7b,Qwen2.5 VL 7B Instruct,Alibaba Cloud / Qwen Team,2025-01-26,,,,2026-05-18T12:28:53.589759Z,https://api.zeroeval.com/leaderboard/models/full,llm_benchmarks,20260518T122853Z-d144d83d
mistral-small-24b-base-2501,Mistral Small 3 24B Base,Mistral AI,2025-01-30,,0.3437,,2026-05-18T12:28:53.589759Z,https://api.zeroeval.com/leaderboard/models/full,llm_benchmarks,20260518T122853Z-d144d83d
mistral-small-24b-instruct-2501,Mistral Small 3 24B Instruct,Mistral AI,2025-01-30,,0.453,,2026-05-18T12:28:53.589759Z,https://api.zeroeval.com/leaderboard/models/full,llm_benchmarks,20260518T122853Z-d144d83d
o3-mini,o3-mini,OpenAI,2025-01-30,,0.772,0.493,2026-05-18T12:28:53.589759Z,https://api.zeroeval.com/leaderboard/models/full,llm_benchmarks,20260518T122853Z-d144d83d
qwen3-coder-480b-a35b-instruct,Qwen3-Coder 480B A35B Instruct,Alibaba Cloud / Qwen Team,2025-01-31,,,0.696,2026-05-18T12:28:53.589759Z,https://api.zeroeval.com/leaderboard/models/full,llm_benchmarks,20260518T122853Z-d144d83d
phi-4-mini,Phi 4 Mini,Microsoft,2025-02-01,,0.252,,2026-05-18T12:28:53.589759Z,https://api.zeroeval.com/leaderboard/models/full,llm_benchmarks,20260518T122853Z-d144d83d
phi-4-multimodal-instruct,Phi-4-multimodal-instruct,Microsoft,2025-02-01,,,,2026-05-18T12:28:53.589759Z,https://api.zeroeval.com/leaderboard/models/full,llm_benchmarks,20260518T122853Z-d144d83d
gemini-2.0-flash-lite,Gemini 2.0 Flash-Lite,Google,2025-02-05,,0.515,,2026-05-18T12:28:53.589759Z,https://api.zeroeval.com/leaderboard/models/full,llm_benchmarks,20260518T122853Z-d144d83d
grok-3,Grok-3,xAI,2025-02-17,128000.0,0.846,,2026-05-18T12:28:53.589759Z,https://api.zeroeval.com/leaderboard/models/full,llm_benchmarks,20260518T122853Z-d144d83d
grok-3-mini,Grok-3 Mini,xAI,2025-02-17,,0.84,,2026-05-18T12:28:53.589759Z,https://api.zeroeval.com/leaderboard/models/full,llm_benchmarks,20260518T122853Z-d144d83d
claude-3-7-sonnet-20250219,Claude 3.7 Sonnet,Anthropic,2025-02-24,,0.848,0.703,2026-05-18T12:28:53.589759Z,https://api.zeroeval.com/leaderboard/models/full,llm_benchmarks,20260518T122853Z-d144d83d
gpt-4.5,GPT-4.5,OpenAI,2025-02-27,,0.695,0.38,2026-05-18T12:28:53.589759Z,https://api.zeroeval.com/leaderboard/models/full,llm_benchmarks,20260518T122853Z-d144d83d
qwen2.5-vl-32b,Qwen2.5 VL 32B Instruct,Alibaba Cloud / Qwen Team,2025-02-28,,0.46,,2026-05-18T12:28:53.589759Z,https://api.zeroeval.com/leaderboard/models/full,llm_benchmarks,20260518T122853Z-d144d83d
qwq-32b,QwQ-32B,Alibaba Cloud / Qwen Team,2025-03-05,,0.652,,2026-05-18T12:28:53.589759Z,https://api.zeroeval.com/leaderboard/models/full,llm_benchmarks,20260518T122853Z-d144d83d
gemma-3-12b-it,Gemma 3 12B,Google,2025-03-12,,0.409,,2026-05-18T12:28:53.589759Z,https://api.zeroeval.com/leaderboard/models/full,llm_benchmarks,20260518T122853Z-d144d83d
gemma-3-1b-it,Gemma 3 1B,Google,2025-03-12,,0.192,,2026-05-18T12:28:53.589759Z,https://api.zeroeval.com/leaderboard/models/full,llm_benchmarks,20260518T122853Z-d144d83d
gemma-3-27b-it,Gemma 3 27B,Google,2025-03-12,,0.424,,2026-05-18T12:28:53.589759Z,https://api.zeroeval.com/leaderboard/models/full,llm_benchmarks,20260518T122853Z-d144d83d
gemma-3-4b-it,Gemma 3 4B,Google,2025-03-12,,0.308,,2026-05-18T12:28:53.589759Z,https://api.zeroeval.com/leaderboard/models/full,llm_benchmarks,20260518T122853Z-d144d83d
mistral-small-3.1-24b-base-2503,Mistral Small 3.1 24B Base,Mistral AI,2025-03-17,,0.375,,2026-05-18T12:28:53.589759Z,https://api.zeroeval.com/leaderboard/models/full,llm_benchmarks,20260518T122853Z-d144d83d
mistral-small-3.1-24b-instruct-2503,Mistral Small 3.1 24B Instruct,Mistral AI,2025-03-17,,0.4596,,2026-05-18T12:28:53.589759Z,https://api.zeroeval.com/leaderboard/models/full,llm_benchmarks,20260518T122853Z-d144d83d
llama-3.1-nemotron-nano-8b-v1,Llama 3.1 Nemotron Nano 8B V1,NVIDIA,2025-03-18,,0.541,,2026-05-18T12:28:53.589759Z,https://api.zeroeval.com/leaderboard/models/full,llm_benchmarks,20260518T122853Z-d144d83d
llama-3.3-nemotron-super-49b-v1,Llama-3.3 Nemotron Super 49B v1,NVIDIA,2025-03-18,,0.6667,,2026-05-18T12:28:53.589759Z,https://api.zeroeval.com/leaderboard/models/full,llm_benchmarks,20260518T122853Z-d144d83d
deepseek-v3-0324,DeepSeek-V3 0324,DeepSeek,2025-03-25,163840.0,0.684,,2026-05-18T12:28:53.589759Z,https://api.zeroeval.com/leaderboard/models/full,llm_benchmarks,20260518T122853Z-d144d83d
qwen2.5-omni-7b,Qwen2.5-Omni-7B,Alibaba Cloud / Qwen Team,2025-03-27,,0.308,,2026-05-18T12:28:53.589759Z,https://api.zeroeval.com/leaderboard/models/full,llm_benchmarks,20260518T122853Z-d144d83d
llama-4-maverick,Llama 4 Maverick,Meta,2025-04-05,,0.698,,2026-05-18T12:28:53.589759Z,https://api.zeroeval.com/leaderboard/models/full,llm_benchmarks,20260518T122853Z-d144d83d
llama-4-scout,Llama 4 Scout,Meta,2025-04-05,,0.572,,2026-05-18T12:28:53.589759Z,https://api.zeroeval.com/leaderboard/models/full,llm_benchmarks,20260518T122853Z-d144d83d
llama-3.1-nemotron-ultra-253b-v1,Llama 3.1 Nemotron Ultra 253B v1,NVIDIA,2025-04-07,,0.7601,,2026-05-18T12:28:53.589759Z,https://api.zeroeval.com/leaderboard/models/full,llm_benchmarks,20260518T122853Z-d144d83d
gpt-4.1-2025-04-14,GPT-4.1,OpenAI,2025-04-14,1047576.0,0.663,0.546,2026-05-18T12:28:53.589759Z,https://api.zeroeval.com/leaderboard/models/full,llm_benchmarks,20260518T122853Z-d144d83d
gpt-4.1-mini-2025-04-14,GPT-4.1 mini,OpenAI,2025-04-14,1047576.0,0.65,0.236,2026-05-18T12:28:53.589759Z,https://api.zeroeval.com/leaderboard/models/full,llm_benchmarks,20260518T122853Z-d144d83d
gpt-4.1-nano-2025-04-14,GPT-4.1 nano,OpenAI,2025-04-14,1047576.0,0.503,,2026-05-18T12:28:53.589759Z,https://api.zeroeval.com/leaderboard/models/full,llm_benchmarks,20260518T122853Z-d144d83d
granite-3.3-8b-base,Granite 3.3 8B Base,IBM,2025-04-16,,,,2026-05-18T12:28:53.589759Z,https://api.zeroeval.com/leaderboard/models/full,llm_benchmarks,20260518T122853Z-d144d83d
granite-3.3-8b-instruct,Granite 3.3 8B Instruct,IBM,2025-04-16,,,,2026-05-18T12:28:53.589759Z,https://api.zeroeval.com/leaderboard/models/full,llm_benchmarks,20260518T122853Z-d144d83d
o3-2025-04-16,o3,OpenAI,2025-04-16,,0.833,0.691,2026-05-18T12:28:53.589759Z,https://api.zeroeval.com/leaderboard/models/full,llm_benchmarks,20260518T122853Z-d144d83d
o4-mini,o4-mini,OpenAI,2025-04-16,,0.814,0.681,2026-05-18T12:28:53.589759Z,https://api.zeroeval.com/leaderboard/models/full,llm_benchmarks,20260518T122853Z-d144d83d
qwen3-235b-a22b,Qwen3 235B A22B,Alibaba Cloud / Qwen Team,2025-04-29,,0.4747,,2026-05-18T12:28:53.589759Z,https://api.zeroeval.com/leaderboard/models/full,llm_benchmarks,20260518T122853Z-d144d83d
qwen3-30b-a3b,Qwen3 30B A3B,Alibaba Cloud / Qwen Team,2025-04-29,128000.0,0.658,,2026-05-18T12:28:53.589759Z,https://api.zeroeval.com/leaderboard/models/full,llm_benchmarks,20260518T122853Z-d144d83d
qwen3-32b,Qwen3 32B,Alibaba Cloud / Qwen Team,2025-04-29,128000.0,,,2026-05-18T12:28:53.589759Z,https://api.zeroeval.com/leaderboard/models/full,llm_benchmarks,20260518T122853Z-d144d83d
phi-4-mini-reasoning,Phi 4 Mini Reasoning,Microsoft,2025-04-30,,0.52,,2026-05-18T12:28:53.589759Z,https://api.zeroeval.com/leaderboard/models/full,llm_benchmarks,20260518T122853Z-d144d83d
phi-4-reasoning,Phi 4 Reasoning,Microsoft,2025-04-30,,0.658,,2026-05-18T12:28:53.589759Z,https://api.zeroeval.com/leaderboard/models/full,llm_benchmarks,20260518T122853Z-d144d83d
phi-4-reasoning-plus,Phi 4 Reasoning Plus,Microsoft,2025-04-30,,0.689,,2026-05-18T12:28:53.589759Z,https://api.zeroeval.com/leaderboard/models/full,llm_benchmarks,20260518T122853Z-d144d83d
granite-4.0-tiny-preview,IBM Granite 4.0 Tiny Preview,IBM,2025-05-02,,,,2026-05-18T12:28:53.589759Z,https://api.zeroeval.com/leaderboard/models/full,llm_benchmarks,20260518T122853Z-d144d83d
gemini-2.5-flash,Gemini 2.5 Flash,Google,2025-05-20,1048576.0,0.828,0.604,2026-05-18T12:28:53.589759Z,https://api.zeroeval.com/leaderboard/models/full,llm_benchmarks,20260518T122853Z-d144d83d
gemini-2.5-pro,Gemini 2.5 Pro,Google,2025-05-20,1048576.0,0.83,0.632,2026-05-18T12:28:53.589759Z,https://api.zeroeval.com/leaderboard/models/full,llm_benchmarks,20260518T122853Z-d144d83d
gemini-diffusion,Gemini Diffusion,Google,2025-05-20,,0.404,0.229,2026-05-18T12:28:53.589759Z,https://api.zeroeval.com/leaderboard/models/full,llm_benchmarks,20260518T122853Z-d144d83d
gemma-3n-e2b-it-litert-preview,Gemma 3n E2B Instructed LiteRT (Preview),Google,2025-05-20,,0.248,,2026-05-18T12:28:53.589759Z,https://api.zeroeval.com/leaderboard/models/full,llm_benchmarks,20260518T122853Z-d144d83d
gemma-3n-e4b-it-litert-preview,Gemma 3n E4B Instructed LiteRT Preview,Google,2025-05-20,,0.237,,2026-05-18T12:28:53.589759Z,https://api.zeroeval.com/leaderboard/models/full,llm_benchmarks,20260518T122853Z-d144d83d
medgemma-4b-it,MedGemma 4B IT,Google,2025-05-20,,,,2026-05-18T12:28:53.589759Z,https://api.zeroeval.com/leaderboard/models/full,llm_benchmarks,20260518T122853Z-d144d83d
claude-opus-4-20250514,Claude Opus 4,Anthropic,2025-05-22,,0.796,0.725,2026-05-18T12:28:53.589759Z,https://api.zeroeval.com/leaderboard/models/full,llm_benchmarks,20260518T122853Z-d144d83d
claude-sonnet-4-20250514,Claude Sonnet 4,Anthropic,2025-05-22,,0.754,0.727,2026-05-18T12:28:53.589759Z,https://api.zeroeval.com/leaderboard/models/full,llm_benchmarks,20260518T122853Z-d144d83d
deepseek-r1-0528,DeepSeek-R1-0528,DeepSeek,2025-05-28,131072.0,0.81,0.446,2026-05-18T12:28:53.589759Z,https://api.zeroeval.com/leaderboard/models/full,llm_benchmarks,20260518T122853Z-d144d83d
gemini-2.5-pro-preview-06-05,Gemini 2.5 Pro Preview 06-05,Google,2025-06-05,,0.864,0.672,2026-05-18T12:28:53.589759Z,https://api.zeroeval.com/leaderboard/models/full,llm_benchmarks,20260518T122853Z-d144d83d
magistral-medium,Magistral Medium,Mistral AI,2025-06-10,,0.708,,2026-05-18T12:28:53.589759Z,https://api.zeroeval.com/leaderboard/models/full,llm_benchmarks,20260518T122853Z-d144d83d
magistral-small-2506,Magistral Small 2506,Mistral AI,2025-06-10,,0.6818,,2026-05-18T12:28:53.589759Z,https://api.zeroeval.com/leaderboard/models/full,llm_benchmarks,20260518T122853Z-d144d83d
o3-pro-2025-06-10,o3-pro,OpenAI,2025-06-10,,,,2026-05-18T12:28:53.589759Z,https://api.zeroeval.com/leaderboard/models/full,llm_benchmarks,20260518T122853Z-d144d83d
minimax-m1-40k,MiniMax M1 40K,MiniMax,2025-06-16,,0.692,0.556,2026-05-18T12:28:53.589759Z,https://api.zeroeval.com/leaderboard/models/full,llm_benchmarks,20260518T122853Z-d144d83d
minimax-m1-80k,MiniMax M1 80K,MiniMax,2025-06-16,,0.7,0.56,2026-05-18T12:28:53.589759Z,https://api.zeroeval.com/leaderboard/models/full,llm_benchmarks,20260518T122853Z-d144d83d
gemini-2.5-flash-lite,Gemini 2.5 Flash-Lite,Google,2025-06-17,,0.646,0.316,2026-05-18T12:28:53.589759Z,https://api.zeroeval.com/leaderboard/models/full,llm_benchmarks,20260518T122853Z-d144d83d
mistral-small-3.2-24b-instruct-2506,Mistral Small 3.2 24B Instruct,Mistral AI,2025-06-20,,0.4613,,2026-05-18T12:28:53.589759Z,https://api.zeroeval.com/leaderboard/models/full,llm_benchmarks,20260518T122853Z-d144d83d
ernie-4.5,ERNIE 4.5,Baidu,2025-06-25,,0.74,,2026-05-18T12:28:53.589759Z,https://api.zeroeval.com/leaderboard/models/full,llm_benchmarks,20260518T122853Z-d144d83d
gemma-3n-e2b,Gemma 3n E2B,Google,2025-06-26,,,,2026-05-18T12:28:53.589759Z,https://api.zeroeval.com/leaderboard/models/full,llm_benchmarks,20260518T122853Z-d144d83d
gemma-3n-e2b-it,Gemma 3n E2B Instructed,Google,2025-06-26,,0.248,,2026-05-18T12:28:53.589759Z,https://api.zeroeval.com/leaderboard/models/full,llm_benchmarks,20260518T122853Z-d144d83d
gemma-3n-e4b,Gemma 3n E4B,Google,2025-06-26,,,,2026-05-18T12:28:53.589759Z,https://api.zeroeval.com/leaderboard/models/full,llm_benchmarks,20260518T122853Z-d144d83d
gemma-3n-e4b-it,Gemma 3n E4B Instructed,Google,2025-06-26,,0.237,,2026-05-18T12:28:53.589759Z,https://api.zeroeval.com/leaderboard/models/full,llm_benchmarks,20260518T122853Z-d144d83d
grok-4,Grok-4,xAI,2025-07-09,,0.875,,2026-05-18T12:28:53.589759Z,https://api.zeroeval.com/leaderboard/models/full,llm_benchmarks,20260518T122853Z-d144d83d
devstral-medium-2507,Devstral Medium,Mistral AI,2025-07-10,,,0.616,2026-05-18T12:28:53.589759Z,https://api.zeroeval.com/leaderboard/models/full,llm_benchmarks,20260518T122853Z-d144d83d
devstral-small-2507,Devstral Small 1.1,Mistral AI,2025-07-11,,,0.536,2026-05-18T12:28:53.589759Z,https://api.zeroeval.com/leaderboard/models/full,llm_benchmarks,20260518T122853Z-d144d83d
kimi-k2-base,Kimi K2 Base,Moonshot AI,2025-07-11,,0.481,,2026-05-18T12:28:53.589759Z,https://api.zeroeval.com/leaderboard/models/full,llm_benchmarks,20260518T122853Z-d144d83d
kimi-k2-instruct,Kimi K2 Instruct,Moonshot AI,2025-07-11,,0.751,,2026-05-18T12:28:53.589759Z,https://api.zeroeval.com/leaderboard/models/full,llm_benchmarks,20260518T122853Z-d144d83d
qwen3-235b-a22b-instruct-2507,Qwen3-235B-A22B-Instruct-2507,Alibaba Cloud / Qwen Team,2025-07-22,,0.775,,2026-05-18T12:28:53.589759Z,https://api.zeroeval.com/leaderboard/models/full,llm_benchmarks,20260518T122853Z-d144d83d
qwen3-235b-a22b-thinking-2507,Qwen3-235B-A22B-Thinking-2507,Alibaba Cloud / Qwen Team,2025-07-25,,0.811,,2026-05-18T12:28:53.589759Z,https://api.zeroeval.com/leaderboard/models/full,llm_benchmarks,20260518T122853Z-d144d83d
glm-4.5,GLM-4.5,Zhipu AI,2025-07-28,,0.791,0.642,2026-05-18T12:28:53.589759Z,https://api.zeroeval.com/leaderboard/models/full,llm_benchmarks,20260518T122853Z-d144d83d
glm-4.5-air,GLM-4.5-Air,Zhipu AI,2025-07-28,,0.75,0.576,2026-05-18T12:28:53.589759Z,https://api.zeroeval.com/leaderboard/models/full,llm_benchmarks,20260518T122853Z-d144d83d
claude-opus-4-1-20250805,Claude Opus 4.1,Anthropic,2025-08-05,,0.809,0.745,2026-05-18T12:28:53.589759Z,https://api.zeroeval.com/leaderboard/models/full,llm_benchmarks,20260518T122853Z-d144d83d
gpt-oss-120b,GPT OSS 120B,OpenAI,2025-08-05,131072.0,0.801,,2026-05-18T12:28:53.589759Z,https://api.zeroeval.com/leaderboard/models/full,llm_benchmarks,20260518T122853Z-d144d83d
gpt-oss-120b-high,GPT OSS 120B High,OpenAI,2025-08-05,131072.0,0.809,,2026-05-18T12:28:53.589759Z,https://api.zeroeval.com/leaderboard/models/full,llm_benchmarks,20260518T122853Z-d144d83d
gpt-oss-20b,GPT OSS 20B,OpenAI,2025-08-05,131072.0,0.715,,2026-05-18T12:28:53.589759Z,https://api.zeroeval.com/leaderboard/models/full,llm_benchmarks,20260518T122853Z-d144d83d
gpt-oss-20b-high,GPT OSS 20B High,OpenAI,2025-08-05,,0.742,,2026-05-18T12:28:53.589759Z,https://api.zeroeval.com/leaderboard/models/full,llm_benchmarks,20260518T122853Z-d144d83d
gpt-5-2025-08-07,GPT-5,OpenAI,2025-08-07,,0.857,0.749,2026-05-18T12:28:53.589759Z,https://api.zeroeval.com/leaderboard/models/full,llm_benchmarks,20260518T122853Z-d144d83d
gpt-5-high-2025-08-07,GPT-5 High,OpenAI,2025-08-07,,0.873,,2026-05-18T12:28:53.589759Z,https://api.zeroeval.com/leaderboard/models/full,llm_benchmarks,20260518T122853Z-d144d83d
gpt-5-medium-2025-08-07,GPT-5 Medium,OpenAI,2025-08-07,,0.881,,2026-05-18T12:28:53.589759Z,https://api.zeroeval.com/leaderboard/models/full,llm_benchmarks,20260518T122853Z-d144d83d
gpt-5-mini-2025-08-07,GPT-5 mini,OpenAI,2025-08-07,400000.0,0.823,,2026-05-18T12:28:53.589759Z,https://api.zeroeval.com/leaderboard/models/full,llm_benchmarks,20260518T122853Z-d144d83d
gpt-5-nano-2025-08-07,GPT-5 nano,OpenAI,2025-08-07,,0.712,,2026-05-18T12:28:53.589759Z,https://api.zeroeval.com/leaderboard/models/full,llm_benchmarks,20260518T122853Z-d144d83d
glm-4.5v,GLM-4.5V,Zhipu AI,2025-08-11,,,,2026-05-18T12:28:53.589759Z,https://api.zeroeval.com/leaderboard/models/full,llm_benchmarks,20260518T122853Z-d144d83d
nvidia-nemotron-nano-9b-v2,Nemotron Nano 9B v2,NVIDIA,2025-08-18,,0.64,,2026-05-18T12:28:53.589759Z,https://api.zeroeval.com/leaderboard/models/full,llm_benchmarks,20260518T122853Z-d144d83d
grok-4-fast,Grok 4 Fast,xAI,2025-08-28,2000000.0,0.857,,2026-05-18T12:28:53.589759Z,https://api.zeroeval.com/leaderboard/models/full,llm_benchmarks,20260518T122853Z-d144d83d
grok-4-fast-non-reasoning,Grok-4 Fast Non-Reasoning,xAI,2025-08-28,2000000.0,,,2026-05-18T12:28:53.589759Z,https://api.zeroeval.com/leaderboard/models/full,llm_benchmarks,20260518T122853Z-d144d83d
grok-4-fast-reasoning,Grok-4 Fast Reasoning,xAI,2025-08-28,2000000.0,,,2026-05-18T12:28:53.589759Z,https://api.zeroeval.com/leaderboard/models/full,llm_benchmarks,20260518T122853Z-d144d83d
grok-code-fast-1,Grok Code Fast 1,xAI,2025-08-28,256000.0,,0.708,2026-05-18T12:28:53.589759Z,https://api.zeroeval.com/leaderboard/models/full,llm_benchmarks,20260518T122853Z-d144d83d
longcat-flash-chat,LongCat-Flash-Chat,Meituan,2025-08-29,128000.0,0.7323,0.604,2026-05-18T12:28:53.589759Z,https://api.zeroeval.com/leaderboard/models/full,llm_benchmarks,20260518T122853Z-d144d83d
mistral-large-3-2509,Mistral Large 3,Mistral AI,2025-09-01,,,,2026-05-18T12:28:53.589759Z,https://api.zeroeval.com/leaderboard/models/full,llm_benchmarks,20260518T122853Z-d144d83d
kimi-k2-0905,Kimi K2 0905,Moonshot AI,2025-09-05,,0.758,,2026-05-18T12:28:53.589759Z,https://api.zeroeval.com/leaderboard/models/full,llm_benchmarks,20260518T122853Z-d144d83d
kimi-k2-instruct-0905,Kimi K2-Instruct-0905,Moonshot AI,2025-09-05,,0.751,0.658,2026-05-18T12:28:53.589759Z,https://api.zeroeval.com/leaderboard/models/full,llm_benchmarks,20260518T122853Z-d144d83d
kimi-k2-thinking-0905,Kimi K2-Thinking-0905,Moonshot AI,2025-09-05,,0.845,0.713,2026-05-18T12:28:53.589759Z,https://api.zeroeval.com/leaderboard/models/full,llm_benchmarks,20260518T122853Z-d144d83d
qwen3-next-80b-a3b-base,Qwen3-Next-80B-A3B-Base,Alibaba Cloud / Qwen Team,2025-09-10,,,,2026-05-18T12:28:53.589759Z,https://api.zeroeval.com/leaderboard/models/full,llm_benchmarks,20260518T122853Z-d144d83d
qwen3-next-80b-a3b-instruct,Qwen3-Next-80B-A3B-Instruct,Alibaba Cloud / Qwen Team,2025-09-10,,0.729,,2026-05-18T12:28:53.589759Z,https://api.zeroeval.com/leaderboard/models/full,llm_benchmarks,20260518T122853Z-d144d83d
qwen3-next-80b-a3b-thinking,Qwen3-Next-80B-A3B-Thinking,Alibaba Cloud / Qwen Team,2025-09-10,,0.772,,2026-05-18T12:28:53.589759Z,https://api.zeroeval.com/leaderboard/models/full,llm_benchmarks,20260518T122853Z-d144d83d
gpt-5-codex-2025-09-15,GPT-5 Codex,OpenAI,2025-09-15,,,0.745,2026-05-18T12:28:53.589759Z,https://api.zeroeval.com/leaderboard/models/full,llm_benchmarks,20260518T122853Z-d144d83d
longcat-flash-thinking,LongCat-Flash-Thinking,Meituan,2025-09-22,,0.815,0.594,2026-05-18T12:28:53.589759Z,https://api.zeroeval.com/leaderboard/models/full,llm_benchmarks,20260518T122853Z-d144d83d
qwen3-vl-235b-a22b-instruct,Qwen3 VL 235B A22B Instruct,Alibaba Cloud / Qwen Team,2025-09-22,262144.0,,,2026-05-18T12:28:53.589759Z,https://api.zeroeval.com/leaderboard/models/full,llm_benchmarks,20260518T122853Z-d144d83d
qwen3-vl-235b-a22b-thinking,Qwen3 VL 235B A22B Thinking,Alibaba Cloud / Qwen Team,2025-09-22,262144.0,,,2026-05-18T12:28:53.589759Z,https://api.zeroeval.com/leaderboard/models/full,llm_benchmarks,20260518T122853Z-d144d83d
qwen3-vl-30b-a3b-instruct,Qwen3 VL 30B A3B Instruct,Alibaba Cloud / Qwen Team,2025-09-22,,0.704,,2026-05-18T12:28:53.589759Z,https://api.zeroeval.com/leaderboard/models/full,llm_benchmarks,20260518T122853Z-d144d83d
qwen3-vl-30b-a3b-thinking,Qwen3 VL 30B A3B Thinking,Alibaba Cloud / Qwen Team,2025-09-22,,0.744,,2026-05-18T12:28:53.589759Z,https://api.zeroeval.com/leaderboard/models/full,llm_benchmarks,20260518T122853Z-d144d83d
qwen3-vl-32b-instruct,Qwen3 VL 32B Instruct,Alibaba Cloud / Qwen Team,2025-09-22,,0.689,,2026-05-18T12:28:53.589759Z,https://api.zeroeval.com/leaderboard/models/full,llm_benchmarks,20260518T122853Z-d144d83d
qwen3-vl-32b-thinking,Qwen3 VL 32B Thinking,Alibaba Cloud / Qwen Team,2025-09-22,,0.731,,2026-05-18T12:28:53.589759Z,https://api.zeroeval.com/leaderboard/models/full,llm_benchmarks,20260518T122853Z-d144d83d
qwen3-vl-4b-instruct,Qwen3 VL 4B Instruct,Alibaba Cloud / Qwen Team,2025-09-22,262144.0,,,2026-05-18T12:28:53.589759Z,https://api.zeroeval.com/leaderboard/models/full,llm_benchmarks,20260518T122853Z-d144d83d
qwen3-vl-4b-thinking,Qwen3 VL 4B Thinking,Alibaba Cloud / Qwen Team,2025-09-22,262144.0,0.641,,2026-05-18T12:28:53.589759Z,https://api.zeroeval.com/leaderboard/models/full,llm_benchmarks,20260518T122853Z-d144d83d
qwen3-vl-8b-instruct,Qwen3 VL 8B Instruct,Alibaba Cloud / Qwen Team,2025-09-22,262144.0,,,2026-05-18T12:28:53.589759Z,https://api.zeroeval.com/leaderboard/models/full,llm_benchmarks,20260518T122853Z-d144d83d
qwen3-vl-8b-thinking,Qwen3 VL 8B Thinking,Alibaba Cloud / Qwen Team,2025-09-22,262144.0,0.699,,2026-05-18T12:28:53.589759Z,https://api.zeroeval.com/leaderboard/models/full,llm_benchmarks,20260518T122853Z-d144d83d
claude-sonnet-4-5-20250929,Claude Sonnet 4.5,Anthropic,2025-09-29,200000.0,0.834,,2026-05-18T12:28:53.589759Z,https://api.zeroeval.com/leaderboard/models/full,llm_benchmarks,20260518T122853Z-d144d83d
deepseek-v3.2-exp,DeepSeek-V3.2-Exp,DeepSeek,2025-09-29,,0.799,0.678,2026-05-18T12:28:53.589759Z,https://api.zeroeval.com/leaderboard/models/full,llm_benchmarks,20260518T122853Z-d144d83d
glm-4.6,GLM-4.6,Zhipu AI,2025-09-30,,0.81,0.68,2026-05-18T12:28:53.589759Z,https://api.zeroeval.com/leaderboard/models/full,llm_benchmarks,20260518T122853Z-d144d83d
claude-haiku-4-5-20251001,Claude Haiku 4.5,Anthropic,2025-10-15,200000.0,0.73,0.733,2026-05-18T12:28:53.589759Z,https://api.zeroeval.com/leaderboard/models/full,llm_benchmarks,20260518T122853Z-d144d83d
minimax-m2,MiniMax M2,MiniMax,2025-10-27,1000000.0,0.78,0.694,2026-05-18T12:28:53.589759Z,https://api.zeroeval.com/leaderboard/models/full,llm_benchmarks,20260518T122853Z-d144d83d
gpt-5.1-codex-high,GPT-5.1 Codex High,OpenAI,2025-11-12,,,,2026-05-18T12:28:53.589759Z,https://api.zeroeval.com/leaderboard/models/full,llm_benchmarks,20260518T122853Z-d144d83d
gpt-5.1-codex-mini,GPT-5.1 Codex Mini,OpenAI,2025-11-12,,,,2026-05-18T12:28:53.589759Z,https://api.zeroeval.com/leaderboard/models/full,llm_benchmarks,20260518T122853Z-d144d83d
gpt-5.1-high-2025-11-12,GPT-5.1 High,OpenAI,2025-11-12,,0.881,,2026-05-18T12:28:53.589759Z,https://api.zeroeval.com/leaderboard/models/full,llm_benchmarks,20260518T122853Z-d144d83d
gpt-5.1-instant-2025-11-12,GPT-5.1 Instant,OpenAI,2025-11-12,400000.0,0.881,0.763,2026-05-18T12:28:53.589759Z,https://api.zeroeval.com/leaderboard/models/full,llm_benchmarks,20260518T122853Z-d144d83d
gpt-5.1-medium-2025-11-12,GPT-5.1 Medium,OpenAI,2025-11-12,400000.0,,,2026-05-18T12:28:53.589759Z,https://api.zeroeval.com/leaderboard/models/full,llm_benchmarks,20260518T122853Z-d144d83d
gpt-5.1-thinking-2025-11-12,GPT-5.1 Thinking,OpenAI,2025-11-12,400000.0,0.881,0.763,2026-05-18T12:28:53.589759Z,https://api.zeroeval.com/leaderboard/models/full,llm_benchmarks,20260518T122853Z-d144d83d
gpt-5.1-2025-11-13,GPT-5.1,OpenAI,2025-11-13,400000.0,0.881,0.763,2026-05-18T12:28:53.589759Z,https://api.zeroeval.com/leaderboard/models/full,llm_benchmarks,20260518T122853Z-d144d83d
grok-4-1-fast-non-reasoning,Grok-4.1 Fast Non-Reasoning,xAI,2025-11-17,2000000.0,,,2026-05-18T12:28:53.589759Z,https://api.zeroeval.com/leaderboard/models/full,llm_benchmarks,20260518T122853Z-d144d83d
grok-4-1-fast-reasoning,Grok-4.1 Fast Reasoning,xAI,2025-11-17,2000000.0,,,2026-05-18T12:28:53.589759Z,https://api.zeroeval.com/leaderboard/models/full,llm_benchmarks,20260518T122853Z-d144d83d
grok-4.1-2025-11-17,Grok-4.1,xAI,2025-11-17,,,,2026-05-18T12:28:53.589759Z,https://api.zeroeval.com/leaderboard/models/full,llm_benchmarks,20260518T122853Z-d144d83d
grok-4.1-thinking-2025-11-17,Grok-4.1 Thinking,xAI,2025-11-17,,,,2026-05-18T12:28:53.589759Z,https://api.zeroeval.com/leaderboard/models/full,llm_benchmarks,20260518T122853Z-d144d83d
gemini-3-pro-preview,Gemini 3 Pro,Google,2025-11-18,,0.919,0.762,2026-05-18T12:28:53.589759Z,https://api.zeroeval.com/leaderboard/models/full,llm_benchmarks,20260518T122853Z-d144d83d
gpt-5.1-codex,GPT-5.1 Codex,OpenAI,2025-11-19,400000.0,,0.737,2026-05-18T12:28:53.589759Z,https://api.zeroeval.com/leaderboard/models/full,llm_benchmarks,20260518T122853Z-d144d83d
claude-opus-4-5-20251101,Claude Opus 4.5,Anthropic,2025-11-24,200000.0,0.87,0.809,2026-05-18T12:28:53.589759Z,https://api.zeroeval.com/leaderboard/models/full,llm_benchmarks,20260518T122853Z-d144d83d
deepseek-chat,DeepSeek-V3.2 (Non-thinking),DeepSeek,2025-12-01,131072.0,,,2026-05-18T12:28:53.589759Z,https://api.zeroeval.com/leaderboard/models/full,llm_benchmarks,20260518T122853Z-d144d83d
deepseek-reasoner,DeepSeek-V3.2 (Thinking),DeepSeek,2025-12-01,,0.824,0.731,2026-05-18T12:28:53.589759Z,https://api.zeroeval.com/leaderboard/models/full,llm_benchmarks,20260518T122853Z-d144d83d
deepseek-v3.2,DeepSeek-V3.2,DeepSeek,2025-12-01,163840.0,0.824,0.731,2026-05-18T12:28:53.589759Z,https://api.zeroeval.com/leaderboard/models/full,llm_benchmarks,20260518T122853Z-d144d83d
deepseek-v3.2-speciale,DeepSeek-V3.2-Speciale,DeepSeek,2025-12-01,,,0.731,2026-05-18T12:28:53.589759Z,https://api.zeroeval.com/leaderboard/models/full,llm_benchmarks,20260518T122853Z-d144d83d
ministral-14b-latest,Ministral 3 (14B Reasoning 2512),Mistral AI,2025-12-04,,0.712,,2026-05-18T12:28:53.589759Z,https://api.zeroeval.com/leaderboard/models/full,llm_benchmarks,20260518T122853Z-d144d83d
ministral-3-14b-base-2512,Ministral 3 (14B Base 2512),Mistral AI,2025-12-04,,,,2026-05-18T12:28:53.589759Z,https://api.zeroeval.com/leaderboard/models/full,llm_benchmarks,20260518T122853Z-d144d83d
ministral-3-14b-instruct-2512,MiniStral 3 (14B Instruct 2512),Mistral AI,2025-12-04,,,,2026-05-18T12:28:53.589759Z,https://api.zeroeval.com/leaderboard/models/full,llm_benchmarks,20260518T122853Z-d144d83d
ministral-3-3b-base-2512,Ministral 3 (3B Base 2512),Mistral AI,2025-12-04,,,,2026-05-18T12:28:53.589759Z,https://api.zeroeval.com/leaderboard/models/full,llm_benchmarks,20260518T122853Z-d144d83d
ministral-3-3b-instruct-2512,Ministral 3 (3B Instruct 2512),Mistral AI,2025-12-04,,,,2026-05-18T12:28:53.589759Z,https://api.zeroeval.com/leaderboard/models/full,llm_benchmarks,20260518T122853Z-d144d83d
ministral-3-8b-base-2512,Ministral 3 (8B Base 2512),Mistral AI,2025-12-04,,,,2026-05-18T12:28:53.589759Z,https://api.zeroeval.com/leaderboard/models/full,llm_benchmarks,20260518T122853Z-d144d83d
ministral-3-8b-instruct-2512,Ministral 3 (8B Instruct 2512),Mistral AI,2025-12-04,,,,2026-05-18T12:28:53.589759Z,https://api.zeroeval.com/leaderboard/models/full,llm_benchmarks,20260518T122853Z-d144d83d
ministral-3b-latest,Min  istral 3 (3B Reasoning 2512),Mistral AI,2025-12-04,,0.534,,2026-05-18T12:28:53.589759Z,https://api.zeroeval.com/leaderboard/models/full,llm_benchmarks,20260518T122853Z-d144d83d
ministral-8b-latest,Ministral 3 (8B Reasoning 2512),Mistral AI,2025-12-04,,0.668,,2026-05-18T12:28:53.589759Z,https://api.zeroeval.com/leaderboard/models/full,llm_benchmarks,20260518T122853Z-d144d83d
mistral-large-3-675B-instruct-2512-eagle,Mistral Large 3 (675B Instruct 2512 Eagle),Mistral AI,2025-12-04,,0.439,,2026-05-18T12:28:53.589759Z,https://api.zeroeval.com/leaderboard/models/full,llm_benchmarks,20260518T122853Z-d144d83d
mistral-large-3-675b-base-2512,Mistral Large 3 (675B Base),Mistral AI,2025-12-04,,0.439,,2026-05-18T12:28:53.589759Z,https://api.zeroeval.com/leaderboard/models/full,llm_benchmarks,20260518T122853Z-d144d83d
mistral-large-3-675b-instruct-2512-nvfp4,Mistral Large 3 (675B Instruct 2512 NVFP4),Mistral AI,2025-12-04,,0.439,,2026-05-18T12:28:53.589759Z,https://api.zeroeval.com/leaderboard/models/full,llm_benchmarks,20260518T122853Z-d144d83d
mistral-large-latest,Mistral Large 3 (675B Instruct 2512),Mistral AI,2025-12-04,262100.0,0.439,,2026-05-18T12:28:53.589759Z,https://api.zeroeval.com/leaderboard/models/full,llm_benchmarks,20260518T122853Z-d144d83d
gpt-5.2-2025-12-11,GPT-5.2,OpenAI,2025-12-11,400000.0,0.924,0.8,2026-05-18T12:28:53.589759Z,https://api.zeroeval.com/leaderboard/models/full,llm_benchmarks,20260518T122853Z-d144d83d
gpt-5.2-pro-2025-12-11,GPT-5.2 Pro,OpenAI,2025-12-11,,0.932,,2026-05-18T12:28:53.589759Z,https://api.zeroeval.com/leaderboard/models/full,llm_benchmarks,20260518T122853Z-d144d83d
nemotron-3-nano-30b-a3b,Nemotron 3 Nano (30B A3B),NVIDIA,2025-12-15,262144.0,0.75,0.388,2026-05-18T12:28:53.589759Z,https://api.zeroeval.com/leaderboard/models/full,llm_benchmarks,20260518T122853Z-d144d83d
qwen3-max,Qwen3 Max,Alibaba Cloud / Qwen Team,2025-12-15,256000.0,0.62,0.696,2026-05-18T12:28:53.589759Z,https://api.zeroeval.com/leaderboard/models/full,llm_benchmarks,20260518T122853Z-d144d83d
mimo-v2-flash,MiMo-V2-Flash,Xiaomi,2025-12-16,,0.837,0.734,2026-05-18T12:28:53.589759Z,https://api.zeroeval.com/leaderboard/models/full,llm_benchmarks,20260518T122853Z-d144d83d
gemini-3-flash-preview,Gemini 3 Flash,Google,2025-12-17,1000000.0,0.904,0.78,2026-05-18T12:28:53.589759Z,https://api.zeroeval.com/leaderboard/models/full,llm_benchmarks,20260518T122853Z-d144d83d
glm-4.7,GLM-4.7,Zhipu AI,2025-12-22,204800.0,0.857,0.738,2026-05-18T12:28:53.589759Z,https://api.zeroeval.com/leaderboard/models/full,llm_benchmarks,20260518T122853Z-d144d83d
minimax-m2.1,MiniMax M2.1,MiniMax,2025-12-23,1000000.0,0.81,0.67,2026-05-18T12:28:53.589759Z,https://api.zeroeval.com/leaderboard/models/full,llm_benchmarks,20260518T122853Z-d144d83d
k-exaone-236b-a23b,K-EXAONE-236B-A23B,LG AI Research,2025-12-31,,,,2026-05-18T12:28:53.589759Z,https://api.zeroeval.com/leaderboard/models/full,llm_benchmarks,20260518T122853Z-d144d83d
gpt-5.2-codex,GPT-5.2 Codex,OpenAI,2026-01-14,400000.0,,,2026-05-18T12:28:53.589759Z,https://api.zeroeval.com/leaderboard/models/full,llm_benchmarks,20260518T122853Z-d144d83d
longcat-flash-thinking-2601,LongCat-Flash-Thinking-2601,Meituan,2026-01-14,,0.805,0.7,2026-05-18T12:28:53.589759Z,https://api.zeroeval.com/leaderboard/models/full,llm_benchmarks,20260518T122853Z-d144d83d
step3-vl-10b,Step3-VL-10B,StepFun,2026-01-15,,,,2026-05-18T12:28:53.589759Z,https://api.zeroeval.com/leaderboard/models/full,llm_benchmarks,20260518T122853Z-d144d83d
glm-4.7-flash,GLM-4.7-Flash,Zhipu AI,2026-01-19,,0.752,0.592,2026-05-18T12:28:53.589759Z,https://api.zeroeval.com/leaderboard/models/full,llm_benchmarks,20260518T122853Z-d144d83d
ernie-5.0,ERNIE 5.0,Baidu,2026-01-22,,0.85,,2026-05-18T12:28:53.589759Z,https://api.zeroeval.com/leaderboard/models/full,llm_benchmarks,20260518T122853Z-d144d83d
kimi-k2.5,Kimi K2.5,Moonshot AI,2026-01-27,,0.876,0.768,2026-05-18T12:28:53.589759Z,https://api.zeroeval.com/leaderboard/models/full,llm_benchmarks,20260518T122853Z-d144d83d
grok-imagine-image-pro,Grok Imagine Image Pro,xAI,2026-02-01,131072.0,,,2026-04-15T23:07:13.818716Z,https://api.zeroeval.com/leaderboard/models/full,llm_benchmarks,20260415T230712Z-0ee94543
step-3.5-flash,Step-3.5-Flash,StepFun,2026-02-02,65536.0,,0.744,2026-05-18T12:28:53.589759Z,https://api.zeroeval.com/leaderboard/models/full,llm_benchmarks,20260518T122853Z-d144d83d
claude-opus-4-6,Claude Opus 4.6,Anthropic,2026-02-05,1000000.0,0.913,0.808,2026-05-18T12:28:53.589759Z,https://api.zeroeval.com/leaderboard/models/full,llm_benchmarks,20260518T122853Z-d144d83d
gpt-5.3-codex,GPT-5.3 Codex,OpenAI,2026-02-05,400000.0,,,2026-05-18T12:28:53.589759Z,https://api.zeroeval.com/leaderboard/models/full,llm_benchmarks,20260518T122853Z-d144d83d
longcat-flash-lite,LongCat-Flash-Lite,Meituan,2026-02-05,256000.0,0.6678,0.544,2026-05-18T12:28:53.589759Z,https://api.zeroeval.com/leaderboard/models/full,llm_benchmarks,20260518T122853Z-d144d83d
glm-5,GLM-5,Zhipu AI,2026-02-11,200000.0,,0.778,2026-05-18T12:28:53.589759Z,https://api.zeroeval.com/leaderboard/models/full,llm_benchmarks,20260518T122853Z-d144d83d
minicpm-sala,MiniCPM-SALA,OpenBMB,2026-02-11,,,,2026-05-18T12:28:53.589759Z,https://api.zeroeval.com/leaderboard/models/full,llm_benchmarks,20260518T122853Z-d144d83d
minimax-m2.5,MiniMax M2.5,MiniMax,2026-02-12,1000000.0,,0.802,2026-05-18T12:28:53.589759Z,https://api.zeroeval.com/leaderboard/models/full,llm_benchmarks,20260518T122853Z-d144d83d
seed-2.0-lite,Seed 2.0 Lite,ByteDance,2026-02-14,,0.851,0.735,2026-05-18T12:28:53.589759Z,https://api.zeroeval.com/leaderboard/models/full,llm_benchmarks,20260518T122853Z-d144d83d
seed-2.0-pro,Seed 2.0 Pro,ByteDance,2026-02-14,,0.889,0.765,2026-05-18T12:28:53.589759Z,https://api.zeroeval.com/leaderboard/models/full,llm_benchmarks,20260518T122853Z-d144d83d
qwen3.5-397b-a17b,Qwen3.5-397B-A17B,Alibaba Cloud / Qwen Team,2026-02-16,262144.0,0.884,0.764,2026-05-18T12:28:53.589759Z,https://api.zeroeval.com/leaderboard/models/full,llm_benchmarks,20260518T122853Z-d144d83d
claude-sonnet-4-6,Claude Sonnet 4.6,Anthropic,2026-02-17,200000.0,0.899,0.796,2026-05-18T12:28:53.589759Z,https://api.zeroeval.com/leaderboard/models/full,llm_benchmarks,20260518T122853Z-d144d83d
gemini-3.1-pro-preview,Gemini 3.1 Pro,Google,2026-02-19,1048576.0,0.943,0.806,2026-05-18T12:28:53.589759Z,https://api.zeroeval.com/leaderboard/models/full,llm_benchmarks,20260518T122853Z-d144d83d
mercury-2,Mercury 2,Inception,2026-02-24,128000.0,0.74,,2026-05-18T12:28:53.589759Z,https://api.zeroeval.com/leaderboard/models/full,llm_benchmarks,20260518T122853Z-d144d83d
qwen3.5-122b-a10b,Qwen3.5-122B-A10B,Alibaba Cloud / Qwen Team,2026-02-24,262144.0,0.866,0.72,2026-05-18T12:28:53.589759Z,https://api.zeroeval.com/leaderboard/models/full,llm_benchmarks,20260518T122853Z-d144d83d
qwen3.5-27b,Qwen3.5-27B,Alibaba Cloud / Qwen Team,2026-02-24,262144.0,0.855,0.724,2026-05-18T12:28:53.589759Z,https://api.zeroeval.com/leaderboard/models/full,llm_benchmarks,20260518T122853Z-d144d83d
qwen3.5-35b-a3b,Qwen3.5-35B-A3B,Alibaba Cloud / Qwen Team,2026-02-24,262144.0,0.842,0.692,2026-05-18T12:28:53.589759Z,https://api.zeroeval.com/leaderboard/models/full,llm_benchmarks,20260518T122853Z-d144d83d
qwen3.5-0.8b,Qwen3.5-0.8B,Alibaba Cloud / Qwen Team,2026-03-02,,0.119,,2026-05-18T12:28:53.589759Z,https://api.zeroeval.com/leaderboard/models/full,llm_benchmarks,20260518T122853Z-d144d83d
qwen3.5-2b,Qwen3.5-2B,Alibaba Cloud / Qwen Team,2026-03-02,,0.516,,2026-05-18T12:28:53.589759Z,https://api.zeroeval.com/leaderboard/models/full,llm_benchmarks,20260518T122853Z-d144d83d
qwen3.5-4b,Qwen3.5-4B,Alibaba Cloud / Qwen Team,2026-03-02,,0.762,,2026-05-18T12:28:53.589759Z,https://api.zeroeval.com/leaderboard/models/full,llm_benchmarks,20260518T122853Z-d144d83d
qwen3.5-9b,Qwen3.5-9B,Alibaba Cloud / Qwen Team,2026-03-02,,0.817,,2026-05-18T12:28:53.589759Z,https://api.zeroeval.com/leaderboard/models/full,llm_benchmarks,20260518T122853Z-d144d83d
gemini-3.1-flash-lite-preview,Gemini 3.1 Flash-Lite,Google,2026-03-03,1000000.0,0.869,,2026-05-18T12:28:53.589759Z,https://api.zeroeval.com/leaderboard/models/full,llm_benchmarks,20260518T122853Z-d144d83d
gpt-5.3-chat-latest,GPT-5.3 Chat,OpenAI,2026-03-04,128000.0,,,2026-05-18T12:28:53.589759Z,https://api.zeroeval.com/leaderboard/models/full,llm_benchmarks,20260518T122853Z-d144d83d
gpt-5.4,GPT-5.4,OpenAI,2026-03-05,1000000.0,0.928,,2026-05-18T12:28:53.589759Z,https://api.zeroeval.com/leaderboard/models/full,llm_benchmarks,20260518T122853Z-d144d83d
sarvam-105b,Sarvam-105B,Sarvam AI,2026-03-06,,0.787,0.45,2026-05-18T12:28:53.589759Z,https://api.zeroeval.com/leaderboard/models/full,llm_benchmarks,20260518T122853Z-d144d83d
sarvam-30b,Sarvam-30B,Sarvam AI,2026-03-06,,0.665,0.34,2026-05-18T12:28:53.589759Z,https://api.zeroeval.com/leaderboard/models/full,llm_benchmarks,20260518T122853Z-d144d83d
grok-4.20-beta-0309-non-reasoning,Grok-4.20 Beta Non-Reasoning,xAI,2026-03-09,2000000.0,,,2026-05-18T12:28:53.589759Z,https://api.zeroeval.com/leaderboard/models/full,llm_benchmarks,20260518T122853Z-d144d83d
grok-4.20-beta-0309-reasoning,Grok-4.20 Beta Reasoning,xAI,2026-03-09,2000000.0,,,2026-05-18T12:28:53.589759Z,https://api.zeroeval.com/leaderboard/models/full,llm_benchmarks,20260518T122853Z-d144d83d
grok-4.20-multi-agent-beta-0309,Grok-4.20 Multi-Agent Beta,xAI,2026-03-09,,,,2026-05-18T12:28:53.589759Z,https://api.zeroeval.com/leaderboard/models/full,llm_benchmarks,20260518T122853Z-d144d83d
nemotron-3-super-120b-a12b,Nemotron 3 Super (120B A12B),NVIDIA,2026-03-11,,0.827,0.5373,2026-05-18T12:28:53.589759Z,https://api.zeroeval.com/leaderboard/models/full,llm_benchmarks,20260518T122853Z-d144d83d
mistral-small-latest,Mistral Small 4,Mistral AI,2026-03-16,256000.0,0.712,,2026-05-18T12:28:53.589759Z,https://api.zeroeval.com/leaderboard/models/full,llm_benchmarks,20260518T122853Z-d144d83d
gpt-5.4-mini,GPT-5.4 mini,OpenAI,2026-03-17,400000.0,0.88,,2026-05-18T12:28:53.589759Z,https://api.zeroeval.com/leaderboard/models/full,llm_benchmarks,20260518T122853Z-d144d83d
gpt-5.4-nano,GPT-5.4 nano,OpenAI,2026-03-17,400000.0,0.828,,2026-05-18T12:28:53.589759Z,https://api.zeroeval.com/leaderboard/models/full,llm_benchmarks,20260518T122853Z-d144d83d
mimo-v2-omni,MiMo-V2-Omni,Xiaomi,2026-03-18,,,0.748,2026-05-18T12:28:53.589759Z,https://api.zeroeval.com/leaderboard/models/full,llm_benchmarks,20260518T122853Z-d144d83d
mimo-v2-pro,MiMo-V2-Pro,Xiaomi,2026-03-18,,,0.78,2026-05-18T12:28:53.589759Z,https://api.zeroeval.com/leaderboard/models/full,llm_benchmarks,20260518T122853Z-d144d83d
minimax-m2.7,MiniMax M2.7,MiniMax,2026-03-18,204800.0,,,2026-05-18T12:28:53.589759Z,https://api.zeroeval.com/leaderboard/models/full,llm_benchmarks,20260518T122853Z-d144d83d
qwen3.6-plus,Qwen3.6 Plus,Alibaba Cloud / Qwen Team,2026-03-31,1000000.0,0.904,0.788,2026-05-18T12:28:53.589759Z,https://api.zeroeval.com/leaderboard/models/full,llm_benchmarks,20260518T122853Z-d144d83d
gemma-4-26b-a4b-it,Gemma 4 26B-A4B,Google,2026-04-02,262144.0,0.823,,2026-05-18T12:28:53.589759Z,https://api.zeroeval.com/leaderboard/models/full,llm_benchmarks,20260518T122853Z-d144d83d
gemma-4-31b-it,Gemma 4 31B,Google,2026-04-02,262144.0,0.843,,2026-05-18T12:28:53.589759Z,https://api.zeroeval.com/leaderboard/models/full,llm_benchmarks,20260518T122853Z-d144d83d
gemma-4-e2b-it,Gemma 4 E2B,Google,2026-04-02,,0.434,,2026-05-18T12:28:53.589759Z,https://api.zeroeval.com/leaderboard/models/full,llm_benchmarks,20260518T122853Z-d144d83d
gemma-4-e4b-it,Gemma 4 E4B,Google,2026-04-02,,0.586,,2026-05-18T12:28:53.589759Z,https://api.zeroeval.com/leaderboard/models/full,llm_benchmarks,20260518T122853Z-d144d83d
glm-5v-turbo,GLM-5V-Turbo,Zhipu AI,2026-04-02,,,,2026-05-18T12:28:53.589759Z,https://api.zeroeval.com/leaderboard/models/full,llm_benchmarks,20260518T122853Z-d144d83d
glm-5.1,GLM-5.1,Zhipu AI,2026-04-07,200000.0,0.862,,2026-05-18T12:28:53.589759Z,https://api.zeroeval.com/leaderboard/models/full,llm_benchmarks,20260518T122853Z-d144d83d
muse-spark,Muse Spark,Meta,2026-04-08,,0.895,0.774,2026-05-18T12:28:53.589759Z,https://api.zeroeval.com/leaderboard/models/full,llm_benchmarks,20260518T122853Z-d144d83d
claude-opus-4-7,Claude Opus 4.7,Anthropic,2026-04-16,1000000.0,0.942,0.876,2026-05-18T12:28:53.589759Z,https://api.zeroeval.com/leaderboard/models/full,llm_benchmarks,20260518T122853Z-d144d83d
qwen3.6-35b-a3b,Qwen3.6-35B-A3B,Alibaba Cloud / Qwen Team,2026-04-16,,0.86,0.734,2026-05-18T12:28:53.589759Z,https://api.zeroeval.com/leaderboard/models/full,llm_benchmarks,20260518T122853Z-d144d83d
kimi-k2.6,Kimi K2.6,Moonshot AI,2026-04-20,262144.0,0.905,0.802,2026-05-18T12:28:53.589759Z,https://api.zeroeval.com/leaderboard/models/full,llm_benchmarks,20260518T122853Z-d144d83d
qwen3.6-27b,Qwen3.6-27B,Alibaba Cloud / Qwen Team,2026-04-21,262144.0,0.878,0.772,2026-05-18T12:28:53.589759Z,https://api.zeroeval.com/leaderboard/models/full,llm_benchmarks,20260518T122853Z-d144d83d
deepseek-v4-flash-max,DeepSeek-V4-Flash-Max,DeepSeek,2026-04-23,1048576.0,0.881,0.79,2026-05-18T12:28:53.589759Z,https://api.zeroeval.com/leaderboard/models/full,llm_benchmarks,20260518T122853Z-d144d83d
deepseek-v4-pro-max,DeepSeek-V4-Pro-Max,DeepSeek,2026-04-23,1048576.0,0.901,0.806,2026-05-18T12:28:53.589759Z,https://api.zeroeval.com/leaderboard/models/full,llm_benchmarks,20260518T122853Z-d144d83d
gpt-5.5,GPT-5.5,OpenAI,2026-04-23,1050000.0,0.936,,2026-05-18T12:28:53.589759Z,https://api.zeroeval.com/leaderboard/models/full,llm_benchmarks,20260518T122853Z-d144d83d
gpt-5.5-pro,GPT-5.5 Pro,OpenAI,2026-04-23,,,,2026-05-18T12:28:53.589759Z,https://api.zeroeval.com/leaderboard/models/full,llm_benchmarks,20260518T122853Z-d144d83d
gpt-5.5-instant,GPT-5.5 Instant,OpenAI,2026-05-05,400000.0,0.856,,2026-05-18T12:28:53.589759Z,https://api.zeroeval.com/leaderboard/models/full,llm_benchmarks,20260518T122853Z-d144d83d
grok-4.3,Grok 4.3,xAI,2026-05-06,1000000.0,,,2026-05-18T12:28:53.589759Z,https://api.zeroeval.com/leaderboard/models/full,llm_benchmarks,20260518T122853Z-d144d83d
claude-mythos-preview,Claude Mythos Preview,Anthropic,,,0.946,0.939,2026-05-18T12:28:53.589759Z,https://api.zeroeval.com/leaderboard/models/full,llm_benchmarks,20260518T122853Z-d144d83d
grok-4-heavy,Grok-4 Heavy,xAI,,,0.884,,2026-05-18T12:28:53.589759Z,https://api.zeroeval.com/leaderboard/models/full,llm_benchmarks,20260518T122853Z-d144d83d
