dataset_id,source_url,source_run_id,scraped_at,provider,provider_display_name,package_name,package_type,package_category,with_mirrors,download_date,downloads,author,model_id,hf_downloads_30d,hf_downloads_all_time,hf_downloads_daily_est,hf_likes,hf_last_modified,repo_full_name,repo_owner,repo_name,repo_html_url,repo_created_date,repo_created_at,repo_pushed_at,repo_default_branch,language_bucket,signal_date,signal_type,matched_file_path,matched_pattern,is_fork,is_archived,stargazers_count,has_manifest_dependency,has_code_import,has_env_var,has_model_name,matched_signal_count,pypi_7d_avg,pypi_28d_avg,pypi_share_28d,pypi_growth_28d,github_new_repo_count,github_signal_repo_count,github_manifest_repo_count,github_repo_share,github_import_repo_count,github_env_repo_count,github_model_repo_count,momentum_score
github_provider_adoption_daily,derived://github_provider_adoption_daily,backfill-github-provider-adoption-daily,2026-05-02T08:12:15.616091Z,anthropic,Anthropic,,,,,,,,,,,,,,,,,,,,,,,2026-04-02,,,,,,,,,,,35.0,,,,,600.0,17.0,14.0,0.3333333333333333,10.0,6.0,5.0,
github_provider_adoption_daily,derived://github_provider_adoption_daily,backfill-github-provider-adoption-daily,2026-05-02T08:12:15.616091Z,google,Google,,,,,,,,,,,,,,,,,,,,,,,2026-04-02,,,,,,,,,,,3.0,,,,,600.0,3.0,1.0,0.3333333333333333,0.0,1.0,1.0,
github_provider_adoption_daily,derived://github_provider_adoption_daily,backfill-github-provider-adoption-daily,2026-05-02T08:12:15.616091Z,openai,OpenAI,,,,,,,,,,,,,,,,,,,,,,,2026-04-02,,,,,,,,,,,19.0,,,,,600.0,10.0,8.0,0.3333333333333333,0.0,5.0,6.0,
github_provider_adoption_daily,derived://github_provider_adoption_daily,backfill-github-provider-adoption-daily,2026-05-02T08:12:15.616091Z,anthropic,Anthropic,,,,,,,,,,,,,,,,,,,,,,,2026-04-03,,,,,,,,,,,0.0,,,,,600.0,0.0,0.0,0.3333333333333333,0.0,0.0,0.0,
github_provider_adoption_daily,derived://github_provider_adoption_daily,backfill-github-provider-adoption-daily,2026-05-02T08:12:15.616091Z,google,Google,,,,,,,,,,,,,,,,,,,,,,,2026-04-03,,,,,,,,,,,0.0,,,,,600.0,0.0,0.0,0.3333333333333333,0.0,0.0,0.0,
github_provider_adoption_daily,derived://github_provider_adoption_daily,backfill-github-provider-adoption-daily,2026-05-02T08:12:15.616091Z,openai,OpenAI,,,,,,,,,,,,,,,,,,,,,,,2026-04-03,,,,,,,,,,,0.0,,,,,600.0,0.0,0.0,0.3333333333333333,0.0,0.0,0.0,
github_provider_adoption_daily,derived://github_provider_adoption_daily,backfill-github-provider-adoption-daily,2026-05-02T08:12:15.616091Z,anthropic,Anthropic,,,,,,,,,,,,,,,,,,,,,,,2026-04-04,,,,,,,,,,,0.0,,,,,600.0,0.0,0.0,0.3333333333333333,0.0,0.0,0.0,
github_provider_adoption_daily,derived://github_provider_adoption_daily,backfill-github-provider-adoption-daily,2026-05-02T08:12:15.616091Z,google,Google,,,,,,,,,,,,,,,,,,,,,,,2026-04-04,,,,,,,,,,,0.0,,,,,600.0,0.0,0.0,0.3333333333333333,0.0,0.0,0.0,
github_provider_adoption_daily,derived://github_provider_adoption_daily,backfill-github-provider-adoption-daily,2026-05-02T08:12:15.616091Z,openai,OpenAI,,,,,,,,,,,,,,,,,,,,,,,2026-04-04,,,,,,,,,,,0.0,,,,,600.0,0.0,0.0,0.3333333333333333,0.0,0.0,0.0,
github_provider_adoption_daily,derived://github_provider_adoption_daily,backfill-github-provider-adoption-daily,2026-05-02T08:12:15.616091Z,anthropic,Anthropic,,,,,,,,,,,,,,,,,,,,,,,2026-04-05,,,,,,,,,,,0.0,,,,,600.0,0.0,0.0,0.3333333333333333,0.0,0.0,0.0,
github_provider_adoption_daily,derived://github_provider_adoption_daily,backfill-github-provider-adoption-daily,2026-05-02T08:12:15.616091Z,google,Google,,,,,,,,,,,,,,,,,,,,,,,2026-04-05,,,,,,,,,,,0.0,,,,,600.0,0.0,0.0,0.3333333333333333,0.0,0.0,0.0,
github_provider_adoption_daily,derived://github_provider_adoption_daily,backfill-github-provider-adoption-daily,2026-05-02T08:12:15.616091Z,openai,OpenAI,,,,,,,,,,,,,,,,,,,,,,,2026-04-05,,,,,,,,,,,0.0,,,,,600.0,0.0,0.0,0.3333333333333333,0.0,0.0,0.0,
github_provider_adoption_daily,derived://github_provider_adoption_daily,backfill-github-provider-adoption-daily,2026-05-02T08:12:15.616091Z,anthropic,Anthropic,,,,,,,,,,,,,,,,,,,,,,,2026-04-06,,,,,,,,,,,0.0,,,,,600.0,0.0,0.0,0.3333333333333333,0.0,0.0,0.0,
github_provider_adoption_daily,derived://github_provider_adoption_daily,backfill-github-provider-adoption-daily,2026-05-02T08:12:15.616091Z,google,Google,,,,,,,,,,,,,,,,,,,,,,,2026-04-06,,,,,,,,,,,0.0,,,,,600.0,0.0,0.0,0.3333333333333333,0.0,0.0,0.0,
github_provider_adoption_daily,derived://github_provider_adoption_daily,backfill-github-provider-adoption-daily,2026-05-02T08:12:15.616091Z,openai,OpenAI,,,,,,,,,,,,,,,,,,,,,,,2026-04-06,,,,,,,,,,,0.0,,,,,600.0,0.0,0.0,0.3333333333333333,0.0,0.0,0.0,
github_provider_adoption_daily,derived://github_provider_adoption_daily,backfill-github-provider-adoption-daily,2026-05-02T08:12:15.616091Z,anthropic,Anthropic,,,,,,,,,,,,,,,,,,,,,,,2026-04-07,,,,,,,,,,,0.0,,,,,600.0,0.0,0.0,0.3333333333333333,0.0,0.0,0.0,
github_provider_adoption_daily,derived://github_provider_adoption_daily,backfill-github-provider-adoption-daily,2026-05-02T08:12:15.616091Z,google,Google,,,,,,,,,,,,,,,,,,,,,,,2026-04-07,,,,,,,,,,,0.0,,,,,600.0,0.0,0.0,0.3333333333333333,0.0,0.0,0.0,
github_provider_adoption_daily,derived://github_provider_adoption_daily,backfill-github-provider-adoption-daily,2026-05-02T08:12:15.616091Z,openai,OpenAI,,,,,,,,,,,,,,,,,,,,,,,2026-04-07,,,,,,,,,,,0.0,,,,,600.0,0.0,0.0,0.3333333333333333,0.0,0.0,0.0,
github_provider_adoption_daily,derived://github_provider_adoption_daily,backfill-github-provider-adoption-daily,2026-05-02T08:12:15.616091Z,anthropic,Anthropic,,,,,,,,,,,,,,,,,,,,,,,2026-04-08,,,,,,,,,,,0.0,,,,,603.0,0.0,0.0,0.3333333333333333,0.0,0.0,0.0,
github_provider_adoption_daily,derived://github_provider_adoption_daily,backfill-github-provider-adoption-daily,2026-05-02T08:12:15.616091Z,google,Google,,,,,,,,,,,,,,,,,,,,,,,2026-04-08,,,,,,,,,,,0.0,,,,,603.0,0.0,0.0,0.3333333333333333,0.0,0.0,0.0,
github_provider_adoption_daily,derived://github_provider_adoption_daily,backfill-github-provider-adoption-daily,2026-05-02T08:12:15.616091Z,openai,OpenAI,,,,,,,,,,,,,,,,,,,,,,,2026-04-08,,,,,,,,,,,0.0,,,,,603.0,0.0,0.0,0.3333333333333333,0.0,0.0,0.0,
github_provider_adoption_daily,derived://github_provider_adoption_daily,backfill-github-provider-adoption-daily,2026-05-02T08:12:15.616091Z,anthropic,Anthropic,,,,,,,,,,,,,,,,,,,,,,,2026-04-09,,,,,,,,,,,95.0,,,,,600.0,44.0,30.0,0.3333333333333333,20.0,23.0,22.0,
github_provider_adoption_daily,derived://github_provider_adoption_daily,backfill-github-provider-adoption-daily,2026-05-02T08:12:15.616091Z,google,Google,,,,,,,,,,,,,,,,,,,,,,,2026-04-09,,,,,,,,,,,69.0,,,,,600.0,33.0,15.0,0.3333333333333333,15.0,20.0,19.0,
github_provider_adoption_daily,derived://github_provider_adoption_daily,backfill-github-provider-adoption-daily,2026-05-02T08:12:15.616091Z,openai,OpenAI,,,,,,,,,,,,,,,,,,,,,,,2026-04-09,,,,,,,,,,,100.0,,,,,600.0,64.0,38.0,0.3333333333333333,12.0,17.0,33.0,
github_provider_adoption_daily,derived://github_provider_adoption_daily,backfill-github-provider-adoption-daily,2026-05-02T08:12:15.616091Z,anthropic,Anthropic,,,,,,,,,,,,,,,,,,,,,,,2026-04-10,,,,,,,,,,,65.0,,,,,600.0,34.0,24.0,0.3333333333333333,8.0,18.0,15.0,
github_provider_adoption_daily,derived://github_provider_adoption_daily,backfill-github-provider-adoption-daily,2026-05-02T08:12:15.616091Z,google,Google,,,,,,,,,,,,,,,,,,,,,,,2026-04-10,,,,,,,,,,,54.0,,,,,600.0,27.0,15.0,0.3333333333333333,11.0,19.0,9.0,
github_provider_adoption_daily,derived://github_provider_adoption_daily,backfill-github-provider-adoption-daily,2026-05-02T08:12:15.616091Z,openai,OpenAI,,,,,,,,,,,,,,,,,,,,,,,2026-04-10,,,,,,,,,,,94.0,,,,,600.0,64.0,43.0,0.3333333333333333,2.0,23.0,26.0,
github_provider_adoption_daily,derived://github_provider_adoption_daily,backfill-github-provider-adoption-daily,2026-05-02T08:12:15.616091Z,anthropic,Anthropic,,,,,,,,,,,,,,,,,,,,,,,2026-04-11,,,,,,,,,,,78.0,,,,,600.0,34.0,26.0,0.3333333333333333,12.0,20.0,20.0,
github_provider_adoption_daily,derived://github_provider_adoption_daily,backfill-github-provider-adoption-daily,2026-05-02T08:12:15.616091Z,google,Google,,,,,,,,,,,,,,,,,,,,,,,2026-04-11,,,,,,,,,,,94.0,,,,,600.0,41.0,26.0,0.3333333333333333,22.0,33.0,13.0,
github_provider_adoption_daily,derived://github_provider_adoption_daily,backfill-github-provider-adoption-daily,2026-05-02T08:12:15.616091Z,openai,OpenAI,,,,,,,,,,,,,,,,,,,,,,,2026-04-11,,,,,,,,,,,106.0,,,,,600.0,62.0,42.0,0.3333333333333333,9.0,25.0,30.0,
github_provider_adoption_daily,derived://github_provider_adoption_daily,backfill-github-provider-adoption-daily,2026-05-02T08:12:15.616091Z,anthropic,Anthropic,,,,,,,,,,,,,,,,,,,,,,,2026-04-12,,,,,,,,,,,61.0,,,,,600.0,30.0,20.0,0.3333333333333333,9.0,18.0,14.0,
github_provider_adoption_daily,derived://github_provider_adoption_daily,backfill-github-provider-adoption-daily,2026-05-02T08:12:15.616091Z,google,Google,,,,,,,,,,,,,,,,,,,,,,,2026-04-12,,,,,,,,,,,53.0,,,,,600.0,28.0,15.0,0.3333333333333333,12.0,18.0,8.0,
github_provider_adoption_daily,derived://github_provider_adoption_daily,backfill-github-provider-adoption-daily,2026-05-02T08:12:15.616091Z,openai,OpenAI,,,,,,,,,,,,,,,,,,,,,,,2026-04-12,,,,,,,,,,,96.0,,,,,600.0,55.0,37.0,0.3333333333333333,8.0,23.0,28.0,
github_provider_adoption_daily,derived://github_provider_adoption_daily,backfill-github-provider-adoption-daily,2026-05-02T08:12:15.616091Z,anthropic,Anthropic,,,,,,,,,,,,,,,,,,,,,,,2026-04-13,,,,,,,,,,,68.0,,,,,600.0,37.0,22.0,0.3333333333333333,6.0,15.0,25.0,
github_provider_adoption_daily,derived://github_provider_adoption_daily,backfill-github-provider-adoption-daily,2026-05-02T08:12:15.616091Z,google,Google,,,,,,,,,,,,,,,,,,,,,,,2026-04-13,,,,,,,,,,,70.0,,,,,600.0,32.0,18.0,0.3333333333333333,16.0,22.0,14.0,
github_provider_adoption_daily,derived://github_provider_adoption_daily,backfill-github-provider-adoption-daily,2026-05-02T08:12:15.616091Z,openai,OpenAI,,,,,,,,,,,,,,,,,,,,,,,2026-04-13,,,,,,,,,,,108.0,,,,,600.0,66.0,45.0,0.3333333333333333,9.0,21.0,33.0,
github_provider_adoption_daily,derived://github_provider_adoption_daily,backfill-github-provider-adoption-daily,2026-05-02T08:12:15.616091Z,anthropic,Anthropic,,,,,,,,,,,,,,,,,,,,,,,2026-04-14,,,,,,,,,,,106.0,,,,,600.0,46.0,35.0,0.1,16.0,25.0,30.0,
github_provider_adoption_daily,derived://github_provider_adoption_daily,backfill-github-provider-adoption-daily,2026-05-02T08:12:15.616091Z,deepseek,DeepSeek,,,,,,,,,,,,,,,,,,,,,,,2026-04-14,,,,,,,,,,,10.0,,,,,600.0,10.0,0.0,0.1,0.0,4.0,6.0,
github_provider_adoption_daily,derived://github_provider_adoption_daily,backfill-github-provider-adoption-daily,2026-05-02T08:12:15.616091Z,google,Google,,,,,,,,,,,,,,,,,,,,,,,2026-04-14,,,,,,,,,,,63.0,,,,,600.0,29.0,18.0,0.1,16.0,20.0,9.0,
github_provider_adoption_daily,derived://github_provider_adoption_daily,backfill-github-provider-adoption-daily,2026-05-02T08:12:15.616091Z,meta,Meta,,,,,,,,,,,,,,,,,,,,,,,2026-04-14,,,,,,,,,,,7.0,,,,,600.0,7.0,0.0,0.1,0.0,0.0,7.0,
github_provider_adoption_daily,derived://github_provider_adoption_daily,backfill-github-provider-adoption-daily,2026-05-02T08:12:15.616091Z,minimax,Minimax,,,,,,,,,,,,,,,,,,,,,,,2026-04-14,,,,,,,,,,,4.0,,,,,600.0,4.0,0.0,0.1,0.0,4.0,0.0,
github_provider_adoption_daily,derived://github_provider_adoption_daily,backfill-github-provider-adoption-daily,2026-05-02T08:12:15.616091Z,mistral,Mistral,,,,,,,,,,,,,,,,,,,,,,,2026-04-14,,,,,,,,,,,7.0,,,,,600.0,4.0,3.0,0.1,0.0,1.0,3.0,
github_provider_adoption_daily,derived://github_provider_adoption_daily,backfill-github-provider-adoption-daily,2026-05-02T08:12:15.616091Z,moonshot,Moonshot,,,,,,,,,,,,,,,,,,,,,,,2026-04-14,,,,,,,,,,,9.0,,,,,600.0,9.0,0.0,0.1,0.0,0.0,9.0,
github_provider_adoption_daily,derived://github_provider_adoption_daily,backfill-github-provider-adoption-daily,2026-05-02T08:12:15.616091Z,openai,OpenAI,,,,,,,,,,,,,,,,,,,,,,,2026-04-14,,,,,,,,,,,130.0,,,,,600.0,72.0,50.0,0.1,12.0,35.0,33.0,
github_provider_adoption_daily,derived://github_provider_adoption_daily,backfill-github-provider-adoption-daily,2026-05-02T08:12:15.616091Z,qwen,Qwen,,,,,,,,,,,,,,,,,,,,,,,2026-04-14,,,,,,,,,,,20.0,,,,,600.0,13.0,3.0,0.1,2.0,3.0,12.0,
github_provider_adoption_daily,derived://github_provider_adoption_daily,backfill-github-provider-adoption-daily,2026-05-02T08:12:15.616091Z,zai,ZAI,,,,,,,,,,,,,,,,,,,,,,,2026-04-14,,,,,,,,,,,0.0,,,,,600.0,0.0,0.0,0.1,0.0,0.0,0.0,
github_provider_adoption_daily,derived://github_provider_adoption_daily,backfill-github-provider-adoption-daily,2026-05-02T08:12:15.616091Z,anthropic,Anthropic,,,,,,,,,,,,,,,,,,,,,,,2026-04-15,,,,,,,,,,,0.0,,,,,604.0,0.0,0.0,0.1,0.0,0.0,0.0,
github_provider_adoption_daily,derived://github_provider_adoption_daily,backfill-github-provider-adoption-daily,2026-05-02T08:12:15.616091Z,deepseek,DeepSeek,,,,,,,,,,,,,,,,,,,,,,,2026-04-15,,,,,,,,,,,0.0,,,,,604.0,0.0,0.0,0.1,0.0,0.0,0.0,
github_provider_adoption_daily,derived://github_provider_adoption_daily,backfill-github-provider-adoption-daily,2026-05-02T08:12:15.616091Z,google,Google,,,,,,,,,,,,,,,,,,,,,,,2026-04-15,,,,,,,,,,,0.0,,,,,604.0,0.0,0.0,0.1,0.0,0.0,0.0,
github_provider_adoption_daily,derived://github_provider_adoption_daily,backfill-github-provider-adoption-daily,2026-05-02T08:12:15.616091Z,meta,Meta,,,,,,,,,,,,,,,,,,,,,,,2026-04-15,,,,,,,,,,,0.0,,,,,604.0,0.0,0.0,0.1,0.0,0.0,0.0,
github_provider_adoption_daily,derived://github_provider_adoption_daily,backfill-github-provider-adoption-daily,2026-05-02T08:12:15.616091Z,minimax,Minimax,,,,,,,,,,,,,,,,,,,,,,,2026-04-15,,,,,,,,,,,0.0,,,,,604.0,0.0,0.0,0.1,0.0,0.0,0.0,
github_provider_adoption_daily,derived://github_provider_adoption_daily,backfill-github-provider-adoption-daily,2026-05-02T08:12:15.616091Z,mistral,Mistral,,,,,,,,,,,,,,,,,,,,,,,2026-04-15,,,,,,,,,,,0.0,,,,,604.0,0.0,0.0,0.1,0.0,0.0,0.0,
github_provider_adoption_daily,derived://github_provider_adoption_daily,backfill-github-provider-adoption-daily,2026-05-02T08:12:15.616091Z,moonshot,Moonshot,,,,,,,,,,,,,,,,,,,,,,,2026-04-15,,,,,,,,,,,0.0,,,,,604.0,0.0,0.0,0.1,0.0,0.0,0.0,
github_provider_adoption_daily,derived://github_provider_adoption_daily,backfill-github-provider-adoption-daily,2026-05-02T08:12:15.616091Z,openai,OpenAI,,,,,,,,,,,,,,,,,,,,,,,2026-04-15,,,,,,,,,,,0.0,,,,,604.0,0.0,0.0,0.1,0.0,0.0,0.0,
github_provider_adoption_daily,derived://github_provider_adoption_daily,backfill-github-provider-adoption-daily,2026-05-02T08:12:15.616091Z,qwen,Qwen,,,,,,,,,,,,,,,,,,,,,,,2026-04-15,,,,,,,,,,,0.0,,,,,604.0,0.0,0.0,0.1,0.0,0.0,0.0,
github_provider_adoption_daily,derived://github_provider_adoption_daily,backfill-github-provider-adoption-daily,2026-05-02T08:12:15.616091Z,zai,ZAI,,,,,,,,,,,,,,,,,,,,,,,2026-04-15,,,,,,,,,,,0.0,,,,,604.0,0.0,0.0,0.1,0.0,0.0,0.0,
github_provider_adoption_daily,derived://github_provider_adoption_daily,backfill-github-provider-adoption-daily,2026-05-02T08:12:15.616091Z,anthropic,Anthropic,,,,,,,,,,,,,,,,,,,,,,,2026-04-16,,,,,,,,,,,50.0,,,,,600.0,32.0,18.0,0.1,6.0,7.0,19.0,
github_provider_adoption_daily,derived://github_provider_adoption_daily,backfill-github-provider-adoption-daily,2026-05-02T08:12:15.616091Z,deepseek,DeepSeek,,,,,,,,,,,,,,,,,,,,,,,2026-04-16,,,,,,,,,,,3.0,,,,,600.0,3.0,0.0,0.1,0.0,2.0,1.0,
github_provider_adoption_daily,derived://github_provider_adoption_daily,backfill-github-provider-adoption-daily,2026-05-02T08:12:15.616091Z,google,Google,,,,,,,,,,,,,,,,,,,,,,,2026-04-16,,,,,,,,,,,55.0,,,,,600.0,25.0,19.0,0.1,15.0,16.0,5.0,
github_provider_adoption_daily,derived://github_provider_adoption_daily,backfill-github-provider-adoption-daily,2026-05-02T08:12:15.616091Z,meta,Meta,,,,,,,,,,,,,,,,,,,,,,,2026-04-16,,,,,,,,,,,3.0,,,,,600.0,3.0,0.0,0.1,0.0,0.0,3.0,
github_provider_adoption_daily,derived://github_provider_adoption_daily,backfill-github-provider-adoption-daily,2026-05-02T08:12:15.616091Z,minimax,Minimax,,,,,,,,,,,,,,,,,,,,,,,2026-04-16,,,,,,,,,,,2.0,,,,,600.0,2.0,0.0,0.1,0.0,2.0,0.0,
github_provider_adoption_daily,derived://github_provider_adoption_daily,backfill-github-provider-adoption-daily,2026-05-02T08:12:15.616091Z,mistral,Mistral,,,,,,,,,,,,,,,,,,,,,,,2026-04-16,,,,,,,,,,,2.0,,,,,600.0,2.0,0.0,0.1,0.0,0.0,2.0,
github_provider_adoption_daily,derived://github_provider_adoption_daily,backfill-github-provider-adoption-daily,2026-05-02T08:12:15.616091Z,moonshot,Moonshot,,,,,,,,,,,,,,,,,,,,,,,2026-04-16,,,,,,,,,,,4.0,,,,,600.0,4.0,0.0,0.1,0.0,0.0,4.0,
github_provider_adoption_daily,derived://github_provider_adoption_daily,backfill-github-provider-adoption-daily,2026-05-02T08:12:15.616091Z,openai,OpenAI,,,,,,,,,,,,,,,,,,,,,,,2026-04-16,,,,,,,,,,,65.0,,,,,600.0,44.0,28.0,0.1,5.0,12.0,20.0,
github_provider_adoption_daily,derived://github_provider_adoption_daily,backfill-github-provider-adoption-daily,2026-05-02T08:12:15.616091Z,qwen,Qwen,,,,,,,,,,,,,,,,,,,,,,,2026-04-16,,,,,,,,,,,9.0,,,,,600.0,4.0,2.0,0.1,1.0,2.0,4.0,
github_provider_adoption_daily,derived://github_provider_adoption_daily,backfill-github-provider-adoption-daily,2026-05-02T08:12:15.616091Z,zai,ZAI,,,,,,,,,,,,,,,,,,,,,,,2026-04-16,,,,,,,,,,,0.0,,,,,600.0,0.0,0.0,0.1,0.0,0.0,0.0,
github_provider_adoption_daily,derived://github_provider_adoption_daily,backfill-github-provider-adoption-daily,2026-05-02T08:12:15.616091Z,anthropic,Anthropic,,,,,,,,,,,,,,,,,,,,,,,2026-04-17,,,,,,,,,,,46.0,,,,,600.0,26.0,19.0,0.1,6.0,14.0,7.0,
github_provider_adoption_daily,derived://github_provider_adoption_daily,backfill-github-provider-adoption-daily,2026-05-02T08:12:15.616091Z,deepseek,DeepSeek,,,,,,,,,,,,,,,,,,,,,,,2026-04-17,,,,,,,,,,,9.0,,,,,600.0,9.0,0.0,0.1,0.0,6.0,3.0,
github_provider_adoption_daily,derived://github_provider_adoption_daily,backfill-github-provider-adoption-daily,2026-05-02T08:12:15.616091Z,google,Google,,,,,,,,,,,,,,,,,,,,,,,2026-04-17,,,,,,,,,,,92.0,,,,,600.0,38.0,25.0,0.1,24.0,29.0,14.0,
github_provider_adoption_daily,derived://github_provider_adoption_daily,backfill-github-provider-adoption-daily,2026-05-02T08:12:15.616091Z,meta,Meta,,,,,,,,,,,,,,,,,,,,,,,2026-04-17,,,,,,,,,,,12.0,,,,,600.0,12.0,0.0,0.1,0.0,0.0,12.0,
github_provider_adoption_daily,derived://github_provider_adoption_daily,backfill-github-provider-adoption-daily,2026-05-02T08:12:15.616091Z,minimax,Minimax,,,,,,,,,,,,,,,,,,,,,,,2026-04-17,,,,,,,,,,,2.0,,,,,600.0,2.0,0.0,0.1,0.0,2.0,0.0,
github_provider_adoption_daily,derived://github_provider_adoption_daily,backfill-github-provider-adoption-daily,2026-05-02T08:12:15.616091Z,mistral,Mistral,,,,,,,,,,,,,,,,,,,,,,,2026-04-17,,,,,,,,,,,2.0,,,,,600.0,2.0,0.0,0.1,0.0,0.0,2.0,
github_provider_adoption_daily,derived://github_provider_adoption_daily,backfill-github-provider-adoption-daily,2026-05-02T08:12:15.616091Z,moonshot,Moonshot,,,,,,,,,,,,,,,,,,,,,,,2026-04-17,,,,,,,,,,,5.0,,,,,600.0,5.0,0.0,0.1,0.0,0.0,5.0,
github_provider_adoption_daily,derived://github_provider_adoption_daily,backfill-github-provider-adoption-daily,2026-05-02T08:12:15.616091Z,openai,OpenAI,,,,,,,,,,,,,,,,,,,,,,,2026-04-17,,,,,,,,,,,68.0,,,,,600.0,45.0,25.0,0.1,7.0,16.0,20.0,
github_provider_adoption_daily,derived://github_provider_adoption_daily,backfill-github-provider-adoption-daily,2026-05-02T08:12:15.616091Z,qwen,Qwen,,,,,,,,,,,,,,,,,,,,,,,2026-04-17,,,,,,,,,,,12.0,,,,,600.0,10.0,3.0,0.1,0.0,2.0,7.0,
github_provider_adoption_daily,derived://github_provider_adoption_daily,backfill-github-provider-adoption-daily,2026-05-02T08:12:15.616091Z,zai,ZAI,,,,,,,,,,,,,,,,,,,,,,,2026-04-17,,,,,,,,,,,0.0,,,,,600.0,0.0,0.0,0.1,0.0,0.0,0.0,
github_provider_adoption_daily,derived://github_provider_adoption_daily,backfill-github-provider-adoption-daily,2026-05-02T08:12:15.616091Z,anthropic,Anthropic,,,,,,,,,,,,,,,,,,,,,,,2026-04-18,,,,,,,,,,,65.0,,,,,600.0,33.0,24.0,0.1,9.0,13.0,19.0,
github_provider_adoption_daily,derived://github_provider_adoption_daily,backfill-github-provider-adoption-daily,2026-05-02T08:12:15.616091Z,deepseek,DeepSeek,,,,,,,,,,,,,,,,,,,,,,,2026-04-18,,,,,,,,,,,7.0,,,,,600.0,6.0,0.0,0.1,0.0,4.0,3.0,
github_provider_adoption_daily,derived://github_provider_adoption_daily,backfill-github-provider-adoption-daily,2026-05-02T08:12:15.616091Z,google,Google,,,,,,,,,,,,,,,,,,,,,,,2026-04-18,,,,,,,,,,,103.0,,,,,600.0,41.0,30.0,0.1,28.0,30.0,15.0,
github_provider_adoption_daily,derived://github_provider_adoption_daily,backfill-github-provider-adoption-daily,2026-05-02T08:12:15.616091Z,meta,Meta,,,,,,,,,,,,,,,,,,,,,,,2026-04-18,,,,,,,,,,,5.0,,,,,600.0,5.0,0.0,0.1,0.0,0.0,5.0,
github_provider_adoption_daily,derived://github_provider_adoption_daily,backfill-github-provider-adoption-daily,2026-05-02T08:12:15.616091Z,minimax,Minimax,,,,,,,,,,,,,,,,,,,,,,,2026-04-18,,,,,,,,,,,1.0,,,,,600.0,1.0,0.0,0.1,0.0,1.0,0.0,
github_provider_adoption_daily,derived://github_provider_adoption_daily,backfill-github-provider-adoption-daily,2026-05-02T08:12:15.616091Z,mistral,Mistral,,,,,,,,,,,,,,,,,,,,,,,2026-04-18,,,,,,,,,,,6.0,,,,,600.0,3.0,1.0,0.1,1.0,2.0,2.0,
github_provider_adoption_daily,derived://github_provider_adoption_daily,backfill-github-provider-adoption-daily,2026-05-02T08:12:15.616091Z,moonshot,Moonshot,,,,,,,,,,,,,,,,,,,,,,,2026-04-18,,,,,,,,,,,6.0,,,,,600.0,5.0,0.0,0.1,0.0,1.0,5.0,
github_provider_adoption_daily,derived://github_provider_adoption_daily,backfill-github-provider-adoption-daily,2026-05-02T08:12:15.616091Z,openai,OpenAI,,,,,,,,,,,,,,,,,,,,,,,2026-04-18,,,,,,,,,,,100.0,,,,,600.0,50.0,35.0,0.1,10.0,24.0,31.0,
github_provider_adoption_daily,derived://github_provider_adoption_daily,backfill-github-provider-adoption-daily,2026-05-02T08:12:15.616091Z,qwen,Qwen,,,,,,,,,,,,,,,,,,,,,,,2026-04-18,,,,,,,,,,,11.0,,,,,600.0,7.0,3.0,0.1,0.0,2.0,6.0,
github_provider_adoption_daily,derived://github_provider_adoption_daily,backfill-github-provider-adoption-daily,2026-05-02T08:12:15.616091Z,zai,ZAI,,,,,,,,,,,,,,,,,,,,,,,2026-04-18,,,,,,,,,,,0.0,,,,,600.0,0.0,0.0,0.1,0.0,0.0,0.0,
github_provider_adoption_daily,derived://github_provider_adoption_daily,backfill-github-provider-adoption-daily,2026-05-02T08:12:15.616091Z,anthropic,Anthropic,,,,,,,,,,,,,,,,,,,,,,,2026-04-19,,,,,,,,,,,70.0,,,,,600.0,40.0,27.0,0.1,8.0,15.0,20.0,
github_provider_adoption_daily,derived://github_provider_adoption_daily,backfill-github-provider-adoption-daily,2026-05-02T08:12:15.616091Z,deepseek,DeepSeek,,,,,,,,,,,,,,,,,,,,,,,2026-04-19,,,,,,,,,,,7.0,,,,,600.0,7.0,0.0,0.1,0.0,4.0,3.0,
github_provider_adoption_daily,derived://github_provider_adoption_daily,backfill-github-provider-adoption-daily,2026-05-02T08:12:15.616091Z,google,Google,,,,,,,,,,,,,,,,,,,,,,,2026-04-19,,,,,,,,,,,93.0,,,,,600.0,43.0,27.0,0.1,21.0,32.0,13.0,
github_provider_adoption_daily,derived://github_provider_adoption_daily,backfill-github-provider-adoption-daily,2026-05-02T08:12:15.616091Z,meta,Meta,,,,,,,,,,,,,,,,,,,,,,,2026-04-19,,,,,,,,,,,10.0,,,,,600.0,10.0,0.0,0.1,0.0,0.0,10.0,
github_provider_adoption_daily,derived://github_provider_adoption_daily,backfill-github-provider-adoption-daily,2026-05-02T08:12:15.616091Z,minimax,Minimax,,,,,,,,,,,,,,,,,,,,,,,2026-04-19,,,,,,,,,,,4.0,,,,,600.0,4.0,0.0,0.1,0.0,4.0,0.0,
github_provider_adoption_daily,derived://github_provider_adoption_daily,backfill-github-provider-adoption-daily,2026-05-02T08:12:15.616091Z,mistral,Mistral,,,,,,,,,,,,,,,,,,,,,,,2026-04-19,,,,,,,,,,,6.0,,,,,600.0,5.0,2.0,0.1,1.0,2.0,1.0,
github_provider_adoption_daily,derived://github_provider_adoption_daily,backfill-github-provider-adoption-daily,2026-05-02T08:12:15.616091Z,moonshot,Moonshot,,,,,,,,,,,,,,,,,,,,,,,2026-04-19,,,,,,,,,,,7.0,,,,,600.0,6.0,0.0,0.1,0.0,1.0,6.0,
github_provider_adoption_daily,derived://github_provider_adoption_daily,backfill-github-provider-adoption-daily,2026-05-02T08:12:15.616091Z,openai,OpenAI,,,,,,,,,,,,,,,,,,,,,,,2026-04-19,,,,,,,,,,,114.0,,,,,600.0,70.0,42.0,0.1,11.0,21.0,40.0,
github_provider_adoption_daily,derived://github_provider_adoption_daily,backfill-github-provider-adoption-daily,2026-05-02T08:12:15.616091Z,qwen,Qwen,,,,,,,,,,,,,,,,,,,,,,,2026-04-19,,,,,,,,,,,14.0,,,,,600.0,11.0,2.0,0.1,1.0,5.0,6.0,
github_provider_adoption_daily,derived://github_provider_adoption_daily,backfill-github-provider-adoption-daily,2026-05-02T08:12:15.616091Z,zai,ZAI,,,,,,,,,,,,,,,,,,,,,,,2026-04-19,,,,,,,,,,,0.0,,,,,600.0,0.0,0.0,0.1,0.0,0.0,0.0,
github_provider_adoption_daily,derived://github_provider_adoption_daily,backfill-github-provider-adoption-daily,2026-05-02T08:12:15.616091Z,anthropic,Anthropic,,,,,,,,,,,,,,,,,,,,,,,2026-04-20,,,,,,,,,,,66.0,,,,,600.0,37.0,24.0,0.1,11.0,14.0,17.0,
github_provider_adoption_daily,derived://github_provider_adoption_daily,backfill-github-provider-adoption-daily,2026-05-02T08:12:15.616091Z,deepseek,DeepSeek,,,,,,,,,,,,,,,,,,,,,,,2026-04-20,,,,,,,,,,,9.0,,,,,600.0,8.0,0.0,0.1,0.0,7.0,2.0,
github_provider_adoption_daily,derived://github_provider_adoption_daily,backfill-github-provider-adoption-daily,2026-05-02T08:12:15.616091Z,google,Google,,,,,,,,,,,,,,,,,,,,,,,2026-04-20,,,,,,,,,,,73.0,,,,,600.0,34.0,19.0,0.1,18.0,22.0,14.0,
github_provider_adoption_daily,derived://github_provider_adoption_daily,backfill-github-provider-adoption-daily,2026-05-02T08:12:15.616091Z,meta,Meta,,,,,,,,,,,,,,,,,,,,,,,2026-04-20,,,,,,,,,,,6.0,,,,,600.0,6.0,0.0,0.1,0.0,0.0,6.0,
github_provider_adoption_daily,derived://github_provider_adoption_daily,backfill-github-provider-adoption-daily,2026-05-02T08:12:15.616091Z,minimax,Minimax,,,,,,,,,,,,,,,,,,,,,,,2026-04-20,,,,,,,,,,,0.0,,,,,600.0,0.0,0.0,0.1,0.0,0.0,0.0,
github_provider_adoption_daily,derived://github_provider_adoption_daily,backfill-github-provider-adoption-daily,2026-05-02T08:12:15.616091Z,mistral,Mistral,,,,,,,,,,,,,,,,,,,,,,,2026-04-20,,,,,,,,,,,4.0,,,,,600.0,4.0,2.0,0.1,0.0,0.0,2.0,
github_provider_adoption_daily,derived://github_provider_adoption_daily,backfill-github-provider-adoption-daily,2026-05-02T08:12:15.616091Z,moonshot,Moonshot,,,,,,,,,,,,,,,,,,,,,,,2026-04-20,,,,,,,,,,,9.0,,,,,600.0,9.0,0.0,0.1,0.0,0.0,9.0,
github_provider_adoption_daily,derived://github_provider_adoption_daily,backfill-github-provider-adoption-daily,2026-05-02T08:12:15.616091Z,openai,OpenAI,,,,,,,,,,,,,,,,,,,,,,,2026-04-20,,,,,,,,,,,118.0,,,,,600.0,69.0,48.0,0.1,13.0,23.0,34.0,
github_provider_adoption_daily,derived://github_provider_adoption_daily,backfill-github-provider-adoption-daily,2026-05-02T08:12:15.616091Z,qwen,Qwen,,,,,,,,,,,,,,,,,,,,,,,2026-04-20,,,,,,,,,,,12.0,,,,,600.0,9.0,3.0,0.1,0.0,2.0,7.0,
github_provider_adoption_daily,derived://github_provider_adoption_daily,backfill-github-provider-adoption-daily,2026-05-02T08:12:15.616091Z,zai,ZAI,,,,,,,,,,,,,,,,,,,,,,,2026-04-20,,,,,,,,,,,0.0,,,,,600.0,0.0,0.0,0.1,0.0,0.0,0.0,
github_provider_adoption_daily,derived://github_provider_adoption_daily,backfill-github-provider-adoption-daily,2026-05-02T08:12:15.616091Z,anthropic,Anthropic,,,,,,,,,,,,,,,,,,,,,,,2026-04-21,,,,,,,,,,,55.0,,,,,600.0,27.0,20.0,0.1,7.0,13.0,15.0,
github_provider_adoption_daily,derived://github_provider_adoption_daily,backfill-github-provider-adoption-daily,2026-05-02T08:12:15.616091Z,deepseek,DeepSeek,,,,,,,,,,,,,,,,,,,,,,,2026-04-21,,,,,,,,,,,1.0,,,,,600.0,1.0,0.0,0.1,0.0,1.0,0.0,
github_provider_adoption_daily,derived://github_provider_adoption_daily,backfill-github-provider-adoption-daily,2026-05-02T08:12:15.616091Z,google,Google,,,,,,,,,,,,,,,,,,,,,,,2026-04-21,,,,,,,,,,,69.0,,,,,600.0,28.0,18.0,0.1,14.0,23.0,14.0,
github_provider_adoption_daily,derived://github_provider_adoption_daily,backfill-github-provider-adoption-daily,2026-05-02T08:12:15.616091Z,meta,Meta,,,,,,,,,,,,,,,,,,,,,,,2026-04-21,,,,,,,,,,,3.0,,,,,600.0,3.0,0.0,0.1,0.0,0.0,3.0,
github_provider_adoption_daily,derived://github_provider_adoption_daily,backfill-github-provider-adoption-daily,2026-05-02T08:12:15.616091Z,minimax,Minimax,,,,,,,,,,,,,,,,,,,,,,,2026-04-21,,,,,,,,,,,1.0,,,,,600.0,1.0,0.0,0.1,0.0,1.0,0.0,
github_provider_adoption_daily,derived://github_provider_adoption_daily,backfill-github-provider-adoption-daily,2026-05-02T08:12:15.616091Z,mistral,Mistral,,,,,,,,,,,,,,,,,,,,,,,2026-04-21,,,,,,,,,,,1.0,,,,,600.0,1.0,0.0,0.1,0.0,0.0,1.0,
github_provider_adoption_daily,derived://github_provider_adoption_daily,backfill-github-provider-adoption-daily,2026-05-02T08:12:15.616091Z,moonshot,Moonshot,,,,,,,,,,,,,,,,,,,,,,,2026-04-21,,,,,,,,,,,10.0,,,,,600.0,9.0,0.0,0.1,0.0,1.0,9.0,
github_provider_adoption_daily,derived://github_provider_adoption_daily,backfill-github-provider-adoption-daily,2026-05-02T08:12:15.616091Z,openai,OpenAI,,,,,,,,,,,,,,,,,,,,,,,2026-04-21,,,,,,,,,,,105.0,,,,,600.0,56.0,39.0,0.1,14.0,23.0,29.0,
github_provider_adoption_daily,derived://github_provider_adoption_daily,backfill-github-provider-adoption-daily,2026-05-02T08:12:15.616091Z,qwen,Qwen,,,,,,,,,,,,,,,,,,,,,,,2026-04-21,,,,,,,,,,,10.0,,,,,600.0,7.0,2.0,0.1,0.0,2.0,6.0,
github_provider_adoption_daily,derived://github_provider_adoption_daily,backfill-github-provider-adoption-daily,2026-05-02T08:12:15.616091Z,zai,ZAI,,,,,,,,,,,,,,,,,,,,,,,2026-04-21,,,,,,,,,,,0.0,,,,,600.0,0.0,0.0,0.1,0.0,0.0,0.0,
github_provider_adoption_daily,derived://github_provider_adoption_daily,backfill-github-provider-adoption-daily,2026-05-02T08:12:15.616091Z,anthropic,Anthropic,,,,,,,,,,,,,,,,,,,,,,,2026-04-22,,,,,,,,,,,70.0,,,,,600.0,35.0,24.0,0.1,7.0,19.0,20.0,
github_provider_adoption_daily,derived://github_provider_adoption_daily,backfill-github-provider-adoption-daily,2026-05-02T08:12:15.616091Z,deepseek,DeepSeek,,,,,,,,,,,,,,,,,,,,,,,2026-04-22,,,,,,,,,,,9.0,,,,,600.0,8.0,0.0,0.1,0.0,7.0,2.0,
github_provider_adoption_daily,derived://github_provider_adoption_daily,backfill-github-provider-adoption-daily,2026-05-02T08:12:15.616091Z,google,Google,,,,,,,,,,,,,,,,,,,,,,,2026-04-22,,,,,,,,,,,68.0,,,,,600.0,31.0,15.0,0.1,15.0,25.0,13.0,
github_provider_adoption_daily,derived://github_provider_adoption_daily,backfill-github-provider-adoption-daily,2026-05-02T08:12:15.616091Z,meta,Meta,,,,,,,,,,,,,,,,,,,,,,,2026-04-22,,,,,,,,,,,6.0,,,,,600.0,6.0,0.0,0.1,0.0,0.0,6.0,
github_provider_adoption_daily,derived://github_provider_adoption_daily,backfill-github-provider-adoption-daily,2026-05-02T08:12:15.616091Z,minimax,Minimax,,,,,,,,,,,,,,,,,,,,,,,2026-04-22,,,,,,,,,,,1.0,,,,,600.0,1.0,0.0,0.1,0.0,1.0,0.0,
github_provider_adoption_daily,derived://github_provider_adoption_daily,backfill-github-provider-adoption-daily,2026-05-02T08:12:15.616091Z,mistral,Mistral,,,,,,,,,,,,,,,,,,,,,,,2026-04-22,,,,,,,,,,,5.0,,,,,600.0,3.0,3.0,0.1,0.0,1.0,1.0,
github_provider_adoption_daily,derived://github_provider_adoption_daily,backfill-github-provider-adoption-daily,2026-05-02T08:12:15.616091Z,moonshot,Moonshot,,,,,,,,,,,,,,,,,,,,,,,2026-04-22,,,,,,,,,,,8.0,,,,,600.0,8.0,0.0,0.1,0.0,0.0,8.0,
github_provider_adoption_daily,derived://github_provider_adoption_daily,backfill-github-provider-adoption-daily,2026-05-02T08:12:15.616091Z,openai,OpenAI,,,,,,,,,,,,,,,,,,,,,,,2026-04-22,,,,,,,,,,,110.0,,,,,600.0,64.0,38.0,0.1,10.0,29.0,33.0,
github_provider_adoption_daily,derived://github_provider_adoption_daily,backfill-github-provider-adoption-daily,2026-05-02T08:12:15.616091Z,qwen,Qwen,,,,,,,,,,,,,,,,,,,,,,,2026-04-22,,,,,,,,,,,4.0,,,,,600.0,4.0,0.0,0.1,0.0,1.0,3.0,
github_provider_adoption_daily,derived://github_provider_adoption_daily,backfill-github-provider-adoption-daily,2026-05-02T08:12:15.616091Z,zai,ZAI,,,,,,,,,,,,,,,,,,,,,,,2026-04-22,,,,,,,,,,,0.0,,,,,600.0,0.0,0.0,0.1,0.0,0.0,0.0,
github_provider_adoption_daily,derived://github_provider_adoption_daily,backfill-github-provider-adoption-daily,2026-05-02T08:12:15.616091Z,anthropic,Anthropic,,,,,,,,,,,,,,,,,,,,,,,2026-04-23,,,,,,,,,,,45.0,,,,,600.0,26.0,17.0,0.1,5.0,10.0,13.0,
github_provider_adoption_daily,derived://github_provider_adoption_daily,backfill-github-provider-adoption-daily,2026-05-02T08:12:15.616091Z,deepseek,DeepSeek,,,,,,,,,,,,,,,,,,,,,,,2026-04-23,,,,,,,,,,,8.0,,,,,600.0,8.0,0.0,0.1,0.0,3.0,5.0,
github_provider_adoption_daily,derived://github_provider_adoption_daily,backfill-github-provider-adoption-daily,2026-05-02T08:12:15.616091Z,google,Google,,,,,,,,,,,,,,,,,,,,,,,2026-04-23,,,,,,,,,,,82.0,,,,,600.0,33.0,23.0,0.1,22.0,23.0,14.0,
github_provider_adoption_daily,derived://github_provider_adoption_daily,backfill-github-provider-adoption-daily,2026-05-02T08:12:15.616091Z,meta,Meta,,,,,,,,,,,,,,,,,,,,,,,2026-04-23,,,,,,,,,,,6.0,,,,,600.0,6.0,0.0,0.1,0.0,0.0,6.0,
github_provider_adoption_daily,derived://github_provider_adoption_daily,backfill-github-provider-adoption-daily,2026-05-02T08:12:15.616091Z,minimax,Minimax,,,,,,,,,,,,,,,,,,,,,,,2026-04-23,,,,,,,,,,,0.0,,,,,600.0,0.0,0.0,0.1,0.0,0.0,0.0,
github_provider_adoption_daily,derived://github_provider_adoption_daily,backfill-github-provider-adoption-daily,2026-05-02T08:12:15.616091Z,mistral,Mistral,,,,,,,,,,,,,,,,,,,,,,,2026-04-23,,,,,,,,,,,9.0,,,,,600.0,3.0,2.0,0.1,1.0,3.0,3.0,
github_provider_adoption_daily,derived://github_provider_adoption_daily,backfill-github-provider-adoption-daily,2026-05-02T08:12:15.616091Z,moonshot,Moonshot,,,,,,,,,,,,,,,,,,,,,,,2026-04-23,,,,,,,,,,,7.0,,,,,600.0,6.0,0.0,0.1,0.0,1.0,6.0,
github_provider_adoption_daily,derived://github_provider_adoption_daily,backfill-github-provider-adoption-daily,2026-05-02T08:12:15.616091Z,openai,OpenAI,,,,,,,,,,,,,,,,,,,,,,,2026-04-23,,,,,,,,,,,93.0,,,,,600.0,61.0,36.0,0.1,8.0,20.0,29.0,
github_provider_adoption_daily,derived://github_provider_adoption_daily,backfill-github-provider-adoption-daily,2026-05-02T08:12:15.616091Z,qwen,Qwen,,,,,,,,,,,,,,,,,,,,,,,2026-04-23,,,,,,,,,,,12.0,,,,,600.0,10.0,2.0,0.1,0.0,3.0,7.0,
github_provider_adoption_daily,derived://github_provider_adoption_daily,backfill-github-provider-adoption-daily,2026-05-02T08:12:15.616091Z,zai,ZAI,,,,,,,,,,,,,,,,,,,,,,,2026-04-23,,,,,,,,,,,0.0,,,,,600.0,0.0,0.0,0.1,0.0,0.0,0.0,
github_provider_adoption_daily,derived://github_provider_adoption_daily,backfill-github-provider-adoption-daily,2026-05-02T08:12:15.616091Z,anthropic,Anthropic,,,,,,,,,,,,,,,,,,,,,,,2026-04-24,,,,,,,,,,,56.0,,,,,600.0,30.0,19.0,0.0833333333333333,9.0,11.0,17.0,
github_provider_adoption_daily,derived://github_provider_adoption_daily,backfill-github-provider-adoption-daily,2026-05-02T08:12:15.616091Z,deepseek,DeepSeek,,,,,,,,,,,,,,,,,,,,,,,2026-04-24,,,,,,,,,,,3.0,,,,,600.0,3.0,0.0,0.0833333333333333,0.0,0.0,3.0,
github_provider_adoption_daily,derived://github_provider_adoption_daily,backfill-github-provider-adoption-daily,2026-05-02T08:12:15.616091Z,google,Google,,,,,,,,,,,,,,,,,,,,,,,2026-04-24,,,,,,,,,,,77.0,,,,,600.0,35.0,22.0,0.0833333333333333,17.0,24.0,14.0,
github_provider_adoption_daily,derived://github_provider_adoption_daily,backfill-github-provider-adoption-daily,2026-05-02T08:12:15.616091Z,langchain,LangChain,,,,,,,,,,,,,,,,,,,,,,,2026-04-24,,,,,,,,,,,6.0,,,,,600.0,4.0,4.0,0.0833333333333333,2.0,0.0,0.0,
github_provider_adoption_daily,derived://github_provider_adoption_daily,backfill-github-provider-adoption-daily,2026-05-02T08:12:15.616091Z,meta,Meta,,,,,,,,,,,,,,,,,,,,,,,2026-04-24,,,,,,,,,,,8.0,,,,,600.0,8.0,0.0,0.0833333333333333,0.0,0.0,8.0,
github_provider_adoption_daily,derived://github_provider_adoption_daily,backfill-github-provider-adoption-daily,2026-05-02T08:12:15.616091Z,minimax,Minimax,,,,,,,,,,,,,,,,,,,,,,,2026-04-24,,,,,,,,,,,1.0,,,,,600.0,1.0,0.0,0.0833333333333333,0.0,1.0,0.0,
github_provider_adoption_daily,derived://github_provider_adoption_daily,backfill-github-provider-adoption-daily,2026-05-02T08:12:15.616091Z,mistral,Mistral,,,,,,,,,,,,,,,,,,,,,,,2026-04-24,,,,,,,,,,,3.0,,,,,600.0,2.0,0.0,0.0833333333333333,1.0,1.0,1.0,
github_provider_adoption_daily,derived://github_provider_adoption_daily,backfill-github-provider-adoption-daily,2026-05-02T08:12:15.616091Z,moonshot,Moonshot,,,,,,,,,,,,,,,,,,,,,,,2026-04-24,,,,,,,,,,,5.0,,,,,600.0,5.0,0.0,0.0833333333333333,0.0,0.0,5.0,
github_provider_adoption_daily,derived://github_provider_adoption_daily,backfill-github-provider-adoption-daily,2026-05-02T08:12:15.616091Z,openai,OpenAI,,,,,,,,,,,,,,,,,,,,,,,2026-04-24,,,,,,,,,,,81.0,,,,,600.0,48.0,31.0,0.0833333333333333,11.0,16.0,23.0,
github_provider_adoption_daily,derived://github_provider_adoption_daily,backfill-github-provider-adoption-daily,2026-05-02T08:12:15.616091Z,pydantic_ai,PydanticAI,,,,,,,,,,,,,,,,,,,,,,,2026-04-24,,,,,,,,,,,1.0,,,,,600.0,1.0,1.0,0.0833333333333333,0.0,0.0,0.0,
github_provider_adoption_daily,derived://github_provider_adoption_daily,backfill-github-provider-adoption-daily,2026-05-02T08:12:15.616091Z,qwen,Qwen,,,,,,,,,,,,,,,,,,,,,,,2026-04-24,,,,,,,,,,,8.0,,,,,600.0,7.0,2.0,0.0833333333333333,0.0,0.0,6.0,
github_provider_adoption_daily,derived://github_provider_adoption_daily,backfill-github-provider-adoption-daily,2026-05-02T08:12:15.616091Z,zai,ZAI,,,,,,,,,,,,,,,,,,,,,,,2026-04-24,,,,,,,,,,,0.0,,,,,600.0,0.0,0.0,0.0833333333333333,0.0,0.0,0.0,
github_provider_adoption_daily,derived://github_provider_adoption_daily,backfill-github-provider-adoption-daily,2026-05-02T08:12:15.616091Z,anthropic,Anthropic,,,,,,,,,,,,,,,,,,,,,,,2026-04-25,,,,,,,,,,,86.0,,,,,600.0,43.0,29.0,0.0833333333333333,12.0,25.0,20.0,
github_provider_adoption_daily,derived://github_provider_adoption_daily,backfill-github-provider-adoption-daily,2026-05-02T08:12:15.616091Z,deepseek,DeepSeek,,,,,,,,,,,,,,,,,,,,,,,2026-04-25,,,,,,,,,,,5.0,,,,,600.0,5.0,0.0,0.0833333333333333,0.0,3.0,2.0,
github_provider_adoption_daily,derived://github_provider_adoption_daily,backfill-github-provider-adoption-daily,2026-05-02T08:12:15.616091Z,google,Google,,,,,,,,,,,,,,,,,,,,,,,2026-04-25,,,,,,,,,,,70.0,,,,,600.0,31.0,21.0,0.0833333333333333,18.0,23.0,8.0,
github_provider_adoption_daily,derived://github_provider_adoption_daily,backfill-github-provider-adoption-daily,2026-05-02T08:12:15.616091Z,langchain,LangChain,,,,,,,,,,,,,,,,,,,,,,,2026-04-25,,,,,,,,,,,18.0,,,,,600.0,13.0,12.0,0.0833333333333333,6.0,0.0,0.0,
github_provider_adoption_daily,derived://github_provider_adoption_daily,backfill-github-provider-adoption-daily,2026-05-02T08:12:15.616091Z,meta,Meta,,,,,,,,,,,,,,,,,,,,,,,2026-04-25,,,,,,,,,,,8.0,,,,,600.0,8.0,0.0,0.0833333333333333,0.0,0.0,8.0,
github_provider_adoption_daily,derived://github_provider_adoption_daily,backfill-github-provider-adoption-daily,2026-05-02T08:12:15.616091Z,minimax,Minimax,,,,,,,,,,,,,,,,,,,,,,,2026-04-25,,,,,,,,,,,0.0,,,,,600.0,0.0,0.0,0.0833333333333333,0.0,0.0,0.0,
github_provider_adoption_daily,derived://github_provider_adoption_daily,backfill-github-provider-adoption-daily,2026-05-02T08:12:15.616091Z,mistral,Mistral,,,,,,,,,,,,,,,,,,,,,,,2026-04-25,,,,,,,,,,,3.0,,,,,600.0,3.0,1.0,0.0833333333333333,0.0,0.0,2.0,
github_provider_adoption_daily,derived://github_provider_adoption_daily,backfill-github-provider-adoption-daily,2026-05-02T08:12:15.616091Z,moonshot,Moonshot,,,,,,,,,,,,,,,,,,,,,,,2026-04-25,,,,,,,,,,,6.0,,,,,600.0,6.0,0.0,0.0833333333333333,0.0,0.0,6.0,
github_provider_adoption_daily,derived://github_provider_adoption_daily,backfill-github-provider-adoption-daily,2026-05-02T08:12:15.616091Z,openai,OpenAI,,,,,,,,,,,,,,,,,,,,,,,2026-04-25,,,,,,,,,,,111.0,,,,,600.0,65.0,50.0,0.0833333333333333,10.0,25.0,26.0,
github_provider_adoption_daily,derived://github_provider_adoption_daily,backfill-github-provider-adoption-daily,2026-05-02T08:12:15.616091Z,pydantic_ai,PydanticAI,,,,,,,,,,,,,,,,,,,,,,,2026-04-25,,,,,,,,,,,0.0,,,,,600.0,0.0,0.0,0.0833333333333333,0.0,0.0,0.0,
github_provider_adoption_daily,derived://github_provider_adoption_daily,backfill-github-provider-adoption-daily,2026-05-02T08:12:15.616091Z,qwen,Qwen,,,,,,,,,,,,,,,,,,,,,,,2026-04-25,,,,,,,,,,,13.0,,,,,600.0,10.0,3.0,0.0833333333333333,1.0,2.0,7.0,
github_provider_adoption_daily,derived://github_provider_adoption_daily,backfill-github-provider-adoption-daily,2026-05-02T08:12:15.616091Z,zai,ZAI,,,,,,,,,,,,,,,,,,,,,,,2026-04-25,,,,,,,,,,,0.0,,,,,600.0,0.0,0.0,0.0833333333333333,0.0,0.0,0.0,
github_provider_adoption_daily,derived://github_provider_adoption_daily,backfill-github-provider-adoption-daily,2026-05-02T08:12:15.616091Z,anthropic,Anthropic,,,,,,,,,,,,,,,,,,,,,,,2026-04-26,,,,,,,,,,,74.0,,,,,600.0,35.0,28.0,0.0833333333333333,16.0,21.0,9.0,
github_provider_adoption_daily,derived://github_provider_adoption_daily,backfill-github-provider-adoption-daily,2026-05-02T08:12:15.616091Z,deepseek,DeepSeek,,,,,,,,,,,,,,,,,,,,,,,2026-04-26,,,,,,,,,,,8.0,,,,,600.0,7.0,0.0,0.0833333333333333,0.0,4.0,4.0,
github_provider_adoption_daily,derived://github_provider_adoption_daily,backfill-github-provider-adoption-daily,2026-05-02T08:12:15.616091Z,google,Google,,,,,,,,,,,,,,,,,,,,,,,2026-04-26,,,,,,,,,,,86.0,,,,,600.0,36.0,24.0,0.0833333333333333,23.0,25.0,14.0,
github_provider_adoption_daily,derived://github_provider_adoption_daily,backfill-github-provider-adoption-daily,2026-05-02T08:12:15.616091Z,langchain,LangChain,,,,,,,,,,,,,,,,,,,,,,,2026-04-26,,,,,,,,,,,7.0,,,,,600.0,6.0,5.0,0.0833333333333333,2.0,0.0,0.0,
github_provider_adoption_daily,derived://github_provider_adoption_daily,backfill-github-provider-adoption-daily,2026-05-02T08:12:15.616091Z,meta,Meta,,,,,,,,,,,,,,,,,,,,,,,2026-04-26,,,,,,,,,,,3.0,,,,,600.0,3.0,0.0,0.0833333333333333,0.0,0.0,3.0,
github_provider_adoption_daily,derived://github_provider_adoption_daily,backfill-github-provider-adoption-daily,2026-05-02T08:12:15.616091Z,minimax,Minimax,,,,,,,,,,,,,,,,,,,,,,,2026-04-26,,,,,,,,,,,2.0,,,,,600.0,2.0,0.0,0.0833333333333333,0.0,2.0,0.0,
github_provider_adoption_daily,derived://github_provider_adoption_daily,backfill-github-provider-adoption-daily,2026-05-02T08:12:15.616091Z,mistral,Mistral,,,,,,,,,,,,,,,,,,,,,,,2026-04-26,,,,,,,,,,,1.0,,,,,600.0,1.0,0.0,0.0833333333333333,0.0,1.0,0.0,
github_provider_adoption_daily,derived://github_provider_adoption_daily,backfill-github-provider-adoption-daily,2026-05-02T08:12:15.616091Z,moonshot,Moonshot,,,,,,,,,,,,,,,,,,,,,,,2026-04-26,,,,,,,,,,,7.0,,,,,600.0,6.0,0.0,0.0833333333333333,0.0,1.0,6.0,
github_provider_adoption_daily,derived://github_provider_adoption_daily,backfill-github-provider-adoption-daily,2026-05-02T08:12:15.616091Z,openai,OpenAI,,,,,,,,,,,,,,,,,,,,,,,2026-04-26,,,,,,,,,,,87.0,,,,,600.0,61.0,35.0,0.0833333333333333,9.0,16.0,27.0,
github_provider_adoption_daily,derived://github_provider_adoption_daily,backfill-github-provider-adoption-daily,2026-05-02T08:12:15.616091Z,pydantic_ai,PydanticAI,,,,,,,,,,,,,,,,,,,,,,,2026-04-26,,,,,,,,,,,2.0,,,,,600.0,1.0,1.0,0.0833333333333333,1.0,0.0,0.0,
github_provider_adoption_daily,derived://github_provider_adoption_daily,backfill-github-provider-adoption-daily,2026-05-02T08:12:15.616091Z,qwen,Qwen,,,,,,,,,,,,,,,,,,,,,,,2026-04-26,,,,,,,,,,,7.0,,,,,600.0,5.0,2.0,0.0833333333333333,0.0,1.0,4.0,
github_provider_adoption_daily,derived://github_provider_adoption_daily,backfill-github-provider-adoption-daily,2026-05-02T08:12:15.616091Z,zai,ZAI,,,,,,,,,,,,,,,,,,,,,,,2026-04-26,,,,,,,,,,,0.0,,,,,600.0,0.0,0.0,0.0833333333333333,0.0,0.0,0.0,
github_provider_adoption_daily,derived://github_provider_adoption_daily,backfill-github-provider-adoption-daily,2026-05-02T08:12:15.616091Z,anthropic,Anthropic,,,,,,,,,,,,,,,,,,,,,,,2026-04-27,,,,,,,,,,,72.0,,,,,600.0,46.0,28.0,0.0833333333333333,12.0,13.0,19.0,
github_provider_adoption_daily,derived://github_provider_adoption_daily,backfill-github-provider-adoption-daily,2026-05-02T08:12:15.616091Z,deepseek,DeepSeek,,,,,,,,,,,,,,,,,,,,,,,2026-04-27,,,,,,,,,,,13.0,,,,,600.0,13.0,0.0,0.0833333333333333,0.0,7.0,6.0,
github_provider_adoption_daily,derived://github_provider_adoption_daily,backfill-github-provider-adoption-daily,2026-05-02T08:12:15.616091Z,google,Google,,,,,,,,,,,,,,,,,,,,,,,2026-04-27,,,,,,,,,,,80.0,,,,,600.0,37.0,20.0,0.0833333333333333,16.0,26.0,18.0,
github_provider_adoption_daily,derived://github_provider_adoption_daily,backfill-github-provider-adoption-daily,2026-05-02T08:12:15.616091Z,langchain,LangChain,,,,,,,,,,,,,,,,,,,,,,,2026-04-27,,,,,,,,,,,12.0,,,,,600.0,8.0,8.0,0.0833333333333333,4.0,0.0,0.0,
github_provider_adoption_daily,derived://github_provider_adoption_daily,backfill-github-provider-adoption-daily,2026-05-02T08:12:15.616091Z,meta,Meta,,,,,,,,,,,,,,,,,,,,,,,2026-04-27,,,,,,,,,,,6.0,,,,,600.0,6.0,0.0,0.0833333333333333,0.0,0.0,6.0,
github_provider_adoption_daily,derived://github_provider_adoption_daily,backfill-github-provider-adoption-daily,2026-05-02T08:12:15.616091Z,minimax,Minimax,,,,,,,,,,,,,,,,,,,,,,,2026-04-27,,,,,,,,,,,3.0,,,,,600.0,3.0,0.0,0.0833333333333333,0.0,3.0,0.0,
github_provider_adoption_daily,derived://github_provider_adoption_daily,backfill-github-provider-adoption-daily,2026-05-02T08:12:15.616091Z,mistral,Mistral,,,,,,,,,,,,,,,,,,,,,,,2026-04-27,,,,,,,,,,,6.0,,,,,600.0,2.0,1.0,0.0833333333333333,1.0,2.0,2.0,
github_provider_adoption_daily,derived://github_provider_adoption_daily,backfill-github-provider-adoption-daily,2026-05-02T08:12:15.616091Z,moonshot,Moonshot,,,,,,,,,,,,,,,,,,,,,,,2026-04-27,,,,,,,,,,,7.0,,,,,600.0,5.0,0.0,0.0833333333333333,0.0,2.0,5.0,
github_provider_adoption_daily,derived://github_provider_adoption_daily,backfill-github-provider-adoption-daily,2026-05-02T08:12:15.616091Z,openai,OpenAI,,,,,,,,,,,,,,,,,,,,,,,2026-04-27,,,,,,,,,,,129.0,,,,,600.0,69.0,51.0,0.0833333333333333,16.0,28.0,34.0,
github_provider_adoption_daily,derived://github_provider_adoption_daily,backfill-github-provider-adoption-daily,2026-05-02T08:12:15.616091Z,pydantic_ai,PydanticAI,,,,,,,,,,,,,,,,,,,,,,,2026-04-27,,,,,,,,,,,0.0,,,,,600.0,0.0,0.0,0.0833333333333333,0.0,0.0,0.0,
github_provider_adoption_daily,derived://github_provider_adoption_daily,backfill-github-provider-adoption-daily,2026-05-02T08:12:15.616091Z,qwen,Qwen,,,,,,,,,,,,,,,,,,,,,,,2026-04-27,,,,,,,,,,,7.0,,,,,600.0,7.0,0.0,0.0833333333333333,0.0,1.0,6.0,
github_provider_adoption_daily,derived://github_provider_adoption_daily,backfill-github-provider-adoption-daily,2026-05-02T08:12:15.616091Z,zai,ZAI,,,,,,,,,,,,,,,,,,,,,,,2026-04-27,,,,,,,,,,,0.0,,,,,600.0,0.0,0.0,0.0833333333333333,0.0,0.0,0.0,
github_provider_adoption_daily,derived://github_provider_adoption_daily,backfill-github-provider-adoption-daily,2026-05-02T08:12:15.616091Z,anthropic,Anthropic,,,,,,,,,,,,,,,,,,,,,,,2026-04-28,,,,,,,,,,,76.0,,,,,600.0,38.0,29.0,0.0833333333333333,13.0,17.0,17.0,
github_provider_adoption_daily,derived://github_provider_adoption_daily,backfill-github-provider-adoption-daily,2026-05-02T08:12:15.616091Z,deepseek,DeepSeek,,,,,,,,,,,,,,,,,,,,,,,2026-04-28,,,,,,,,,,,13.0,,,,,600.0,13.0,0.0,0.0833333333333333,0.0,8.0,5.0,
github_provider_adoption_daily,derived://github_provider_adoption_daily,backfill-github-provider-adoption-daily,2026-05-02T08:12:15.616091Z,google,Google,,,,,,,,,,,,,,,,,,,,,,,2026-04-28,,,,,,,,,,,66.0,,,,,600.0,30.0,21.0,0.0833333333333333,16.0,17.0,12.0,
github_provider_adoption_daily,derived://github_provider_adoption_daily,backfill-github-provider-adoption-daily,2026-05-02T08:12:15.616091Z,langchain,LangChain,,,,,,,,,,,,,,,,,,,,,,,2026-04-28,,,,,,,,,,,12.0,,,,,600.0,10.0,9.0,0.0833333333333333,3.0,0.0,0.0,
github_provider_adoption_daily,derived://github_provider_adoption_daily,backfill-github-provider-adoption-daily,2026-05-02T08:12:15.616091Z,meta,Meta,,,,,,,,,,,,,,,,,,,,,,,2026-04-28,,,,,,,,,,,7.0,,,,,600.0,7.0,0.0,0.0833333333333333,0.0,0.0,7.0,
github_provider_adoption_daily,derived://github_provider_adoption_daily,backfill-github-provider-adoption-daily,2026-05-02T08:12:15.616091Z,minimax,Minimax,,,,,,,,,,,,,,,,,,,,,,,2026-04-28,,,,,,,,,,,0.0,,,,,600.0,0.0,0.0,0.0833333333333333,0.0,0.0,0.0,
github_provider_adoption_daily,derived://github_provider_adoption_daily,backfill-github-provider-adoption-daily,2026-05-02T08:12:15.616091Z,mistral,Mistral,,,,,,,,,,,,,,,,,,,,,,,2026-04-28,,,,,,,,,,,1.0,,,,,600.0,1.0,0.0,0.0833333333333333,0.0,0.0,1.0,
github_provider_adoption_daily,derived://github_provider_adoption_daily,backfill-github-provider-adoption-daily,2026-05-02T08:12:15.616091Z,moonshot,Moonshot,,,,,,,,,,,,,,,,,,,,,,,2026-04-28,,,,,,,,,,,5.0,,,,,600.0,5.0,0.0,0.0833333333333333,0.0,0.0,5.0,
github_provider_adoption_daily,derived://github_provider_adoption_daily,backfill-github-provider-adoption-daily,2026-05-02T08:12:15.616091Z,openai,OpenAI,,,,,,,,,,,,,,,,,,,,,,,2026-04-28,,,,,,,,,,,135.0,,,,,600.0,77.0,53.0,0.0833333333333333,16.0,31.0,35.0,
github_provider_adoption_daily,derived://github_provider_adoption_daily,backfill-github-provider-adoption-daily,2026-05-02T08:12:15.616091Z,pydantic_ai,PydanticAI,,,,,,,,,,,,,,,,,,,,,,,2026-04-28,,,,,,,,,,,0.0,,,,,600.0,0.0,0.0,0.0833333333333333,0.0,0.0,0.0,
github_provider_adoption_daily,derived://github_provider_adoption_daily,backfill-github-provider-adoption-daily,2026-05-02T08:12:15.616091Z,qwen,Qwen,,,,,,,,,,,,,,,,,,,,,,,2026-04-28,,,,,,,,,,,22.0,,,,,600.0,14.0,4.0,0.0833333333333333,1.0,4.0,13.0,
github_provider_adoption_daily,derived://github_provider_adoption_daily,backfill-github-provider-adoption-daily,2026-05-02T08:12:15.616091Z,zai,ZAI,,,,,,,,,,,,,,,,,,,,,,,2026-04-28,,,,,,,,,,,0.0,,,,,600.0,0.0,0.0,0.0833333333333333,0.0,0.0,0.0,
github_provider_adoption_daily,derived://github_provider_adoption_daily,backfill-github-provider-adoption-daily,2026-05-02T08:12:15.616091Z,anthropic,Anthropic,,,,,,,,,,,,,,,,,,,,,,,2026-04-29,,,,,,,,,,,68.0,,,,,600.0,33.0,27.0,0.0833333333333333,7.0,17.0,17.0,
github_provider_adoption_daily,derived://github_provider_adoption_daily,backfill-github-provider-adoption-daily,2026-05-02T08:12:15.616091Z,deepseek,DeepSeek,,,,,,,,,,,,,,,,,,,,,,,2026-04-29,,,,,,,,,,,11.0,,,,,600.0,11.0,0.0,0.0833333333333333,0.0,8.0,3.0,
github_provider_adoption_daily,derived://github_provider_adoption_daily,backfill-github-provider-adoption-daily,2026-05-02T08:12:15.616091Z,google,Google,,,,,,,,,,,,,,,,,,,,,,,2026-04-29,,,,,,,,,,,53.0,,,,,600.0,25.0,15.0,0.0833333333333333,14.0,19.0,5.0,
github_provider_adoption_daily,derived://github_provider_adoption_daily,backfill-github-provider-adoption-daily,2026-05-02T08:12:15.616091Z,langchain,LangChain,,,,,,,,,,,,,,,,,,,,,,,2026-04-29,,,,,,,,,,,13.0,,,,,600.0,10.0,10.0,0.0833333333333333,3.0,0.0,0.0,
github_provider_adoption_daily,derived://github_provider_adoption_daily,backfill-github-provider-adoption-daily,2026-05-02T08:12:15.616091Z,meta,Meta,,,,,,,,,,,,,,,,,,,,,,,2026-04-29,,,,,,,,,,,6.0,,,,,600.0,6.0,0.0,0.0833333333333333,0.0,0.0,6.0,
github_provider_adoption_daily,derived://github_provider_adoption_daily,backfill-github-provider-adoption-daily,2026-05-02T08:12:15.616091Z,minimax,Minimax,,,,,,,,,,,,,,,,,,,,,,,2026-04-29,,,,,,,,,,,3.0,,,,,600.0,3.0,0.0,0.0833333333333333,0.0,3.0,0.0,
github_provider_adoption_daily,derived://github_provider_adoption_daily,backfill-github-provider-adoption-daily,2026-05-02T08:12:15.616091Z,mistral,Mistral,,,,,,,,,,,,,,,,,,,,,,,2026-04-29,,,,,,,,,,,0.0,,,,,600.0,0.0,0.0,0.0833333333333333,0.0,0.0,0.0,
github_provider_adoption_daily,derived://github_provider_adoption_daily,backfill-github-provider-adoption-daily,2026-05-02T08:12:15.616091Z,moonshot,Moonshot,,,,,,,,,,,,,,,,,,,,,,,2026-04-29,,,,,,,,,,,8.0,,,,,600.0,7.0,0.0,0.0833333333333333,0.0,1.0,7.0,
github_provider_adoption_daily,derived://github_provider_adoption_daily,backfill-github-provider-adoption-daily,2026-05-02T08:12:15.616091Z,openai,OpenAI,,,,,,,,,,,,,,,,,,,,,,,2026-04-29,,,,,,,,,,,122.0,,,,,600.0,70.0,47.0,0.0833333333333333,15.0,25.0,35.0,
github_provider_adoption_daily,derived://github_provider_adoption_daily,backfill-github-provider-adoption-daily,2026-05-02T08:12:15.616091Z,pydantic_ai,PydanticAI,,,,,,,,,,,,,,,,,,,,,,,2026-04-29,,,,,,,,,,,0.0,,,,,600.0,0.0,0.0,0.0833333333333333,0.0,0.0,0.0,
github_provider_adoption_daily,derived://github_provider_adoption_daily,backfill-github-provider-adoption-daily,2026-05-02T08:12:15.616091Z,qwen,Qwen,,,,,,,,,,,,,,,,,,,,,,,2026-04-29,,,,,,,,,,,9.0,,,,,600.0,5.0,2.0,0.0833333333333333,0.0,2.0,5.0,
github_provider_adoption_daily,derived://github_provider_adoption_daily,backfill-github-provider-adoption-daily,2026-05-02T08:12:15.616091Z,zai,ZAI,,,,,,,,,,,,,,,,,,,,,,,2026-04-29,,,,,,,,,,,0.0,,,,,600.0,0.0,0.0,0.0833333333333333,0.0,0.0,0.0,
github_provider_adoption_daily,derived://github_provider_adoption_daily,backfill-github-provider-adoption-daily,2026-05-02T08:12:15.616091Z,anthropic,Anthropic,,,,,,,,,,,,,,,,,,,,,,,2026-04-30,,,,,,,,,,,61.0,,,,,600.0,37.0,27.0,0.0833333333333333,6.0,15.0,13.0,
github_provider_adoption_daily,derived://github_provider_adoption_daily,backfill-github-provider-adoption-daily,2026-05-02T08:12:15.616091Z,deepseek,DeepSeek,,,,,,,,,,,,,,,,,,,,,,,2026-04-30,,,,,,,,,,,16.0,,,,,600.0,14.0,0.0,0.0833333333333333,0.0,13.0,3.0,
github_provider_adoption_daily,derived://github_provider_adoption_daily,backfill-github-provider-adoption-daily,2026-05-02T08:12:15.616091Z,google,Google,,,,,,,,,,,,,,,,,,,,,,,2026-04-30,,,,,,,,,,,49.0,,,,,600.0,23.0,14.0,0.0833333333333333,10.0,16.0,9.0,
github_provider_adoption_daily,derived://github_provider_adoption_daily,backfill-github-provider-adoption-daily,2026-05-02T08:12:15.616091Z,langchain,LangChain,,,,,,,,,,,,,,,,,,,,,,,2026-04-30,,,,,,,,,,,14.0,,,,,600.0,11.0,11.0,0.0833333333333333,3.0,0.0,0.0,
github_provider_adoption_daily,derived://github_provider_adoption_daily,backfill-github-provider-adoption-daily,2026-05-02T08:12:15.616091Z,meta,Meta,,,,,,,,,,,,,,,,,,,,,,,2026-04-30,,,,,,,,,,,9.0,,,,,600.0,9.0,0.0,0.0833333333333333,0.0,0.0,9.0,
github_provider_adoption_daily,derived://github_provider_adoption_daily,backfill-github-provider-adoption-daily,2026-05-02T08:12:15.616091Z,minimax,Minimax,,,,,,,,,,,,,,,,,,,,,,,2026-04-30,,,,,,,,,,,4.0,,,,,600.0,4.0,0.0,0.0833333333333333,0.0,4.0,0.0,
github_provider_adoption_daily,derived://github_provider_adoption_daily,backfill-github-provider-adoption-daily,2026-05-02T08:12:15.616091Z,mistral,Mistral,,,,,,,,,,,,,,,,,,,,,,,2026-04-30,,,,,,,,,,,5.0,,,,,600.0,3.0,0.0,0.0833333333333333,0.0,3.0,2.0,
github_provider_adoption_daily,derived://github_provider_adoption_daily,backfill-github-provider-adoption-daily,2026-05-02T08:12:15.616091Z,moonshot,Moonshot,,,,,,,,,,,,,,,,,,,,,,,2026-04-30,,,,,,,,,,,19.0,,,,,600.0,17.0,0.0,0.0833333333333333,0.0,5.0,14.0,
github_provider_adoption_daily,derived://github_provider_adoption_daily,backfill-github-provider-adoption-daily,2026-05-02T08:12:15.616091Z,openai,OpenAI,,,,,,,,,,,,,,,,,,,,,,,2026-04-30,,,,,,,,,,,122.0,,,,,600.0,71.0,49.0,0.0833333333333333,10.0,34.0,29.0,
github_provider_adoption_daily,derived://github_provider_adoption_daily,backfill-github-provider-adoption-daily,2026-05-02T08:12:15.616091Z,pydantic_ai,PydanticAI,,,,,,,,,,,,,,,,,,,,,,,2026-04-30,,,,,,,,,,,0.0,,,,,600.0,0.0,0.0,0.0833333333333333,0.0,0.0,0.0,
github_provider_adoption_daily,derived://github_provider_adoption_daily,backfill-github-provider-adoption-daily,2026-05-02T08:12:15.616091Z,qwen,Qwen,,,,,,,,,,,,,,,,,,,,,,,2026-04-30,,,,,,,,,,,25.0,,,,,600.0,16.0,7.0,0.0833333333333333,0.0,8.0,10.0,
github_provider_adoption_daily,derived://github_provider_adoption_daily,backfill-github-provider-adoption-daily,2026-05-02T08:12:15.616091Z,zai,ZAI,,,,,,,,,,,,,,,,,,,,,,,2026-04-30,,,,,,,,,,,0.0,,,,,600.0,0.0,0.0,0.0833333333333333,0.0,0.0,0.0,
github_provider_adoption_daily,derived://github_provider_adoption_daily,backfill-github-provider-adoption-daily,2026-05-02T08:12:15.616091Z,anthropic,Anthropic,,,,,,,,,,,,,,,,,,,,,,,2026-05-01,,,,,,,,,,,78.0,,,,,600.0,45.0,37.0,0.0833333333333333,6.0,21.0,14.0,
github_provider_adoption_daily,derived://github_provider_adoption_daily,backfill-github-provider-adoption-daily,2026-05-02T08:12:15.616091Z,deepseek,DeepSeek,,,,,,,,,,,,,,,,,,,,,,,2026-05-01,,,,,,,,,,,5.0,,,,,600.0,5.0,0.0,0.0833333333333333,0.0,2.0,3.0,
github_provider_adoption_daily,derived://github_provider_adoption_daily,backfill-github-provider-adoption-daily,2026-05-02T08:12:15.616091Z,google,Google,,,,,,,,,,,,,,,,,,,,,,,2026-05-01,,,,,,,,,,,88.0,,,,,600.0,39.0,23.0,0.0833333333333333,23.0,31.0,11.0,
github_provider_adoption_daily,derived://github_provider_adoption_daily,backfill-github-provider-adoption-daily,2026-05-02T08:12:15.616091Z,langchain,LangChain,,,,,,,,,,,,,,,,,,,,,,,2026-05-01,,,,,,,,,,,12.0,,,,,600.0,10.0,9.0,0.0833333333333333,3.0,0.0,0.0,
github_provider_adoption_daily,derived://github_provider_adoption_daily,backfill-github-provider-adoption-daily,2026-05-02T08:12:15.616091Z,meta,Meta,,,,,,,,,,,,,,,,,,,,,,,2026-05-01,,,,,,,,,,,8.0,,,,,600.0,8.0,0.0,0.0833333333333333,0.0,0.0,8.0,
github_provider_adoption_daily,derived://github_provider_adoption_daily,backfill-github-provider-adoption-daily,2026-05-02T08:12:15.616091Z,minimax,Minimax,,,,,,,,,,,,,,,,,,,,,,,2026-05-01,,,,,,,,,,,2.0,,,,,600.0,2.0,0.0,0.0833333333333333,0.0,2.0,0.0,
github_provider_adoption_daily,derived://github_provider_adoption_daily,backfill-github-provider-adoption-daily,2026-05-02T08:12:15.616091Z,mistral,Mistral,,,,,,,,,,,,,,,,,,,,,,,2026-05-01,,,,,,,,,,,3.0,,,,,600.0,2.0,1.0,0.0833333333333333,0.0,1.0,1.0,
github_provider_adoption_daily,derived://github_provider_adoption_daily,backfill-github-provider-adoption-daily,2026-05-02T08:12:15.616091Z,moonshot,Moonshot,,,,,,,,,,,,,,,,,,,,,,,2026-05-01,,,,,,,,,,,8.0,,,,,600.0,8.0,0.0,0.0833333333333333,0.0,0.0,8.0,
github_provider_adoption_daily,derived://github_provider_adoption_daily,backfill-github-provider-adoption-daily,2026-05-02T08:12:15.616091Z,openai,OpenAI,,,,,,,,,,,,,,,,,,,,,,,2026-05-01,,,,,,,,,,,105.0,,,,,600.0,67.0,50.0,0.0833333333333333,9.0,19.0,27.0,
github_provider_adoption_daily,derived://github_provider_adoption_daily,backfill-github-provider-adoption-daily,2026-05-02T08:12:15.616091Z,pydantic_ai,PydanticAI,,,,,,,,,,,,,,,,,,,,,,,2026-05-01,,,,,,,,,,,0.0,,,,,600.0,0.0,0.0,0.0833333333333333,0.0,0.0,0.0,
github_provider_adoption_daily,derived://github_provider_adoption_daily,backfill-github-provider-adoption-daily,2026-05-02T08:12:15.616091Z,qwen,Qwen,,,,,,,,,,,,,,,,,,,,,,,2026-05-01,,,,,,,,,,,11.0,,,,,600.0,9.0,2.0,0.0833333333333333,0.0,3.0,6.0,
github_provider_adoption_daily,derived://github_provider_adoption_daily,backfill-github-provider-adoption-daily,2026-05-02T08:12:15.616091Z,zai,ZAI,,,,,,,,,,,,,,,,,,,,,,,2026-05-01,,,,,,,,,,,0.0,,,,,600.0,0.0,0.0,0.0833333333333333,0.0,0.0,0.0,
github_provider_adoption_daily,derived://github_provider_adoption_daily,20260506T091316Z-d18b4671,2026-05-06T09:13:16.540297Z,anthropic,Anthropic,,,,,,,,,,,,,,,,,,,,,,,2026-05-05,,,,,,,,,,,70.0,,,,,600.0,38.0,28.0,0.0833333333333333,9.0,13.0,20.0,
github_provider_adoption_daily,derived://github_provider_adoption_daily,20260506T091316Z-d18b4671,2026-05-06T09:13:16.540297Z,deepseek,DeepSeek,,,,,,,,,,,,,,,,,,,,,,,2026-05-05,,,,,,,,,,,16.0,,,,,600.0,15.0,0.0,0.0833333333333333,0.0,11.0,5.0,
github_provider_adoption_daily,derived://github_provider_adoption_daily,20260506T091316Z-d18b4671,2026-05-06T09:13:16.540297Z,google,Google,,,,,,,,,,,,,,,,,,,,,,,2026-05-05,,,,,,,,,,,59.0,,,,,600.0,29.0,16.0,0.0833333333333333,14.0,20.0,9.0,
github_provider_adoption_daily,derived://github_provider_adoption_daily,20260506T091316Z-d18b4671,2026-05-06T09:13:16.540297Z,langchain,LangChain,,,,,,,,,,,,,,,,,,,,,,,2026-05-05,,,,,,,,,,,20.0,,,,,600.0,13.0,13.0,0.0833333333333333,7.0,0.0,0.0,
github_provider_adoption_daily,derived://github_provider_adoption_daily,20260506T091316Z-d18b4671,2026-05-06T09:13:16.540297Z,meta,Meta,,,,,,,,,,,,,,,,,,,,,,,2026-05-05,,,,,,,,,,,9.0,,,,,600.0,9.0,0.0,0.0833333333333333,0.0,0.0,9.0,
github_provider_adoption_daily,derived://github_provider_adoption_daily,20260506T091316Z-d18b4671,2026-05-06T09:13:16.540297Z,minimax,Minimax,,,,,,,,,,,,,,,,,,,,,,,2026-05-05,,,,,,,,,,,0.0,,,,,600.0,0.0,0.0,0.0833333333333333,0.0,0.0,0.0,
github_provider_adoption_daily,derived://github_provider_adoption_daily,20260506T091316Z-d18b4671,2026-05-06T09:13:16.540297Z,mistral,Mistral,,,,,,,,,,,,,,,,,,,,,,,2026-05-05,,,,,,,,,,,5.0,,,,,600.0,4.0,2.0,0.0833333333333333,0.0,0.0,3.0,
github_provider_adoption_daily,derived://github_provider_adoption_daily,20260506T091316Z-d18b4671,2026-05-06T09:13:16.540297Z,moonshot,Moonshot,,,,,,,,,,,,,,,,,,,,,,,2026-05-05,,,,,,,,,,,8.0,,,,,600.0,8.0,0.0,0.0833333333333333,0.0,0.0,8.0,
github_provider_adoption_daily,derived://github_provider_adoption_daily,20260506T091316Z-d18b4671,2026-05-06T09:13:16.540297Z,openai,OpenAI,,,,,,,,,,,,,,,,,,,,,,,2026-05-05,,,,,,,,,,,130.0,,,,,600.0,72.0,52.0,0.0833333333333333,14.0,31.0,33.0,
github_provider_adoption_daily,derived://github_provider_adoption_daily,20260506T091316Z-d18b4671,2026-05-06T09:13:16.540297Z,pydantic_ai,PydanticAI,,,,,,,,,,,,,,,,,,,,,,,2026-05-05,,,,,,,,,,,0.0,,,,,600.0,0.0,0.0,0.0833333333333333,0.0,0.0,0.0,
github_provider_adoption_daily,derived://github_provider_adoption_daily,20260506T091316Z-d18b4671,2026-05-06T09:13:16.540297Z,qwen,Qwen,,,,,,,,,,,,,,,,,,,,,,,2026-05-05,,,,,,,,,,,18.0,,,,,600.0,12.0,6.0,0.0833333333333333,0.0,4.0,8.0,
github_provider_adoption_daily,derived://github_provider_adoption_daily,20260506T091316Z-d18b4671,2026-05-06T09:13:16.540297Z,zai,ZAI,,,,,,,,,,,,,,,,,,,,,,,2026-05-05,,,,,,,,,,,0.0,,,,,600.0,0.0,0.0,0.0833333333333333,0.0,0.0,0.0,
github_provider_adoption_daily,derived://github_provider_adoption_daily,20260507T091430Z-a5d16040,2026-05-07T09:14:30.164785Z,anthropic,Anthropic,,,,,,,,,,,,,,,,,,,,,,,2026-05-06,,,,,,,,,,,78.0,,,,,600.0,41.0,32.0,0.0833333333333333,6.0,23.0,17.0,
github_provider_adoption_daily,derived://github_provider_adoption_daily,20260507T091430Z-a5d16040,2026-05-07T09:14:30.164785Z,deepseek,DeepSeek,,,,,,,,,,,,,,,,,,,,,,,2026-05-06,,,,,,,,,,,9.0,,,,,600.0,9.0,0.0,0.0833333333333333,0.0,7.0,2.0,
github_provider_adoption_daily,derived://github_provider_adoption_daily,20260507T091430Z-a5d16040,2026-05-07T09:14:30.164785Z,google,Google,,,,,,,,,,,,,,,,,,,,,,,2026-05-06,,,,,,,,,,,65.0,,,,,600.0,28.0,18.0,0.0833333333333333,17.0,19.0,11.0,
github_provider_adoption_daily,derived://github_provider_adoption_daily,20260507T091430Z-a5d16040,2026-05-07T09:14:30.164785Z,langchain,LangChain,,,,,,,,,,,,,,,,,,,,,,,2026-05-06,,,,,,,,,,,14.0,,,,,600.0,9.0,9.0,0.0833333333333333,5.0,0.0,0.0,
github_provider_adoption_daily,derived://github_provider_adoption_daily,20260507T091430Z-a5d16040,2026-05-07T09:14:30.164785Z,meta,Meta,,,,,,,,,,,,,,,,,,,,,,,2026-05-06,,,,,,,,,,,4.0,,,,,600.0,4.0,0.0,0.0833333333333333,0.0,0.0,4.0,
github_provider_adoption_daily,derived://github_provider_adoption_daily,20260507T091430Z-a5d16040,2026-05-07T09:14:30.164785Z,minimax,Minimax,,,,,,,,,,,,,,,,,,,,,,,2026-05-06,,,,,,,,,,,2.0,,,,,600.0,2.0,0.0,0.0833333333333333,0.0,2.0,0.0,
github_provider_adoption_daily,derived://github_provider_adoption_daily,20260507T091430Z-a5d16040,2026-05-07T09:14:30.164785Z,mistral,Mistral,,,,,,,,,,,,,,,,,,,,,,,2026-05-06,,,,,,,,,,,2.0,,,,,600.0,2.0,0.0,0.0833333333333333,0.0,1.0,1.0,
github_provider_adoption_daily,derived://github_provider_adoption_daily,20260507T091430Z-a5d16040,2026-05-07T09:14:30.164785Z,moonshot,Moonshot,,,,,,,,,,,,,,,,,,,,,,,2026-05-06,,,,,,,,,,,12.0,,,,,600.0,11.0,0.0,0.0833333333333333,0.0,1.0,11.0,
github_provider_adoption_daily,derived://github_provider_adoption_daily,20260507T091430Z-a5d16040,2026-05-07T09:14:30.164785Z,openai,OpenAI,,,,,,,,,,,,,,,,,,,,,,,2026-05-06,,,,,,,,,,,112.0,,,,,600.0,68.0,52.0,0.0833333333333333,11.0,26.0,23.0,
github_provider_adoption_daily,derived://github_provider_adoption_daily,20260507T091430Z-a5d16040,2026-05-07T09:14:30.164785Z,pydantic_ai,PydanticAI,,,,,,,,,,,,,,,,,,,,,,,2026-05-06,,,,,,,,,,,0.0,,,,,600.0,0.0,0.0,0.0833333333333333,0.0,0.0,0.0,
github_provider_adoption_daily,derived://github_provider_adoption_daily,20260507T091430Z-a5d16040,2026-05-07T09:14:30.164785Z,qwen,Qwen,,,,,,,,,,,,,,,,,,,,,,,2026-05-06,,,,,,,,,,,11.0,,,,,600.0,7.0,4.0,0.0833333333333333,0.0,3.0,4.0,
github_provider_adoption_daily,derived://github_provider_adoption_daily,20260507T091430Z-a5d16040,2026-05-07T09:14:30.164785Z,zai,ZAI,,,,,,,,,,,,,,,,,,,,,,,2026-05-06,,,,,,,,,,,0.0,,,,,600.0,0.0,0.0,0.0833333333333333,0.0,0.0,0.0,
github_provider_adoption_daily,derived://github_provider_adoption_daily,20260508T081341Z-422dbc39,2026-05-08T08:13:41.433134Z,anthropic,Anthropic,,,,,,,,,,,,,,,,,,,,,,,2026-05-07,,,,,,,,,,,58.0,,,,,600.0,31.0,22.0,0.0833333333333333,4.0,15.0,17.0,
github_provider_adoption_daily,derived://github_provider_adoption_daily,20260508T081341Z-422dbc39,2026-05-08T08:13:41.433134Z,deepseek,DeepSeek,,,,,,,,,,,,,,,,,,,,,,,2026-05-07,,,,,,,,,,,9.0,,,,,600.0,9.0,0.0,0.0833333333333333,0.0,5.0,4.0,
github_provider_adoption_daily,derived://github_provider_adoption_daily,20260508T081341Z-422dbc39,2026-05-08T08:13:41.433134Z,google,Google,,,,,,,,,,,,,,,,,,,,,,,2026-05-07,,,,,,,,,,,51.0,,,,,600.0,22.0,14.0,0.0833333333333333,11.0,18.0,8.0,
github_provider_adoption_daily,derived://github_provider_adoption_daily,20260508T081341Z-422dbc39,2026-05-08T08:13:41.433134Z,langchain,LangChain,,,,,,,,,,,,,,,,,,,,,,,2026-05-07,,,,,,,,,,,14.0,,,,,600.0,9.0,8.0,0.0833333333333333,6.0,0.0,0.0,
github_provider_adoption_daily,derived://github_provider_adoption_daily,20260508T081341Z-422dbc39,2026-05-08T08:13:41.433134Z,meta,Meta,,,,,,,,,,,,,,,,,,,,,,,2026-05-07,,,,,,,,,,,8.0,,,,,600.0,8.0,0.0,0.0833333333333333,0.0,0.0,8.0,
github_provider_adoption_daily,derived://github_provider_adoption_daily,20260508T081341Z-422dbc39,2026-05-08T08:13:41.433134Z,minimax,Minimax,,,,,,,,,,,,,,,,,,,,,,,2026-05-07,,,,,,,,,,,2.0,,,,,600.0,2.0,0.0,0.0833333333333333,0.0,2.0,0.0,
github_provider_adoption_daily,derived://github_provider_adoption_daily,20260508T081341Z-422dbc39,2026-05-08T08:13:41.433134Z,mistral,Mistral,,,,,,,,,,,,,,,,,,,,,,,2026-05-07,,,,,,,,,,,3.0,,,,,600.0,3.0,0.0,0.0833333333333333,0.0,1.0,2.0,
github_provider_adoption_daily,derived://github_provider_adoption_daily,20260508T081341Z-422dbc39,2026-05-08T08:13:41.433134Z,moonshot,Moonshot,,,,,,,,,,,,,,,,,,,,,,,2026-05-07,,,,,,,,,,,10.0,,,,,600.0,10.0,0.0,0.0833333333333333,0.0,0.0,10.0,
github_provider_adoption_daily,derived://github_provider_adoption_daily,20260508T081341Z-422dbc39,2026-05-08T08:13:41.433134Z,openai,OpenAI,,,,,,,,,,,,,,,,,,,,,,,2026-05-07,,,,,,,,,,,105.0,,,,,600.0,67.0,44.0,0.0833333333333333,7.0,23.0,31.0,
github_provider_adoption_daily,derived://github_provider_adoption_daily,20260508T081341Z-422dbc39,2026-05-08T08:13:41.433134Z,pydantic_ai,PydanticAI,,,,,,,,,,,,,,,,,,,,,,,2026-05-07,,,,,,,,,,,1.0,,,,,600.0,1.0,1.0,0.0833333333333333,0.0,0.0,0.0,
github_provider_adoption_daily,derived://github_provider_adoption_daily,20260508T081341Z-422dbc39,2026-05-08T08:13:41.433134Z,qwen,Qwen,,,,,,,,,,,,,,,,,,,,,,,2026-05-07,,,,,,,,,,,9.0,,,,,600.0,9.0,0.0,0.0833333333333333,0.0,0.0,9.0,
github_provider_adoption_daily,derived://github_provider_adoption_daily,20260508T081341Z-422dbc39,2026-05-08T08:13:41.433134Z,zai,ZAI,,,,,,,,,,,,,,,,,,,,,,,2026-05-07,,,,,,,,,,,0.0,,,,,600.0,0.0,0.0,0.0833333333333333,0.0,0.0,0.0,
github_provider_adoption_daily,derived://github_provider_adoption_daily,20260509T081959Z-625bac2f,2026-05-09T08:19:59.418113Z,anthropic,Anthropic,,,,,,,,,,,,,,,,,,,,,,,2026-05-08,,,,,,,,,,,40.0,,,,,600.0,20.0,15.0,0.0833333333333333,5.0,11.0,9.0,
github_provider_adoption_daily,derived://github_provider_adoption_daily,20260509T081959Z-625bac2f,2026-05-09T08:19:59.418113Z,deepseek,DeepSeek,,,,,,,,,,,,,,,,,,,,,,,2026-05-08,,,,,,,,,,,9.0,,,,,600.0,8.0,0.0,0.0833333333333333,0.0,7.0,2.0,
github_provider_adoption_daily,derived://github_provider_adoption_daily,20260509T081959Z-625bac2f,2026-05-09T08:19:59.418113Z,google,Google,,,,,,,,,,,,,,,,,,,,,,,2026-05-08,,,,,,,,,,,60.0,,,,,600.0,34.0,17.0,0.0833333333333333,14.0,19.0,10.0,
github_provider_adoption_daily,derived://github_provider_adoption_daily,20260509T081959Z-625bac2f,2026-05-09T08:19:59.418113Z,langchain,LangChain,,,,,,,,,,,,,,,,,,,,,,,2026-05-08,,,,,,,,,,,8.0,,,,,600.0,5.0,5.0,0.0833333333333333,3.0,0.0,0.0,
github_provider_adoption_daily,derived://github_provider_adoption_daily,20260509T081959Z-625bac2f,2026-05-09T08:19:59.418113Z,meta,Meta,,,,,,,,,,,,,,,,,,,,,,,2026-05-08,,,,,,,,,,,9.0,,,,,600.0,9.0,0.0,0.0833333333333333,0.0,0.0,9.0,
github_provider_adoption_daily,derived://github_provider_adoption_daily,20260509T081959Z-625bac2f,2026-05-09T08:19:59.418113Z,minimax,Minimax,,,,,,,,,,,,,,,,,,,,,,,2026-05-08,,,,,,,,,,,2.0,,,,,600.0,2.0,0.0,0.0833333333333333,0.0,2.0,0.0,
github_provider_adoption_daily,derived://github_provider_adoption_daily,20260509T081959Z-625bac2f,2026-05-09T08:19:59.418113Z,mistral,Mistral,,,,,,,,,,,,,,,,,,,,,,,2026-05-08,,,,,,,,,,,3.0,,,,,600.0,3.0,1.0,0.0833333333333333,0.0,0.0,2.0,
github_provider_adoption_daily,derived://github_provider_adoption_daily,20260509T081959Z-625bac2f,2026-05-09T08:19:59.418113Z,moonshot,Moonshot,,,,,,,,,,,,,,,,,,,,,,,2026-05-08,,,,,,,,,,,6.0,,,,,600.0,5.0,0.0,0.0833333333333333,0.0,1.0,5.0,
github_provider_adoption_daily,derived://github_provider_adoption_daily,20260509T081959Z-625bac2f,2026-05-09T08:19:59.418113Z,openai,OpenAI,,,,,,,,,,,,,,,,,,,,,,,2026-05-08,,,,,,,,,,,108.0,,,,,600.0,61.0,44.0,0.0833333333333333,12.0,26.0,26.0,
github_provider_adoption_daily,derived://github_provider_adoption_daily,20260509T081959Z-625bac2f,2026-05-09T08:19:59.418113Z,pydantic_ai,PydanticAI,,,,,,,,,,,,,,,,,,,,,,,2026-05-08,,,,,,,,,,,0.0,,,,,600.0,0.0,0.0,0.0833333333333333,0.0,0.0,0.0,
github_provider_adoption_daily,derived://github_provider_adoption_daily,20260509T081959Z-625bac2f,2026-05-09T08:19:59.418113Z,qwen,Qwen,,,,,,,,,,,,,,,,,,,,,,,2026-05-08,,,,,,,,,,,9.0,,,,,600.0,7.0,5.0,0.0833333333333333,0.0,2.0,2.0,
github_provider_adoption_daily,derived://github_provider_adoption_daily,20260509T081959Z-625bac2f,2026-05-09T08:19:59.418113Z,zai,ZAI,,,,,,,,,,,,,,,,,,,,,,,2026-05-08,,,,,,,,,,,0.0,,,,,600.0,0.0,0.0,0.0833333333333333,0.0,0.0,0.0,
github_provider_adoption_daily,derived://github_provider_adoption_daily,20260510T082832Z-b5ceeb37,2026-05-10T08:28:32.959872Z,anthropic,Anthropic,,,,,,,,,,,,,,,,,,,,,,,2026-05-09,,,,,,,,,,,56.0,,,,,600.0,28.0,18.0,0.0833333333333333,10.0,14.0,14.0,
github_provider_adoption_daily,derived://github_provider_adoption_daily,20260510T082832Z-b5ceeb37,2026-05-10T08:28:32.959872Z,deepseek,DeepSeek,,,,,,,,,,,,,,,,,,,,,,,2026-05-09,,,,,,,,,,,14.0,,,,,600.0,14.0,0.0,0.0833333333333333,0.0,11.0,3.0,
github_provider_adoption_daily,derived://github_provider_adoption_daily,20260510T082832Z-b5ceeb37,2026-05-10T08:28:32.959872Z,google,Google,,,,,,,,,,,,,,,,,,,,,,,2026-05-09,,,,,,,,,,,47.0,,,,,600.0,22.0,11.0,0.0833333333333333,11.0,13.0,12.0,
github_provider_adoption_daily,derived://github_provider_adoption_daily,20260510T082832Z-b5ceeb37,2026-05-10T08:28:32.959872Z,langchain,LangChain,,,,,,,,,,,,,,,,,,,,,,,2026-05-09,,,,,,,,,,,9.0,,,,,600.0,7.0,6.0,0.0833333333333333,3.0,0.0,0.0,
github_provider_adoption_daily,derived://github_provider_adoption_daily,20260510T082832Z-b5ceeb37,2026-05-10T08:28:32.959872Z,meta,Meta,,,,,,,,,,,,,,,,,,,,,,,2026-05-09,,,,,,,,,,,7.0,,,,,600.0,7.0,0.0,0.0833333333333333,0.0,0.0,7.0,
github_provider_adoption_daily,derived://github_provider_adoption_daily,20260510T082832Z-b5ceeb37,2026-05-10T08:28:32.959872Z,minimax,Minimax,,,,,,,,,,,,,,,,,,,,,,,2026-05-09,,,,,,,,,,,1.0,,,,,600.0,1.0,0.0,0.0833333333333333,0.0,1.0,0.0,
github_provider_adoption_daily,derived://github_provider_adoption_daily,20260510T082832Z-b5ceeb37,2026-05-10T08:28:32.959872Z,mistral,Mistral,,,,,,,,,,,,,,,,,,,,,,,2026-05-09,,,,,,,,,,,6.0,,,,,600.0,4.0,1.0,0.0833333333333333,0.0,1.0,4.0,
github_provider_adoption_daily,derived://github_provider_adoption_daily,20260510T082832Z-b5ceeb37,2026-05-10T08:28:32.959872Z,moonshot,Moonshot,,,,,,,,,,,,,,,,,,,,,,,2026-05-09,,,,,,,,,,,7.0,,,,,600.0,7.0,0.0,0.0833333333333333,0.0,0.0,7.0,
github_provider_adoption_daily,derived://github_provider_adoption_daily,20260510T082832Z-b5ceeb37,2026-05-10T08:28:32.959872Z,openai,OpenAI,,,,,,,,,,,,,,,,,,,,,,,2026-05-09,,,,,,,,,,,98.0,,,,,600.0,59.0,40.0,0.0833333333333333,5.0,29.0,24.0,
github_provider_adoption_daily,derived://github_provider_adoption_daily,20260510T082832Z-b5ceeb37,2026-05-10T08:28:32.959872Z,pydantic_ai,PydanticAI,,,,,,,,,,,,,,,,,,,,,,,2026-05-09,,,,,,,,,,,0.0,,,,,600.0,0.0,0.0,0.0833333333333333,0.0,0.0,0.0,
github_provider_adoption_daily,derived://github_provider_adoption_daily,20260510T082832Z-b5ceeb37,2026-05-10T08:28:32.959872Z,qwen,Qwen,,,,,,,,,,,,,,,,,,,,,,,2026-05-09,,,,,,,,,,,8.0,,,,,600.0,6.0,2.0,0.0833333333333333,0.0,1.0,5.0,
github_provider_adoption_daily,derived://github_provider_adoption_daily,20260510T082832Z-b5ceeb37,2026-05-10T08:28:32.959872Z,zai,ZAI,,,,,,,,,,,,,,,,,,,,,,,2026-05-09,,,,,,,,,,,0.0,,,,,600.0,0.0,0.0,0.0833333333333333,0.0,0.0,0.0,
github_provider_adoption_daily,derived://github_provider_adoption_daily,20260511T101430Z-89e8eff1,2026-05-11T10:14:30.755185Z,anthropic,Anthropic,,,,,,,,,,,,,,,,,,,,,,,2026-05-10,,,,,,,,,,,57.0,,,,,600.0,31.0,23.0,0.0833333333333333,6.0,14.0,14.0,
github_provider_adoption_daily,derived://github_provider_adoption_daily,20260511T101430Z-89e8eff1,2026-05-11T10:14:30.755185Z,deepseek,DeepSeek,,,,,,,,,,,,,,,,,,,,,,,2026-05-10,,,,,,,,,,,12.0,,,,,600.0,11.0,0.0,0.0833333333333333,0.0,9.0,3.0,
github_provider_adoption_daily,derived://github_provider_adoption_daily,20260511T101430Z-89e8eff1,2026-05-11T10:14:30.755185Z,google,Google,,,,,,,,,,,,,,,,,,,,,,,2026-05-10,,,,,,,,,,,81.0,,,,,600.0,35.0,23.0,0.0833333333333333,20.0,24.0,14.0,
github_provider_adoption_daily,derived://github_provider_adoption_daily,20260511T101430Z-89e8eff1,2026-05-11T10:14:30.755185Z,langchain,LangChain,,,,,,,,,,,,,,,,,,,,,,,2026-05-10,,,,,,,,,,,16.0,,,,,600.0,13.0,10.0,0.0833333333333333,6.0,0.0,0.0,
github_provider_adoption_daily,derived://github_provider_adoption_daily,20260511T101430Z-89e8eff1,2026-05-11T10:14:30.755185Z,meta,Meta,,,,,,,,,,,,,,,,,,,,,,,2026-05-10,,,,,,,,,,,5.0,,,,,600.0,5.0,0.0,0.0833333333333333,0.0,0.0,5.0,
github_provider_adoption_daily,derived://github_provider_adoption_daily,20260511T101430Z-89e8eff1,2026-05-11T10:14:30.755185Z,minimax,Minimax,,,,,,,,,,,,,,,,,,,,,,,2026-05-10,,,,,,,,,,,0.0,,,,,600.0,0.0,0.0,0.0833333333333333,0.0,0.0,0.0,
github_provider_adoption_daily,derived://github_provider_adoption_daily,20260511T101430Z-89e8eff1,2026-05-11T10:14:30.755185Z,mistral,Mistral,,,,,,,,,,,,,,,,,,,,,,,2026-05-10,,,,,,,,,,,0.0,,,,,600.0,0.0,0.0,0.0833333333333333,0.0,0.0,0.0,
github_provider_adoption_daily,derived://github_provider_adoption_daily,20260511T101430Z-89e8eff1,2026-05-11T10:14:30.755185Z,moonshot,Moonshot,,,,,,,,,,,,,,,,,,,,,,,2026-05-10,,,,,,,,,,,5.0,,,,,600.0,5.0,0.0,0.0833333333333333,0.0,0.0,5.0,
github_provider_adoption_daily,derived://github_provider_adoption_daily,20260511T101430Z-89e8eff1,2026-05-11T10:14:30.755185Z,openai,OpenAI,,,,,,,,,,,,,,,,,,,,,,,2026-05-10,,,,,,,,,,,99.0,,,,,600.0,62.0,51.0,0.0833333333333333,7.0,22.0,19.0,
github_provider_adoption_daily,derived://github_provider_adoption_daily,20260511T101430Z-89e8eff1,2026-05-11T10:14:30.755185Z,pydantic_ai,PydanticAI,,,,,,,,,,,,,,,,,,,,,,,2026-05-10,,,,,,,,,,,0.0,,,,,600.0,0.0,0.0,0.0833333333333333,0.0,0.0,0.0,
github_provider_adoption_daily,derived://github_provider_adoption_daily,20260511T101430Z-89e8eff1,2026-05-11T10:14:30.755185Z,qwen,Qwen,,,,,,,,,,,,,,,,,,,,,,,2026-05-10,,,,,,,,,,,8.0,,,,,600.0,6.0,2.0,0.0833333333333333,0.0,1.0,5.0,
github_provider_adoption_daily,derived://github_provider_adoption_daily,20260511T101430Z-89e8eff1,2026-05-11T10:14:30.755185Z,zai,ZAI,,,,,,,,,,,,,,,,,,,,,,,2026-05-10,,,,,,,,,,,0.0,,,,,600.0,0.0,0.0,0.0833333333333333,0.0,0.0,0.0,
github_provider_adoption_daily,derived://github_provider_adoption_daily,20260512T092111Z-d806a98e,2026-05-12T09:21:11.307721Z,anthropic,Anthropic,,,,,,,,,,,,,,,,,,,,,,,2026-05-11,,,,,,,,,,,50.0,,,,,600.0,25.0,18.0,0.0833333333333333,9.0,13.0,10.0,
github_provider_adoption_daily,derived://github_provider_adoption_daily,20260512T092111Z-d806a98e,2026-05-12T09:21:11.307721Z,deepseek,DeepSeek,,,,,,,,,,,,,,,,,,,,,,,2026-05-11,,,,,,,,,,,11.0,,,,,600.0,11.0,0.0,0.0833333333333333,0.0,9.0,2.0,
github_provider_adoption_daily,derived://github_provider_adoption_daily,20260512T092111Z-d806a98e,2026-05-12T09:21:11.307721Z,google,Google,,,,,,,,,,,,,,,,,,,,,,,2026-05-11,,,,,,,,,,,45.0,,,,,600.0,21.0,15.0,0.0833333333333333,11.0,15.0,4.0,
github_provider_adoption_daily,derived://github_provider_adoption_daily,20260512T092111Z-d806a98e,2026-05-12T09:21:11.307721Z,langchain,LangChain,,,,,,,,,,,,,,,,,,,,,,,2026-05-11,,,,,,,,,,,5.0,,,,,600.0,5.0,5.0,0.0833333333333333,0.0,0.0,0.0,
github_provider_adoption_daily,derived://github_provider_adoption_daily,20260512T092111Z-d806a98e,2026-05-12T09:21:11.307721Z,meta,Meta,,,,,,,,,,,,,,,,,,,,,,,2026-05-11,,,,,,,,,,,3.0,,,,,600.0,3.0,0.0,0.0833333333333333,0.0,0.0,3.0,
github_provider_adoption_daily,derived://github_provider_adoption_daily,20260512T092111Z-d806a98e,2026-05-12T09:21:11.307721Z,minimax,Minimax,,,,,,,,,,,,,,,,,,,,,,,2026-05-11,,,,,,,,,,,2.0,,,,,600.0,2.0,0.0,0.0833333333333333,0.0,2.0,0.0,
github_provider_adoption_daily,derived://github_provider_adoption_daily,20260512T092111Z-d806a98e,2026-05-12T09:21:11.307721Z,mistral,Mistral,,,,,,,,,,,,,,,,,,,,,,,2026-05-11,,,,,,,,,,,2.0,,,,,600.0,2.0,1.0,0.0833333333333333,0.0,0.0,1.0,
github_provider_adoption_daily,derived://github_provider_adoption_daily,20260512T092111Z-d806a98e,2026-05-12T09:21:11.307721Z,moonshot,Moonshot,,,,,,,,,,,,,,,,,,,,,,,2026-05-11,,,,,,,,,,,4.0,,,,,600.0,4.0,0.0,0.0833333333333333,0.0,0.0,4.0,
github_provider_adoption_daily,derived://github_provider_adoption_daily,20260512T092111Z-d806a98e,2026-05-12T09:21:11.307721Z,openai,OpenAI,,,,,,,,,,,,,,,,,,,,,,,2026-05-11,,,,,,,,,,,98.0,,,,,600.0,59.0,43.0,0.0833333333333333,8.0,23.0,24.0,
github_provider_adoption_daily,derived://github_provider_adoption_daily,20260512T092111Z-d806a98e,2026-05-12T09:21:11.307721Z,pydantic_ai,PydanticAI,,,,,,,,,,,,,,,,,,,,,,,2026-05-11,,,,,,,,,,,0.0,,,,,600.0,0.0,0.0,0.0833333333333333,0.0,0.0,0.0,
github_provider_adoption_daily,derived://github_provider_adoption_daily,20260512T092111Z-d806a98e,2026-05-12T09:21:11.307721Z,qwen,Qwen,,,,,,,,,,,,,,,,,,,,,,,2026-05-11,,,,,,,,,,,15.0,,,,,600.0,10.0,6.0,0.0833333333333333,0.0,3.0,6.0,
github_provider_adoption_daily,derived://github_provider_adoption_daily,20260512T092111Z-d806a98e,2026-05-12T09:21:11.307721Z,zai,ZAI,,,,,,,,,,,,,,,,,,,,,,,2026-05-11,,,,,,,,,,,0.0,,,,,600.0,0.0,0.0,0.0833333333333333,0.0,0.0,0.0,
github_provider_adoption_daily,derived://github_provider_adoption_daily,20260513T092759Z-dc659efa,2026-05-13T09:27:59.127517Z,anthropic,Anthropic,,,,,,,,,,,,,,,,,,,,,,,2026-05-12,,,,,,,,,,,44.0,,,,,600.0,25.0,19.0,0.0833333333333333,3.0,9.0,13.0,
github_provider_adoption_daily,derived://github_provider_adoption_daily,20260513T092759Z-dc659efa,2026-05-13T09:27:59.127517Z,deepseek,DeepSeek,,,,,,,,,,,,,,,,,,,,,,,2026-05-12,,,,,,,,,,,9.0,,,,,600.0,9.0,0.0,0.0833333333333333,0.0,6.0,3.0,
github_provider_adoption_daily,derived://github_provider_adoption_daily,20260513T092759Z-dc659efa,2026-05-13T09:27:59.127517Z,google,Google,,,,,,,,,,,,,,,,,,,,,,,2026-05-12,,,,,,,,,,,70.0,,,,,600.0,29.0,13.0,0.0833333333333333,15.0,22.0,20.0,
github_provider_adoption_daily,derived://github_provider_adoption_daily,20260513T092759Z-dc659efa,2026-05-13T09:27:59.127517Z,langchain,LangChain,,,,,,,,,,,,,,,,,,,,,,,2026-05-12,,,,,,,,,,,13.0,,,,,600.0,9.0,9.0,0.0833333333333333,4.0,0.0,0.0,
github_provider_adoption_daily,derived://github_provider_adoption_daily,20260513T092759Z-dc659efa,2026-05-13T09:27:59.127517Z,meta,Meta,,,,,,,,,,,,,,,,,,,,,,,2026-05-12,,,,,,,,,,,8.0,,,,,600.0,8.0,0.0,0.0833333333333333,0.0,0.0,8.0,
github_provider_adoption_daily,derived://github_provider_adoption_daily,20260513T092759Z-dc659efa,2026-05-13T09:27:59.127517Z,minimax,Minimax,,,,,,,,,,,,,,,,,,,,,,,2026-05-12,,,,,,,,,,,1.0,,,,,600.0,1.0,0.0,0.0833333333333333,0.0,1.0,0.0,
github_provider_adoption_daily,derived://github_provider_adoption_daily,20260513T092759Z-dc659efa,2026-05-13T09:27:59.127517Z,mistral,Mistral,,,,,,,,,,,,,,,,,,,,,,,2026-05-12,,,,,,,,,,,2.0,,,,,600.0,2.0,0.0,0.0833333333333333,0.0,0.0,2.0,
github_provider_adoption_daily,derived://github_provider_adoption_daily,20260513T092759Z-dc659efa,2026-05-13T09:27:59.127517Z,moonshot,Moonshot,,,,,,,,,,,,,,,,,,,,,,,2026-05-12,,,,,,,,,,,6.0,,,,,600.0,5.0,0.0,0.0833333333333333,0.0,1.0,5.0,
github_provider_adoption_daily,derived://github_provider_adoption_daily,20260513T092759Z-dc659efa,2026-05-13T09:27:59.127517Z,openai,OpenAI,,,,,,,,,,,,,,,,,,,,,,,2026-05-12,,,,,,,,,,,111.0,,,,,600.0,62.0,40.0,0.0833333333333333,15.0,26.0,30.0,
github_provider_adoption_daily,derived://github_provider_adoption_daily,20260513T092759Z-dc659efa,2026-05-13T09:27:59.127517Z,pydantic_ai,PydanticAI,,,,,,,,,,,,,,,,,,,,,,,2026-05-12,,,,,,,,,,,1.0,,,,,600.0,1.0,1.0,0.0833333333333333,0.0,0.0,0.0,
github_provider_adoption_daily,derived://github_provider_adoption_daily,20260513T092759Z-dc659efa,2026-05-13T09:27:59.127517Z,qwen,Qwen,,,,,,,,,,,,,,,,,,,,,,,2026-05-12,,,,,,,,,,,23.0,,,,,600.0,14.0,4.0,0.0833333333333333,2.0,5.0,12.0,
github_provider_adoption_daily,derived://github_provider_adoption_daily,20260513T092759Z-dc659efa,2026-05-13T09:27:59.127517Z,zai,ZAI,,,,,,,,,,,,,,,,,,,,,,,2026-05-12,,,,,,,,,,,0.0,,,,,600.0,0.0,0.0,0.0833333333333333,0.0,0.0,0.0,
github_provider_adoption_daily,derived://github_provider_adoption_daily,20260514T091839Z-0cc72a5d,2026-05-14T09:18:39.656201Z,anthropic,Anthropic,,,,,,,,,,,,,,,,,,,,,,,2026-05-13,,,,,,,,,,,71.0,,,,,600.0,38.0,28.0,0.0833333333333333,11.0,15.0,17.0,
github_provider_adoption_daily,derived://github_provider_adoption_daily,20260514T091839Z-0cc72a5d,2026-05-14T09:18:39.656201Z,deepseek,DeepSeek,,,,,,,,,,,,,,,,,,,,,,,2026-05-13,,,,,,,,,,,12.0,,,,,600.0,12.0,0.0,0.0833333333333333,0.0,9.0,3.0,
github_provider_adoption_daily,derived://github_provider_adoption_daily,20260514T091839Z-0cc72a5d,2026-05-14T09:18:39.656201Z,google,Google,,,,,,,,,,,,,,,,,,,,,,,2026-05-13,,,,,,,,,,,136.0,,,,,600.0,52.0,45.0,0.0833333333333333,41.0,44.0,6.0,
github_provider_adoption_daily,derived://github_provider_adoption_daily,20260514T091839Z-0cc72a5d,2026-05-14T09:18:39.656201Z,langchain,LangChain,,,,,,,,,,,,,,,,,,,,,,,2026-05-13,,,,,,,,,,,9.0,,,,,600.0,7.0,7.0,0.0833333333333333,2.0,0.0,0.0,
github_provider_adoption_daily,derived://github_provider_adoption_daily,20260514T091839Z-0cc72a5d,2026-05-14T09:18:39.656201Z,meta,Meta,,,,,,,,,,,,,,,,,,,,,,,2026-05-13,,,,,,,,,,,7.0,,,,,600.0,7.0,0.0,0.0833333333333333,0.0,0.0,7.0,
github_provider_adoption_daily,derived://github_provider_adoption_daily,20260514T091839Z-0cc72a5d,2026-05-14T09:18:39.656201Z,minimax,Minimax,,,,,,,,,,,,,,,,,,,,,,,2026-05-13,,,,,,,,,,,2.0,,,,,600.0,2.0,0.0,0.0833333333333333,0.0,2.0,0.0,
github_provider_adoption_daily,derived://github_provider_adoption_daily,20260514T091839Z-0cc72a5d,2026-05-14T09:18:39.656201Z,mistral,Mistral,,,,,,,,,,,,,,,,,,,,,,,2026-05-13,,,,,,,,,,,0.0,,,,,600.0,0.0,0.0,0.0833333333333333,0.0,0.0,0.0,
github_provider_adoption_daily,derived://github_provider_adoption_daily,20260514T091839Z-0cc72a5d,2026-05-14T09:18:39.656201Z,moonshot,Moonshot,,,,,,,,,,,,,,,,,,,,,,,2026-05-13,,,,,,,,,,,4.0,,,,,600.0,4.0,0.0,0.0833333333333333,0.0,0.0,4.0,
github_provider_adoption_daily,derived://github_provider_adoption_daily,20260514T091839Z-0cc72a5d,2026-05-14T09:18:39.656201Z,openai,OpenAI,,,,,,,,,,,,,,,,,,,,,,,2026-05-13,,,,,,,,,,,80.0,,,,,600.0,46.0,38.0,0.0833333333333333,10.0,18.0,14.0,
github_provider_adoption_daily,derived://github_provider_adoption_daily,20260514T091839Z-0cc72a5d,2026-05-14T09:18:39.656201Z,pydantic_ai,PydanticAI,,,,,,,,,,,,,,,,,,,,,,,2026-05-13,,,,,,,,,,,0.0,,,,,600.0,0.0,0.0,0.0833333333333333,0.0,0.0,0.0,
github_provider_adoption_daily,derived://github_provider_adoption_daily,20260514T091839Z-0cc72a5d,2026-05-14T09:18:39.656201Z,qwen,Qwen,,,,,,,,,,,,,,,,,,,,,,,2026-05-13,,,,,,,,,,,13.0,,,,,600.0,9.0,5.0,0.0833333333333333,0.0,3.0,5.0,
github_provider_adoption_daily,derived://github_provider_adoption_daily,20260514T091839Z-0cc72a5d,2026-05-14T09:18:39.656201Z,zai,ZAI,,,,,,,,,,,,,,,,,,,,,,,2026-05-13,,,,,,,,,,,0.0,,,,,600.0,0.0,0.0,0.0833333333333333,0.0,0.0,0.0,
github_provider_adoption_daily,derived://github_provider_adoption_daily,20260515T093442Z-6f9e1100,2026-05-15T09:34:42.090703Z,anthropic,Anthropic,,,,,,,,,,,,,,,,,,,,,,,2026-05-14,,,,,,,,,,,55.0,,,,,600.0,29.0,21.0,0.08333333333333333,9.0,11.0,14.0,
github_provider_adoption_daily,derived://github_provider_adoption_daily,20260515T093442Z-6f9e1100,2026-05-15T09:34:42.090703Z,deepseek,DeepSeek,,,,,,,,,,,,,,,,,,,,,,,2026-05-14,,,,,,,,,,,7.0,,,,,600.0,6.0,0.0,0.08333333333333333,0.0,4.0,3.0,
github_provider_adoption_daily,derived://github_provider_adoption_daily,20260515T093442Z-6f9e1100,2026-05-15T09:34:42.090703Z,google,Google,,,,,,,,,,,,,,,,,,,,,,,2026-05-14,,,,,,,,,,,122.0,,,,,600.0,47.0,38.0,0.08333333333333333,37.0,39.0,8.0,
github_provider_adoption_daily,derived://github_provider_adoption_daily,20260515T093442Z-6f9e1100,2026-05-15T09:34:42.090703Z,langchain,LangChain,,,,,,,,,,,,,,,,,,,,,,,2026-05-14,,,,,,,,,,,10.0,,,,,600.0,7.0,7.0,0.08333333333333333,3.0,0.0,0.0,
github_provider_adoption_daily,derived://github_provider_adoption_daily,20260515T093442Z-6f9e1100,2026-05-15T09:34:42.090703Z,meta,Meta,,,,,,,,,,,,,,,,,,,,,,,2026-05-14,,,,,,,,,,,7.0,,,,,600.0,7.0,0.0,0.08333333333333333,0.0,0.0,7.0,
github_provider_adoption_daily,derived://github_provider_adoption_daily,20260515T093442Z-6f9e1100,2026-05-15T09:34:42.090703Z,minimax,Minimax,,,,,,,,,,,,,,,,,,,,,,,2026-05-14,,,,,,,,,,,1.0,,,,,600.0,1.0,0.0,0.08333333333333333,0.0,1.0,0.0,
github_provider_adoption_daily,derived://github_provider_adoption_daily,20260515T093442Z-6f9e1100,2026-05-15T09:34:42.090703Z,mistral,Mistral,,,,,,,,,,,,,,,,,,,,,,,2026-05-14,,,,,,,,,,,4.0,,,,,600.0,2.0,2.0,0.08333333333333333,0.0,1.0,1.0,
github_provider_adoption_daily,derived://github_provider_adoption_daily,20260515T093442Z-6f9e1100,2026-05-15T09:34:42.090703Z,moonshot,Moonshot,,,,,,,,,,,,,,,,,,,,,,,2026-05-14,,,,,,,,,,,6.0,,,,,600.0,4.0,0.0,0.08333333333333333,0.0,2.0,4.0,
github_provider_adoption_daily,derived://github_provider_adoption_daily,20260515T093442Z-6f9e1100,2026-05-15T09:34:42.090703Z,openai,OpenAI,,,,,,,,,,,,,,,,,,,,,,,2026-05-14,,,,,,,,,,,103.0,,,,,600.0,63.0,41.0,0.08333333333333333,9.0,18.0,35.0,
github_provider_adoption_daily,derived://github_provider_adoption_daily,20260515T093442Z-6f9e1100,2026-05-15T09:34:42.090703Z,pydantic_ai,PydanticAI,,,,,,,,,,,,,,,,,,,,,,,2026-05-14,,,,,,,,,,,1.0,,,,,600.0,1.0,1.0,0.08333333333333333,0.0,0.0,0.0,
github_provider_adoption_daily,derived://github_provider_adoption_daily,20260515T093442Z-6f9e1100,2026-05-15T09:34:42.090703Z,qwen,Qwen,,,,,,,,,,,,,,,,,,,,,,,2026-05-14,,,,,,,,,,,7.0,,,,,600.0,6.0,0.0,0.08333333333333333,0.0,3.0,4.0,
github_provider_adoption_daily,derived://github_provider_adoption_daily,20260515T093442Z-6f9e1100,2026-05-15T09:34:42.090703Z,zai,ZAI,,,,,,,,,,,,,,,,,,,,,,,2026-05-14,,,,,,,,,,,0.0,,,,,600.0,0.0,0.0,0.08333333333333333,0.0,0.0,0.0,
