dataset_id,source_url,source_run_id,scraped_at,month,fetch_time,title,raw_text,raw_html_path,page_url,image_url,local_path,image_type,vision_extracted,vision_result_json,extracted_at,narrative_nand_supply,narrative_nand_price,narrative_dram_supply,narrative_dram_price,mentions_hbm,mentions_csp,mentions_server,mentions_ddr4,mentions_reallocate_capacity,mentions_shortage,mentions_oversupply,nand_regime_label,dram_regime_label,date,series_id,series_name,value,fred_ppi_value,fred_ppi_mom_pct,fred_ppi_3m_trend,ppi_component_pcu33443344_rebased,ppi_component_pcu33423342_rebased,ppi_component_pcu335313335313_rebased,ppi_component_pcu334111334111_rebased,ppi_component_pcu3341123341121_rebased,adata_freshness_days,fred_release_lag_days,data_completeness
adata_marketwatch_images,https://industrial.adata.com/en/edm/Market%20Watch_202205,20260415T172414Z-ba5fa939,2026-04-15T17:24:14.213603Z,2022-05,,,,,https://industrial.adata.com/en/edm/Market%20Watch_202205,https://industrial-ad.adata.com/storage/edms/220512_edm_05.jpg,data/raw/semiconductor_memory/images/2022-05/220512_edm_05.jpg,edm,False,,,,,,,,,,,,,,,,,,,,,,,,,,,,,,
adata_marketwatch_images,https://industrial.adata.com/en/edm/Market%20Watch_202205,20260415T172414Z-ba5fa939,2026-04-15T17:24:14.213603Z,2022-05,,,,,https://industrial.adata.com/en/edm/Market%20Watch_202205,https://industrial-ad.adata.com/storage/edms/220512_edm_06.jpg,data/raw/semiconductor_memory/images/2022-05/220512_edm_06.jpg,edm,False,,,,,,,,,,,,,,,,,,,,,,,,,,,,,,
adata_marketwatch_images,https://industrial.adata.com/en/edm/Market%20Watch_202206,20260415T172414Z-ba5fa939,2026-04-15T17:24:14.213603Z,2022-06,,,,,https://industrial.adata.com/en/edm/Market%20Watch_202206,https://industrial-ad.adata.com/storage/edms/202206_flash_trend.jpg,data/raw/semiconductor_memory/images/2022-06/202206_flash_trend.jpg,flash_trend,False,,,,,,,,,,,,,,,,,,,,,,,,,,,,,,
adata_marketwatch_images,https://industrial.adata.com/en/edm/Market%20Watch_202206,20260415T172414Z-ba5fa939,2026-04-15T17:24:14.213603Z,2022-06,,,,,https://industrial.adata.com/en/edm/Market%20Watch_202206,https://industrial-ad.adata.com/storage/edms/220512_edm_06.jpg,data/raw/semiconductor_memory/images/2022-06/220512_edm_06.jpg,edm,False,,,,,,,,,,,,,,,,,,,,,,,,,,,,,,
adata_marketwatch_images,https://industrial.adata.com/en/edm/Market%20Watch_202207,20260415T172414Z-ba5fa939,2026-04-15T17:24:14.213603Z,2022-07,,,,,https://industrial.adata.com/en/edm/Market%20Watch_202207,https://industrial-ad.adata.com/storage/edms/202206_flash_trend.jpg,data/raw/semiconductor_memory/images/2022-07/202206_flash_trend.jpg,flash_trend,False,,,,,,,,,,,,,,,,,,,,,,,,,,,,,,
adata_marketwatch_images,https://industrial.adata.com/en/edm/Market%20Watch_202207,20260415T172414Z-ba5fa939,2026-04-15T17:24:14.213603Z,2022-07,,,,,https://industrial.adata.com/en/edm/Market%20Watch_202207,https://industrial-ad.adata.com/storage/edms/220512_edm_06.jpg,data/raw/semiconductor_memory/images/2022-07/220512_edm_06.jpg,edm,False,,,,,,,,,,,,,,,,,,,,,,,,,,,,,,
adata_marketwatch_images,https://industrial.adata.com/en/edm/Market%20Watch_202208,20260415T172414Z-ba5fa939,2026-04-15T17:24:14.213603Z,2022-08,,,,,https://industrial.adata.com/en/edm/Market%20Watch_202208,https://industrial-ad.adata.com/storage/edms/dram_sufficiency_202208.jpg,data/raw/semiconductor_memory/images/2022-08/dram_sufficiency_202208.jpg,dram_sufficiency,False,,,,,,,,,,,,,,,,,,,,,,,,,,,,,,
adata_marketwatch_images,https://industrial.adata.com/en/edm/Market%20Watch_202208,20260415T172414Z-ba5fa939,2026-04-15T17:24:14.213603Z,2022-08,,,,,https://industrial.adata.com/en/edm/Market%20Watch_202208,https://industrial-ad.adata.com/storage/edms/nand_sufficiency_202208.jpg,data/raw/semiconductor_memory/images/2022-08/nand_sufficiency_202208.jpg,nand_sufficiency,False,,,,,,,,,,,,,,,,,,,,,,,,,,,,,,
adata_marketwatch_images,https://industrial.adata.com/en/edm/Market%20Watch_202208,20260415T172414Z-ba5fa939,2026-04-15T17:24:14.213603Z,2022-08,,,,,https://industrial.adata.com/en/edm/Market%20Watch_202208,https://industrial-ad.adata.com/storage/edms/ww_dram_output_202208.jpg,data/raw/semiconductor_memory/images/2022-08/ww_dram_output_202208.jpg,ww_dram_output,False,,,,,,,,,,,,,,,,,,,,,,,,,,,,,,
adata_marketwatch_images,https://industrial.adata.com/en/edm/Market%20Watch_202208,20260415T172414Z-ba5fa939,2026-04-15T17:24:14.213603Z,2022-08,,,,,https://industrial.adata.com/en/edm/Market%20Watch_202208,https://industrial-ad.adata.com/storage/edms/ww_ssd_shipment_202208.jpg,data/raw/semiconductor_memory/images/2022-08/ww_ssd_shipment_202208.jpg,ww_ssd_shipment,False,,,,,,,,,,,,,,,,,,,,,,,,,,,,,,
adata_marketwatch_images,https://industrial.adata.com/en/edm/Market%20Watch_202209,20260415T172414Z-ba5fa939,2026-04-15T17:24:14.213603Z,2022-09,,,,,https://industrial.adata.com/en/edm/Market%20Watch_202209,https://industrial-ad.adata.com/storage/edms/dram_9_1.jpg,data/raw/semiconductor_memory/images/2022-09/dram_9_1.jpg,dram_9,False,,,,,,,,,,,,,,,,,,,,,,,,,,,,,,
adata_marketwatch_images,https://industrial.adata.com/en/edm/Market%20Watch_202209,20260415T172414Z-ba5fa939,2026-04-15T17:24:14.213603Z,2022-09,,,,,https://industrial.adata.com/en/edm/Market%20Watch_202209,https://industrial-ad.adata.com/storage/edms/dram_9_2.jpg,data/raw/semiconductor_memory/images/2022-09/dram_9_2.jpg,dram_9,False,,,,,,,,,,,,,,,,,,,,,,,,,,,,,,
adata_marketwatch_images,https://industrial.adata.com/en/edm/Market%20Watch_202209,20260415T172414Z-ba5fa939,2026-04-15T17:24:14.213603Z,2022-09,,,,,https://industrial.adata.com/en/edm/Market%20Watch_202209,https://industrial-ad.adata.com/storage/edms/nand_sufficiency_202208.jpg,data/raw/semiconductor_memory/images/2022-09/nand_sufficiency_202208.jpg,nand_sufficiency,False,,,,,,,,,,,,,,,,,,,,,,,,,,,,,,
adata_marketwatch_images,https://industrial.adata.com/en/edm/Market%20Watch_202209,20260415T172414Z-ba5fa939,2026-04-15T17:24:14.213603Z,2022-09,,,,,https://industrial.adata.com/en/edm/Market%20Watch_202209,https://industrial-ad.adata.com/storage/edms/ww_ssd_shipment_202208.jpg,data/raw/semiconductor_memory/images/2022-09/ww_ssd_shipment_202208.jpg,ww_ssd_shipment,False,,,,,,,,,,,,,,,,,,,,,,,,,,,,,,
adata_marketwatch_images,https://industrial.adata.com/en/edm/Market%20Watch_202210,20260415T172414Z-ba5fa939,2026-04-15T17:24:14.213603Z,2022-10,,,,,https://industrial.adata.com/en/edm/Market%20Watch_202210,https://industrial-ad.adata.com/storage/edms/dram_9_1.jpg,data/raw/semiconductor_memory/images/2022-10/dram_9_1.jpg,dram_9,False,,,,,,,,,,,,,,,,,,,,,,,,,,,,,,
adata_marketwatch_images,https://industrial.adata.com/en/edm/Market%20Watch_202210,20260415T172414Z-ba5fa939,2026-04-15T17:24:14.213603Z,2022-10,,,,,https://industrial.adata.com/en/edm/Market%20Watch_202210,https://industrial-ad.adata.com/storage/edms/dram_9_2.jpg,data/raw/semiconductor_memory/images/2022-10/dram_9_2.jpg,dram_9,False,,,,,,,,,,,,,,,,,,,,,,,,,,,,,,
adata_marketwatch_images,https://industrial.adata.com/en/edm/Market%20Watch_202210,20260415T172414Z-ba5fa939,2026-04-15T17:24:14.213603Z,2022-10,,,,,https://industrial.adata.com/en/edm/Market%20Watch_202210,https://industrial-ad.adata.com/storage/edms/nand_sufficiency_202208.jpg,data/raw/semiconductor_memory/images/2022-10/nand_sufficiency_202208.jpg,nand_sufficiency,False,,,,,,,,,,,,,,,,,,,,,,,,,,,,,,
adata_marketwatch_images,https://industrial.adata.com/en/edm/Market%20Watch_202210,20260415T172414Z-ba5fa939,2026-04-15T17:24:14.213603Z,2022-10,,,,,https://industrial.adata.com/en/edm/Market%20Watch_202210,https://industrial-ad.adata.com/storage/edms/ww_ssd_shipment_202208.jpg,data/raw/semiconductor_memory/images/2022-10/ww_ssd_shipment_202208.jpg,ww_ssd_shipment,False,,,,,,,,,,,,,,,,,,,,,,,,,,,,,,
adata_marketwatch_images,https://industrial.adata.com/en/edm/Market%20Watch_202211,20260415T172414Z-ba5fa939,2026-04-15T17:24:14.213603Z,2022-11,,,,,https://industrial.adata.com/en/edm/Market%20Watch_202211,https://industrial-ad.adata.com/storage/edms/dram_9_1.jpg,data/raw/semiconductor_memory/images/2022-11/dram_9_1.jpg,dram_9,False,,,,,,,,,,,,,,,,,,,,,,,,,,,,,,
adata_marketwatch_images,https://industrial.adata.com/en/edm/Market%20Watch_202211,20260415T172414Z-ba5fa939,2026-04-15T17:24:14.213603Z,2022-11,,,,,https://industrial.adata.com/en/edm/Market%20Watch_202211,https://industrial-ad.adata.com/storage/edms/dram_9_2.jpg,data/raw/semiconductor_memory/images/2022-11/dram_9_2.jpg,dram_9,False,,,,,,,,,,,,,,,,,,,,,,,,,,,,,,
adata_marketwatch_images,https://industrial.adata.com/en/edm/Market%20Watch_202211,20260415T172414Z-ba5fa939,2026-04-15T17:24:14.213603Z,2022-11,,,,,https://industrial.adata.com/en/edm/Market%20Watch_202211,https://industrial-ad.adata.com/storage/edms/nand_sufficiency_202208.jpg,data/raw/semiconductor_memory/images/2022-11/nand_sufficiency_202208.jpg,nand_sufficiency,False,,,,,,,,,,,,,,,,,,,,,,,,,,,,,,
adata_marketwatch_images,https://industrial.adata.com/en/edm/Market%20Watch_202211,20260415T172414Z-ba5fa939,2026-04-15T17:24:14.213603Z,2022-11,,,,,https://industrial.adata.com/en/edm/Market%20Watch_202211,https://industrial-ad.adata.com/storage/edms/ww_ssd_shipment_202208.jpg,data/raw/semiconductor_memory/images/2022-11/ww_ssd_shipment_202208.jpg,ww_ssd_shipment,False,,,,,,,,,,,,,,,,,,,,,,,,,,,,,,
adata_marketwatch_images,https://industrial.adata.com/en/edm/Market%20Watch_202212,20260415T172414Z-ba5fa939,2026-04-15T17:24:14.213603Z,2022-12,,,,,https://industrial.adata.com/en/edm/Market%20Watch_202212,https://industrial-ad.adata.com/storage/edms/dram_1212.png,data/raw/semiconductor_memory/images/2022-12/dram_1212.png,dram,False,,,,,,,,,,,,,,,,,,,,,,,,,,,,,,
adata_marketwatch_images,https://industrial.adata.com/en/edm/Market%20Watch_202212,20260415T172414Z-ba5fa939,2026-04-15T17:24:14.213603Z,2022-12,,,,,https://industrial.adata.com/en/edm/Market%20Watch_202212,https://industrial-ad.adata.com/storage/edms/dram_9_2.jpg,data/raw/semiconductor_memory/images/2022-12/dram_9_2.jpg,dram_9,False,,,,,,,,,,,,,,,,,,,,,,,,,,,,,,
adata_marketwatch_images,https://industrial.adata.com/en/edm/Market%20Watch_202212,20260415T172414Z-ba5fa939,2026-04-15T17:24:14.213603Z,2022-12,,,,,https://industrial.adata.com/en/edm/Market%20Watch_202212,https://industrial-ad.adata.com/storage/edms/nand_sufficiency_202208.jpg,data/raw/semiconductor_memory/images/2022-12/nand_sufficiency_202208.jpg,nand_sufficiency,False,,,,,,,,,,,,,,,,,,,,,,,,,,,,,,
adata_marketwatch_images,https://industrial.adata.com/en/edm/Market%20Watch_202301,20260415T172414Z-ba5fa939,2026-04-15T17:24:14.213603Z,2023-01,,,,,https://industrial.adata.com/en/edm/Market%20Watch_202301,https://industrial-ad.adata.com/storage/edms/202301_dram_1.jpg,data/raw/semiconductor_memory/images/2023-01/202301_dram_1.jpg,dram,False,,,,,,,,,,,,,,,,,,,,,,,,,,,,,,
adata_marketwatch_images,https://industrial.adata.com/en/edm/Market%20Watch_202301,20260415T172414Z-ba5fa939,2026-04-15T17:24:14.213603Z,2023-01,,,,,https://industrial.adata.com/en/edm/Market%20Watch_202301,https://industrial-ad.adata.com/storage/edms/202301_dram_2_sufficiency.jpg,data/raw/semiconductor_memory/images/2023-01/202301_dram_2_sufficiency.jpg,dram_2_sufficiency,False,,,,,,,,,,,,,,,,,,,,,,,,,,,,,,
adata_marketwatch_images,https://industrial.adata.com/en/edm/Market%20Watch_202301,20260415T172414Z-ba5fa939,2026-04-15T17:24:14.213603Z,2023-01,,,,,https://industrial.adata.com/en/edm/Market%20Watch_202301,https://industrial-ad.adata.com/storage/edms/202301_flash_1.jpg,data/raw/semiconductor_memory/images/2023-01/202301_flash_1.jpg,flash,False,,,,,,,,,,,,,,,,,,,,,,,,,,,,,,
adata_marketwatch_images,https://industrial.adata.com/en/edm/Market%20Watch_202301,20260415T172414Z-ba5fa939,2026-04-15T17:24:14.213603Z,2023-01,,,,,https://industrial.adata.com/en/edm/Market%20Watch_202301,https://industrial-ad.adata.com/storage/edms/202301_flash_2_sufficiency.jpg,data/raw/semiconductor_memory/images/2023-01/202301_flash_2_sufficiency.jpg,flash_2_sufficiency,False,,,,,,,,,,,,,,,,,,,,,,,,,,,,,,
adata_marketwatch_images,https://industrial.adata.com/en/edm/Market%20Watch_202302,20260415T172414Z-ba5fa939,2026-04-15T17:24:14.213603Z,2023-02,,,,,https://industrial.adata.com/en/edm/Market%20Watch_202302,https://industrial-ad.adata.com/storage/edms/202302_dram_1.jpg,data/raw/semiconductor_memory/images/2023-02/202302_dram_1.jpg,dram,False,,,,,,,,,,,,,,,,,,,,,,,,,,,,,,
adata_marketwatch_images,https://industrial.adata.com/en/edm/Market%20Watch_202302,20260415T172414Z-ba5fa939,2026-04-15T17:24:14.213603Z,2023-02,,,,,https://industrial.adata.com/en/edm/Market%20Watch_202302,https://industrial-ad.adata.com/storage/edms/202302_dram_2_sufficiency.jpg,data/raw/semiconductor_memory/images/2023-02/202302_dram_2_sufficiency.jpg,dram_2_sufficiency,False,,,,,,,,,,,,,,,,,,,,,,,,,,,,,,
adata_marketwatch_images,https://industrial.adata.com/en/edm/Market%20Watch_202302,20260415T172414Z-ba5fa939,2026-04-15T17:24:14.213603Z,2023-02,,,,,https://industrial.adata.com/en/edm/Market%20Watch_202302,https://industrial-ad.adata.com/storage/edms/202302_flash_1.jpg,data/raw/semiconductor_memory/images/2023-02/202302_flash_1.jpg,flash,False,,,,,,,,,,,,,,,,,,,,,,,,,,,,,,
adata_marketwatch_images,https://industrial.adata.com/en/edm/Market%20Watch_202302,20260415T172414Z-ba5fa939,2026-04-15T17:24:14.213603Z,2023-02,,,,,https://industrial.adata.com/en/edm/Market%20Watch_202302,https://industrial-ad.adata.com/storage/edms/202302_flash_2_sufficiency.jpg,data/raw/semiconductor_memory/images/2023-02/202302_flash_2_sufficiency.jpg,flash_2_sufficiency,False,,,,,,,,,,,,,,,,,,,,,,,,,,,,,,
adata_marketwatch_images,https://industrial.adata.com/en/edm/Market%20Watch_202303,20260415T172414Z-ba5fa939,2026-04-15T17:24:14.213603Z,2023-03,,,,,https://industrial.adata.com/en/edm/Market%20Watch_202303,https://industrial-ad.adata.com/storage/edms/202303_dram_1.jpg,data/raw/semiconductor_memory/images/2023-03/202303_dram_1.jpg,dram,False,,,,,,,,,,,,,,,,,,,,,,,,,,,,,,
adata_marketwatch_images,https://industrial.adata.com/en/edm/Market%20Watch_202303,20260415T172414Z-ba5fa939,2026-04-15T17:24:14.213603Z,2023-03,,,,,https://industrial.adata.com/en/edm/Market%20Watch_202303,https://industrial-ad.adata.com/storage/edms/202303_dram_2_sufficiency_v2.jpg,data/raw/semiconductor_memory/images/2023-03/202303_dram_2_sufficiency_v2.jpg,dram_2_sufficiency_v2,False,,,,,,,,,,,,,,,,,,,,,,,,,,,,,,
adata_marketwatch_images,https://industrial.adata.com/en/edm/Market%20Watch_202303,20260415T172414Z-ba5fa939,2026-04-15T17:24:14.213603Z,2023-03,,,,,https://industrial.adata.com/en/edm/Market%20Watch_202303,https://industrial-ad.adata.com/storage/edms/202303_flash_1.jpg,data/raw/semiconductor_memory/images/2023-03/202303_flash_1.jpg,flash,False,,,,,,,,,,,,,,,,,,,,,,,,,,,,,,
adata_marketwatch_images,https://industrial.adata.com/en/edm/Market%20Watch_202303,20260415T172414Z-ba5fa939,2026-04-15T17:24:14.213603Z,2023-03,,,,,https://industrial.adata.com/en/edm/Market%20Watch_202303,https://industrial-ad.adata.com/storage/edms/202303_flash_2_sufficiency.jpg,data/raw/semiconductor_memory/images/2023-03/202303_flash_2_sufficiency.jpg,flash_2_sufficiency,False,,,,,,,,,,,,,,,,,,,,,,,,,,,,,,
adata_marketwatch_images,https://industrial.adata.com/en/edm/Market%20Watch_202304,20260415T172414Z-ba5fa939,2026-04-15T17:24:14.213603Z,2023-04,,,,,https://industrial.adata.com/en/edm/Market%20Watch_202304,https://industrial-ad.adata.com/storage/edms/202304_dram_1.jpg,data/raw/semiconductor_memory/images/2023-04/202304_dram_1.jpg,dram,False,,,,,,,,,,,,,,,,,,,,,,,,,,,,,,
adata_marketwatch_images,https://industrial.adata.com/en/edm/Market%20Watch_202304,20260415T172414Z-ba5fa939,2026-04-15T17:24:14.213603Z,2023-04,,,,,https://industrial.adata.com/en/edm/Market%20Watch_202304,https://industrial-ad.adata.com/storage/edms/202304_dram_2.jpg,data/raw/semiconductor_memory/images/2023-04/202304_dram_2.jpg,dram,False,,,,,,,,,,,,,,,,,,,,,,,,,,,,,,
adata_marketwatch_images,https://industrial.adata.com/en/edm/Market%20Watch_202304,20260415T172414Z-ba5fa939,2026-04-15T17:24:14.213603Z,2023-04,,,,,https://industrial.adata.com/en/edm/Market%20Watch_202304,https://industrial-ad.adata.com/storage/edms/202304_flash_1.jpg,data/raw/semiconductor_memory/images/2023-04/202304_flash_1.jpg,flash,False,,,,,,,,,,,,,,,,,,,,,,,,,,,,,,
adata_marketwatch_images,https://industrial.adata.com/en/edm/Market%20Watch_202304,20260415T172414Z-ba5fa939,2026-04-15T17:24:14.213603Z,2023-04,,,,,https://industrial.adata.com/en/edm/Market%20Watch_202304,https://industrial-ad.adata.com/storage/edms/202304_flash_2.jpg,data/raw/semiconductor_memory/images/2023-04/202304_flash_2.jpg,flash,False,,,,,,,,,,,,,,,,,,,,,,,,,,,,,,
adata_marketwatch_images,https://industrial.adata.com/en/edm/Market%20Watch_202305,20260415T172414Z-ba5fa939,2026-04-15T17:24:14.213603Z,2023-05,,,,,https://industrial.adata.com/en/edm/Market%20Watch_202305,https://industrial-ad.adata.com/storage/edms/202305_dram_1.jpg,data/raw/semiconductor_memory/images/2023-05/202305_dram_1.jpg,dram,False,,,,,,,,,,,,,,,,,,,,,,,,,,,,,,
adata_marketwatch_images,https://industrial.adata.com/en/edm/Market%20Watch_202305,20260415T172414Z-ba5fa939,2026-04-15T17:24:14.213603Z,2023-05,,,,,https://industrial.adata.com/en/edm/Market%20Watch_202305,https://industrial-ad.adata.com/storage/edms/202305_dram_2.jpg,data/raw/semiconductor_memory/images/2023-05/202305_dram_2.jpg,dram,False,,,,,,,,,,,,,,,,,,,,,,,,,,,,,,
adata_marketwatch_images,https://industrial.adata.com/en/edm/Market%20Watch_202305,20260415T172414Z-ba5fa939,2026-04-15T17:24:14.213603Z,2023-05,,,,,https://industrial.adata.com/en/edm/Market%20Watch_202305,https://industrial-ad.adata.com/storage/edms/202305_flash_1.jpg,data/raw/semiconductor_memory/images/2023-05/202305_flash_1.jpg,flash,False,,,,,,,,,,,,,,,,,,,,,,,,,,,,,,
adata_marketwatch_images,https://industrial.adata.com/en/edm/Market%20Watch_202305,20260415T172414Z-ba5fa939,2026-04-15T17:24:14.213603Z,2023-05,,,,,https://industrial.adata.com/en/edm/Market%20Watch_202305,https://industrial-ad.adata.com/storage/edms/202305_flash_2.jpg,data/raw/semiconductor_memory/images/2023-05/202305_flash_2.jpg,flash,False,,,,,,,,,,,,,,,,,,,,,,,,,,,,,,
adata_marketwatch_images,https://industrial.adata.com/en/edm/Market%20Watch_202306,20260415T172414Z-ba5fa939,2026-04-15T17:24:14.213603Z,2023-06,,,,,https://industrial.adata.com/en/edm/Market%20Watch_202306,https://industrial-ad.adata.com/storage/edms/202306_dram_1.jpg,data/raw/semiconductor_memory/images/2023-06/202306_dram_1.jpg,dram,False,,,,,,,,,,,,,,,,,,,,,,,,,,,,,,
adata_marketwatch_images,https://industrial.adata.com/en/edm/Market%20Watch_202306,20260415T172414Z-ba5fa939,2026-04-15T17:24:14.213603Z,2023-06,,,,,https://industrial.adata.com/en/edm/Market%20Watch_202306,https://industrial-ad.adata.com/storage/edms/202306_dram_2.jpg,data/raw/semiconductor_memory/images/2023-06/202306_dram_2.jpg,dram,False,,,,,,,,,,,,,,,,,,,,,,,,,,,,,,
adata_marketwatch_images,https://industrial.adata.com/en/edm/Market%20Watch_202306,20260415T172414Z-ba5fa939,2026-04-15T17:24:14.213603Z,2023-06,,,,,https://industrial.adata.com/en/edm/Market%20Watch_202306,https://industrial-ad.adata.com/storage/edms/202306_flash_1.jpg,data/raw/semiconductor_memory/images/2023-06/202306_flash_1.jpg,flash,False,,,,,,,,,,,,,,,,,,,,,,,,,,,,,,
adata_marketwatch_images,https://industrial.adata.com/en/edm/Market%20Watch_202306,20260415T172414Z-ba5fa939,2026-04-15T17:24:14.213603Z,2023-06,,,,,https://industrial.adata.com/en/edm/Market%20Watch_202306,https://industrial-ad.adata.com/storage/edms/202306_flash_2.jpg,data/raw/semiconductor_memory/images/2023-06/202306_flash_2.jpg,flash,False,,,,,,,,,,,,,,,,,,,,,,,,,,,,,,
adata_marketwatch_images,https://industrial.adata.com/en/edm/Market%20Watch_202307,20260415T172414Z-ba5fa939,2026-04-15T17:24:14.213603Z,2023-07,,,,,https://industrial.adata.com/en/edm/Market%20Watch_202307,https://industrial-ad.adata.com/storage/edms/202307_dram_1.jpg,data/raw/semiconductor_memory/images/2023-07/202307_dram_1.jpg,dram,False,,,,,,,,,,,,,,,,,,,,,,,,,,,,,,
adata_marketwatch_images,https://industrial.adata.com/en/edm/Market%20Watch_202307,20260415T172414Z-ba5fa939,2026-04-15T17:24:14.213603Z,2023-07,,,,,https://industrial.adata.com/en/edm/Market%20Watch_202307,https://industrial-ad.adata.com/storage/edms/202307_dram_2.JPG,data/raw/semiconductor_memory/images/2023-07/202307_dram_2.JPG,dram,False,,,,,,,,,,,,,,,,,,,,,,,,,,,,,,
adata_marketwatch_images,https://industrial.adata.com/en/edm/Market%20Watch_202307,20260415T172414Z-ba5fa939,2026-04-15T17:24:14.213603Z,2023-07,,,,,https://industrial.adata.com/en/edm/Market%20Watch_202307,https://industrial-ad.adata.com/storage/edms/202307_flash_1.jpg,data/raw/semiconductor_memory/images/2023-07/202307_flash_1.jpg,flash,False,,,,,,,,,,,,,,,,,,,,,,,,,,,,,,
adata_marketwatch_images,https://industrial.adata.com/en/edm/Market%20Watch_202307,20260415T172414Z-ba5fa939,2026-04-15T17:24:14.213603Z,2023-07,,,,,https://industrial.adata.com/en/edm/Market%20Watch_202307,https://industrial-ad.adata.com/storage/edms/202307_flash_2.jpg,data/raw/semiconductor_memory/images/2023-07/202307_flash_2.jpg,flash,False,,,,,,,,,,,,,,,,,,,,,,,,,,,,,,
adata_marketwatch_images,https://industrial.adata.com/en/edm/Market%20Watch_202308,20260415T172414Z-ba5fa939,2026-04-15T17:24:14.213603Z,2023-08,,,,,https://industrial.adata.com/en/edm/Market%20Watch_202308,https://industrial-ad.adata.com/storage/edms/202308_dram_1.jpg,data/raw/semiconductor_memory/images/2023-08/202308_dram_1.jpg,dram,False,,,,,,,,,,,,,,,,,,,,,,,,,,,,,,
adata_marketwatch_images,https://industrial.adata.com/en/edm/Market%20Watch_202308,20260415T172414Z-ba5fa939,2026-04-15T17:24:14.213603Z,2023-08,,,,,https://industrial.adata.com/en/edm/Market%20Watch_202308,https://industrial-ad.adata.com/storage/edms/202308_dram_2.JPG,data/raw/semiconductor_memory/images/2023-08/202308_dram_2.JPG,dram,False,,,,,,,,,,,,,,,,,,,,,,,,,,,,,,
adata_marketwatch_images,https://industrial.adata.com/en/edm/Market%20Watch_202308,20260415T172414Z-ba5fa939,2026-04-15T17:24:14.213603Z,2023-08,,,,,https://industrial.adata.com/en/edm/Market%20Watch_202308,https://industrial-ad.adata.com/storage/edms/202308_flash_1.jpg,data/raw/semiconductor_memory/images/2023-08/202308_flash_1.jpg,flash,False,,,,,,,,,,,,,,,,,,,,,,,,,,,,,,
adata_marketwatch_images,https://industrial.adata.com/en/edm/Market%20Watch_202308,20260415T172414Z-ba5fa939,2026-04-15T17:24:14.213603Z,2023-08,,,,,https://industrial.adata.com/en/edm/Market%20Watch_202308,https://industrial-ad.adata.com/storage/edms/202308_flash_2.jpg,data/raw/semiconductor_memory/images/2023-08/202308_flash_2.jpg,flash,False,,,,,,,,,,,,,,,,,,,,,,,,,,,,,,
adata_marketwatch_images,https://industrial.adata.com/en/edm/Market%20Watch_202309,20260415T172414Z-ba5fa939,2026-04-15T17:24:14.213603Z,2023-09,,,,,https://industrial.adata.com/en/edm/Market%20Watch_202309,https://industrial-ad.adata.com/storage/edms/202309_dram_1.jpg,data/raw/semiconductor_memory/images/2023-09/202309_dram_1.jpg,dram,False,,,,,,,,,,,,,,,,,,,,,,,,,,,,,,
adata_marketwatch_images,https://industrial.adata.com/en/edm/Market%20Watch_202309,20260415T172414Z-ba5fa939,2026-04-15T17:24:14.213603Z,2023-09,,,,,https://industrial.adata.com/en/edm/Market%20Watch_202309,https://industrial-ad.adata.com/storage/edms/202309_dram_2.JPG,data/raw/semiconductor_memory/images/2023-09/202309_dram_2.JPG,dram,False,,,,,,,,,,,,,,,,,,,,,,,,,,,,,,
adata_marketwatch_images,https://industrial.adata.com/en/edm/Market%20Watch_202309,20260415T172414Z-ba5fa939,2026-04-15T17:24:14.213603Z,2023-09,,,,,https://industrial.adata.com/en/edm/Market%20Watch_202309,https://industrial-ad.adata.com/storage/edms/202309_flash_1.jpg,data/raw/semiconductor_memory/images/2023-09/202309_flash_1.jpg,flash,False,,,,,,,,,,,,,,,,,,,,,,,,,,,,,,
adata_marketwatch_images,https://industrial.adata.com/en/edm/Market%20Watch_202309,20260415T172414Z-ba5fa939,2026-04-15T17:24:14.213603Z,2023-09,,,,,https://industrial.adata.com/en/edm/Market%20Watch_202309,https://industrial-ad.adata.com/storage/edms/202309_flash_2.jpg,data/raw/semiconductor_memory/images/2023-09/202309_flash_2.jpg,flash,False,,,,,,,,,,,,,,,,,,,,,,,,,,,,,,
adata_marketwatch_images,https://industrial.adata.com/en/edm/Market%20Watch_202310,20260415T172414Z-ba5fa939,2026-04-15T17:24:14.213603Z,2023-10,,,,,https://industrial.adata.com/en/edm/Market%20Watch_202310,https://industrial-ad.adata.com/storage/edms/202310_dram_1.jpg,data/raw/semiconductor_memory/images/2023-10/202310_dram_1.jpg,dram,False,,,,,,,,,,,,,,,,,,,,,,,,,,,,,,
adata_marketwatch_images,https://industrial.adata.com/en/edm/Market%20Watch_202310,20260415T172414Z-ba5fa939,2026-04-15T17:24:14.213603Z,2023-10,,,,,https://industrial.adata.com/en/edm/Market%20Watch_202310,https://industrial-ad.adata.com/storage/edms/202310_dram_2.JPG,data/raw/semiconductor_memory/images/2023-10/202310_dram_2.JPG,dram,False,,,,,,,,,,,,,,,,,,,,,,,,,,,,,,
adata_marketwatch_images,https://industrial.adata.com/en/edm/Market%20Watch_202310,20260415T172414Z-ba5fa939,2026-04-15T17:24:14.213603Z,2023-10,,,,,https://industrial.adata.com/en/edm/Market%20Watch_202310,https://industrial-ad.adata.com/storage/edms/202310_flash_1.jpg,data/raw/semiconductor_memory/images/2023-10/202310_flash_1.jpg,flash,False,,,,,,,,,,,,,,,,,,,,,,,,,,,,,,
adata_marketwatch_images,https://industrial.adata.com/en/edm/Market%20Watch_202310,20260415T172414Z-ba5fa939,2026-04-15T17:24:14.213603Z,2023-10,,,,,https://industrial.adata.com/en/edm/Market%20Watch_202310,https://industrial-ad.adata.com/storage/edms/202310_flash_2.jpg,data/raw/semiconductor_memory/images/2023-10/202310_flash_2.jpg,flash,False,,,,,,,,,,,,,,,,,,,,,,,,,,,,,,
adata_marketwatch_images,https://industrial.adata.com/en/edm/Market%20Watch_202311,20260415T172414Z-ba5fa939,2026-04-15T17:24:14.213603Z,2023-11,,,,,https://industrial.adata.com/en/edm/Market%20Watch_202311,https://industrial-ad.adata.com/storage/edms/202311_dram_1.jpg,data/raw/semiconductor_memory/images/2023-11/202311_dram_1.jpg,dram,False,,,,,,,,,,,,,,,,,,,,,,,,,,,,,,
adata_marketwatch_images,https://industrial.adata.com/en/edm/Market%20Watch_202311,20260415T172414Z-ba5fa939,2026-04-15T17:24:14.213603Z,2023-11,,,,,https://industrial.adata.com/en/edm/Market%20Watch_202311,https://industrial-ad.adata.com/storage/edms/202311_dram_5.jpg,data/raw/semiconductor_memory/images/2023-11/202311_dram_5.jpg,dram,False,,,,,,,,,,,,,,,,,,,,,,,,,,,,,,
adata_marketwatch_images,https://industrial.adata.com/en/edm/Market%20Watch_202311,20260415T172414Z-ba5fa939,2026-04-15T17:24:14.213603Z,2023-11,,,,,https://industrial.adata.com/en/edm/Market%20Watch_202311,https://industrial-ad.adata.com/storage/edms/202311_flash_1.jpg,data/raw/semiconductor_memory/images/2023-11/202311_flash_1.jpg,flash,False,,,,,,,,,,,,,,,,,,,,,,,,,,,,,,
adata_marketwatch_images,https://industrial.adata.com/en/edm/Market%20Watch_202311,20260415T172414Z-ba5fa939,2026-04-15T17:24:14.213603Z,2023-11,,,,,https://industrial.adata.com/en/edm/Market%20Watch_202311,https://industrial-ad.adata.com/storage/edms/202311_flash_2.jpg,data/raw/semiconductor_memory/images/2023-11/202311_flash_2.jpg,flash,False,,,,,,,,,,,,,,,,,,,,,,,,,,,,,,
adata_marketwatch_images,https://industrial.adata.com/en/edm/Market%20Watch_202312,20260415T172414Z-ba5fa939,2026-04-15T17:24:14.213603Z,2023-12,,,,,https://industrial.adata.com/en/edm/Market%20Watch_202312,https://industrial-ad.adata.com/storage/edms/202312_dram_1.jpg,data/raw/semiconductor_memory/images/2023-12/202312_dram_1.jpg,dram,False,,,,,,,,,,,,,,,,,,,,,,,,,,,,,,
adata_marketwatch_images,https://industrial.adata.com/en/edm/Market%20Watch_202312,20260415T172414Z-ba5fa939,2026-04-15T17:24:14.213603Z,2023-12,,,,,https://industrial.adata.com/en/edm/Market%20Watch_202312,https://industrial-ad.adata.com/storage/edms/202312_dram_2.jpg,data/raw/semiconductor_memory/images/2023-12/202312_dram_2.jpg,dram,False,,,,,,,,,,,,,,,,,,,,,,,,,,,,,,
adata_marketwatch_images,https://industrial.adata.com/en/edm/Market%20Watch_202312,20260415T172414Z-ba5fa939,2026-04-15T17:24:14.213603Z,2023-12,,,,,https://industrial.adata.com/en/edm/Market%20Watch_202312,https://industrial-ad.adata.com/storage/edms/202312_flash_1.jpg,data/raw/semiconductor_memory/images/2023-12/202312_flash_1.jpg,flash,False,,,,,,,,,,,,,,,,,,,,,,,,,,,,,,
adata_marketwatch_images,https://industrial.adata.com/en/edm/Market%20Watch_202312,20260415T172414Z-ba5fa939,2026-04-15T17:24:14.213603Z,2023-12,,,,,https://industrial.adata.com/en/edm/Market%20Watch_202312,https://industrial-ad.adata.com/storage/edms/202312_flash_2.jpg,data/raw/semiconductor_memory/images/2023-12/202312_flash_2.jpg,flash,False,,,,,,,,,,,,,,,,,,,,,,,,,,,,,,
adata_marketwatch_images,https://industrial.adata.com/en/edm/Market%20Watch_202401,20260415T172414Z-ba5fa939,2026-04-15T17:24:14.213603Z,2024-01,,,,,https://industrial.adata.com/en/edm/Market%20Watch_202401,https://industrial-ad.adata.com/storage/edms/20240112_dram_2.JPG,data/raw/semiconductor_memory/images/2024-01/20240112_dram_2.JPG,20240112_dram,False,,,,,,,,,,,,,,,,,,,,,,,,,,,,,,
adata_marketwatch_images,https://industrial.adata.com/en/edm/Market%20Watch_202401,20260415T172414Z-ba5fa939,2026-04-15T17:24:14.213603Z,2024-01,,,,,https://industrial.adata.com/en/edm/Market%20Watch_202401,https://industrial-ad.adata.com/storage/edms/202401_dram_1.jpg,data/raw/semiconductor_memory/images/2024-01/202401_dram_1.jpg,dram,False,,,,,,,,,,,,,,,,,,,,,,,,,,,,,,
adata_marketwatch_images,https://industrial.adata.com/en/edm/Market%20Watch_202401,20260415T172414Z-ba5fa939,2026-04-15T17:24:14.213603Z,2024-01,,,,,https://industrial.adata.com/en/edm/Market%20Watch_202401,https://industrial-ad.adata.com/storage/edms/202401_flash_1.jpg,data/raw/semiconductor_memory/images/2024-01/202401_flash_1.jpg,flash,False,,,,,,,,,,,,,,,,,,,,,,,,,,,,,,
adata_marketwatch_images,https://industrial.adata.com/en/edm/Market%20Watch_202401,20260415T172414Z-ba5fa939,2026-04-15T17:24:14.213603Z,2024-01,,,,,https://industrial.adata.com/en/edm/Market%20Watch_202401,https://industrial-ad.adata.com/storage/edms/202401_flash_2.jpg,data/raw/semiconductor_memory/images/2024-01/202401_flash_2.jpg,flash,False,,,,,,,,,,,,,,,,,,,,,,,,,,,,,,
adata_marketwatch_images,https://industrial.adata.com/en/edm/Market%20Watch_202402,20260415T172414Z-ba5fa939,2026-04-15T17:24:14.213603Z,2024-02,,,,,https://industrial.adata.com/en/edm/Market%20Watch_202402,https://industrial-ad.adata.com/storage/edms/202402_dram_1.jpg,data/raw/semiconductor_memory/images/2024-02/202402_dram_1.jpg,dram,False,,,,,,,,,,,,,,,,,,,,,,,,,,,,,,
adata_marketwatch_images,https://industrial.adata.com/en/edm/Market%20Watch_202402,20260415T172414Z-ba5fa939,2026-04-15T17:24:14.213603Z,2024-02,,,,,https://industrial.adata.com/en/edm/Market%20Watch_202402,https://industrial-ad.adata.com/storage/edms/202402_dram_2.JPG,data/raw/semiconductor_memory/images/2024-02/202402_dram_2.JPG,dram,False,,,,,,,,,,,,,,,,,,,,,,,,,,,,,,
adata_marketwatch_images,https://industrial.adata.com/en/edm/Market%20Watch_202402,20260415T172414Z-ba5fa939,2026-04-15T17:24:14.213603Z,2024-02,,,,,https://industrial.adata.com/en/edm/Market%20Watch_202402,https://industrial-ad.adata.com/storage/edms/202402_flash_1.jpg,data/raw/semiconductor_memory/images/2024-02/202402_flash_1.jpg,flash,False,,,,,,,,,,,,,,,,,,,,,,,,,,,,,,
adata_marketwatch_images,https://industrial.adata.com/en/edm/Market%20Watch_202402,20260415T172414Z-ba5fa939,2026-04-15T17:24:14.213603Z,2024-02,,,,,https://industrial.adata.com/en/edm/Market%20Watch_202402,https://industrial-ad.adata.com/storage/edms/202402_flash_2.jpg,data/raw/semiconductor_memory/images/2024-02/202402_flash_2.jpg,flash,False,,,,,,,,,,,,,,,,,,,,,,,,,,,,,,
adata_marketwatch_images,https://industrial.adata.com/en/edm/Market%20Watch_202403,20260415T172414Z-ba5fa939,2026-04-15T17:24:14.213603Z,2024-03,,,,,https://industrial.adata.com/en/edm/Market%20Watch_202403,https://industrial-ad.adata.com/storage/edms/202403_dram_1.jpg,data/raw/semiconductor_memory/images/2024-03/202403_dram_1.jpg,dram,False,,,,,,,,,,,,,,,,,,,,,,,,,,,,,,
adata_marketwatch_images,https://industrial.adata.com/en/edm/Market%20Watch_202403,20260415T172414Z-ba5fa939,2026-04-15T17:24:14.213603Z,2024-03,,,,,https://industrial.adata.com/en/edm/Market%20Watch_202403,https://industrial-ad.adata.com/storage/edms/202403_dram_2.JPG,data/raw/semiconductor_memory/images/2024-03/202403_dram_2.JPG,dram,False,,,,,,,,,,,,,,,,,,,,,,,,,,,,,,
adata_marketwatch_images,https://industrial.adata.com/en/edm/Market%20Watch_202403,20260415T172414Z-ba5fa939,2026-04-15T17:24:14.213603Z,2024-03,,,,,https://industrial.adata.com/en/edm/Market%20Watch_202403,https://industrial-ad.adata.com/storage/edms/202403_flash_1.jpg,data/raw/semiconductor_memory/images/2024-03/202403_flash_1.jpg,flash,False,,,,,,,,,,,,,,,,,,,,,,,,,,,,,,
adata_marketwatch_images,https://industrial.adata.com/en/edm/Market%20Watch_202403,20260415T172414Z-ba5fa939,2026-04-15T17:24:14.213603Z,2024-03,,,,,https://industrial.adata.com/en/edm/Market%20Watch_202403,https://industrial-ad.adata.com/storage/edms/202403_flash_2.jpg,data/raw/semiconductor_memory/images/2024-03/202403_flash_2.jpg,flash,False,,,,,,,,,,,,,,,,,,,,,,,,,,,,,,
adata_marketwatch_images,https://industrial.adata.com/en/edm/Market%20Watch_202404,20260415T172414Z-ba5fa939,2026-04-15T17:24:14.213603Z,2024-04,,,,,https://industrial.adata.com/en/edm/Market%20Watch_202404,https://industrial-ad.adata.com.cn/storage/edms/202404_dram_1.png,data/raw/semiconductor_memory/images/2024-04/202404_dram_1.png,dram,False,,,,,,,,,,,,,,,,,,,,,,,,,,,,,,
adata_marketwatch_images,https://industrial.adata.com/en/edm/Market%20Watch_202404,20260415T172414Z-ba5fa939,2026-04-15T17:24:14.213603Z,2024-04,,,,,https://industrial.adata.com/en/edm/Market%20Watch_202404,https://industrial-ad.adata.com.cn/storage/edms/202404_dram_2.JPG,data/raw/semiconductor_memory/images/2024-04/202404_dram_2.JPG,dram,False,,,,,,,,,,,,,,,,,,,,,,,,,,,,,,
adata_marketwatch_images,https://industrial.adata.com/en/edm/Market%20Watch_202404,20260415T172414Z-ba5fa939,2026-04-15T17:24:14.213603Z,2024-04,,,,,https://industrial.adata.com/en/edm/Market%20Watch_202404,https://industrial-ad.adata.com.cn/storage/edms/202404_flash_1.png,data/raw/semiconductor_memory/images/2024-04/202404_flash_1.png,flash,False,,,,,,,,,,,,,,,,,,,,,,,,,,,,,,
adata_marketwatch_images,https://industrial.adata.com/en/edm/Market%20Watch_202404,20260415T172414Z-ba5fa939,2026-04-15T17:24:14.213603Z,2024-04,,,,,https://industrial.adata.com/en/edm/Market%20Watch_202404,https://industrial-ad.adata.com.cn/storage/edms/202404_flash_2.png,data/raw/semiconductor_memory/images/2024-04/202404_flash_2.png,flash,False,,,,,,,,,,,,,,,,,,,,,,,,,,,,,,
adata_marketwatch_images,https://industrial.adata.com/en/edm/Market%20Watch_202405,20260415T172414Z-ba5fa939,2026-04-15T17:24:14.213603Z,2024-05,,,,,https://industrial.adata.com/en/edm/Market%20Watch_202405,https://industrial-ad.adata.com/storage/edms/202405_dram_1.jpg,data/raw/semiconductor_memory/images/2024-05/202405_dram_1.jpg,dram,False,,,,,,,,,,,,,,,,,,,,,,,,,,,,,,
adata_marketwatch_images,https://industrial.adata.com/en/edm/Market%20Watch_202405,20260415T172414Z-ba5fa939,2026-04-15T17:24:14.213603Z,2024-05,,,,,https://industrial.adata.com/en/edm/Market%20Watch_202405,https://industrial-ad.adata.com/storage/edms/202405_dram_2.JPG,data/raw/semiconductor_memory/images/2024-05/202405_dram_2.JPG,dram,False,,,,,,,,,,,,,,,,,,,,,,,,,,,,,,
adata_marketwatch_images,https://industrial.adata.com/en/edm/Market%20Watch_202405,20260415T172414Z-ba5fa939,2026-04-15T17:24:14.213603Z,2024-05,,,,,https://industrial.adata.com/en/edm/Market%20Watch_202405,https://industrial-ad.adata.com/storage/edms/202405_flash_1.jpg,data/raw/semiconductor_memory/images/2024-05/202405_flash_1.jpg,flash,False,,,,,,,,,,,,,,,,,,,,,,,,,,,,,,
adata_marketwatch_images,https://industrial.adata.com/en/edm/Market%20Watch_202405,20260415T172414Z-ba5fa939,2026-04-15T17:24:14.213603Z,2024-05,,,,,https://industrial.adata.com/en/edm/Market%20Watch_202405,https://industrial-ad.adata.com/storage/edms/202405_flash_2.jpg,data/raw/semiconductor_memory/images/2024-05/202405_flash_2.jpg,flash,False,,,,,,,,,,,,,,,,,,,,,,,,,,,,,,
adata_marketwatch_images,https://industrial.adata.com/en/edm/Market%20Watch_202406,20260415T172414Z-ba5fa939,2026-04-15T17:24:14.213603Z,2024-06,,,,,https://industrial.adata.com/en/edm/Market%20Watch_202406,https://industrial-ad.adata.com/storage/edms/202406_dram_1.JPG,data/raw/semiconductor_memory/images/2024-06/202406_dram_1.JPG,dram,False,,,,,,,,,,,,,,,,,,,,,,,,,,,,,,
adata_marketwatch_images,https://industrial.adata.com/en/edm/Market%20Watch_202406,20260415T172414Z-ba5fa939,2026-04-15T17:24:14.213603Z,2024-06,,,,,https://industrial.adata.com/en/edm/Market%20Watch_202406,https://industrial-ad.adata.com/storage/edms/202406_dram_2.jpg,data/raw/semiconductor_memory/images/2024-06/202406_dram_2.jpg,dram,False,,,,,,,,,,,,,,,,,,,,,,,,,,,,,,
adata_marketwatch_images,https://industrial.adata.com/en/edm/Market%20Watch_202406,20260415T172414Z-ba5fa939,2026-04-15T17:24:14.213603Z,2024-06,,,,,https://industrial.adata.com/en/edm/Market%20Watch_202406,https://industrial-ad.adata.com/storage/edms/202406_flash_1.JPG,data/raw/semiconductor_memory/images/2024-06/202406_flash_1.JPG,flash,False,,,,,,,,,,,,,,,,,,,,,,,,,,,,,,
adata_marketwatch_images,https://industrial.adata.com/en/edm/Market%20Watch_202406,20260415T172414Z-ba5fa939,2026-04-15T17:24:14.213603Z,2024-06,,,,,https://industrial.adata.com/en/edm/Market%20Watch_202406,https://industrial-ad.adata.com/storage/edms/202406_flash_2.JPG,data/raw/semiconductor_memory/images/2024-06/202406_flash_2.JPG,flash,False,,,,,,,,,,,,,,,,,,,,,,,,,,,,,,
adata_marketwatch_images,https://industrial.adata.com/en/edm/Market%20Watch_202407,20260415T172414Z-ba5fa939,2026-04-15T17:24:14.213603Z,2024-07,,,,,https://industrial.adata.com/en/edm/Market%20Watch_202407,https://industrial-ad.adata.com/storage/edms/202407_dram_1.JPG,data/raw/semiconductor_memory/images/2024-07/202407_dram_1.JPG,dram,False,,,,,,,,,,,,,,,,,,,,,,,,,,,,,,
adata_marketwatch_images,https://industrial.adata.com/en/edm/Market%20Watch_202407,20260415T172414Z-ba5fa939,2026-04-15T17:24:14.213603Z,2024-07,,,,,https://industrial.adata.com/en/edm/Market%20Watch_202407,https://industrial-ad.adata.com/storage/edms/202407_dram_2.jpg,data/raw/semiconductor_memory/images/2024-07/202407_dram_2.jpg,dram,False,,,,,,,,,,,,,,,,,,,,,,,,,,,,,,
adata_marketwatch_images,https://industrial.adata.com/en/edm/Market%20Watch_202407,20260415T172414Z-ba5fa939,2026-04-15T17:24:14.213603Z,2024-07,,,,,https://industrial.adata.com/en/edm/Market%20Watch_202407,https://industrial-ad.adata.com/storage/edms/202407_flash_1.JPG,data/raw/semiconductor_memory/images/2024-07/202407_flash_1.JPG,flash,False,,,,,,,,,,,,,,,,,,,,,,,,,,,,,,
adata_marketwatch_images,https://industrial.adata.com/en/edm/Market%20Watch_202407,20260415T172414Z-ba5fa939,2026-04-15T17:24:14.213603Z,2024-07,,,,,https://industrial.adata.com/en/edm/Market%20Watch_202407,https://industrial-ad.adata.com/storage/edms/202407_flash_2.JPG,data/raw/semiconductor_memory/images/2024-07/202407_flash_2.JPG,flash,False,,,,,,,,,,,,,,,,,,,,,,,,,,,,,,
adata_marketwatch_images,https://industrial.adata.com/en/edm/Market%20Watch_202408,20260415T172414Z-ba5fa939,2026-04-15T17:24:14.213603Z,2024-08,,,,,https://industrial.adata.com/en/edm/Market%20Watch_202408,https://industrial-ad.adata.com/storage/edms/202408_dram_1.JPG,data/raw/semiconductor_memory/images/2024-08/202408_dram_1.JPG,dram,False,,,,,,,,,,,,,,,,,,,,,,,,,,,,,,
adata_marketwatch_images,https://industrial.adata.com/en/edm/Market%20Watch_202408,20260415T172414Z-ba5fa939,2026-04-15T17:24:14.213603Z,2024-08,,,,,https://industrial.adata.com/en/edm/Market%20Watch_202408,https://industrial-ad.adata.com/storage/edms/202408_dram_2.jpg,data/raw/semiconductor_memory/images/2024-08/202408_dram_2.jpg,dram,False,,,,,,,,,,,,,,,,,,,,,,,,,,,,,,
adata_marketwatch_images,https://industrial.adata.com/en/edm/Market%20Watch_202408,20260415T172414Z-ba5fa939,2026-04-15T17:24:14.213603Z,2024-08,,,,,https://industrial.adata.com/en/edm/Market%20Watch_202408,https://industrial-ad.adata.com/storage/edms/202408_flash_1.JPG,data/raw/semiconductor_memory/images/2024-08/202408_flash_1.JPG,flash,False,,,,,,,,,,,,,,,,,,,,,,,,,,,,,,
adata_marketwatch_images,https://industrial.adata.com/en/edm/Market%20Watch_202408,20260415T172414Z-ba5fa939,2026-04-15T17:24:14.213603Z,2024-08,,,,,https://industrial.adata.com/en/edm/Market%20Watch_202408,https://industrial-ad.adata.com/storage/edms/202408_flash_2.JPG,data/raw/semiconductor_memory/images/2024-08/202408_flash_2.JPG,flash,False,,,,,,,,,,,,,,,,,,,,,,,,,,,,,,
adata_marketwatch_images,https://industrial.adata.com/en/edm/Market%20Watch_202409,20260415T172414Z-ba5fa939,2026-04-15T17:24:14.213603Z,2024-09,,,,,https://industrial.adata.com/en/edm/Market%20Watch_202409,https://industrial-ad.adata.com/storage/edms/202409_dram_1.JPG,data/raw/semiconductor_memory/images/2024-09/202409_dram_1.JPG,dram,False,,,,,,,,,,,,,,,,,,,,,,,,,,,,,,
adata_marketwatch_images,https://industrial.adata.com/en/edm/Market%20Watch_202409,20260415T172414Z-ba5fa939,2026-04-15T17:24:14.213603Z,2024-09,,,,,https://industrial.adata.com/en/edm/Market%20Watch_202409,https://industrial-ad.adata.com/storage/edms/202409_dram_2.jpg,data/raw/semiconductor_memory/images/2024-09/202409_dram_2.jpg,dram,False,,,,,,,,,,,,,,,,,,,,,,,,,,,,,,
adata_marketwatch_images,https://industrial.adata.com/en/edm/Market%20Watch_202409,20260415T172414Z-ba5fa939,2026-04-15T17:24:14.213603Z,2024-09,,,,,https://industrial.adata.com/en/edm/Market%20Watch_202409,https://industrial-ad.adata.com/storage/edms/202409_flash_1.JPG,data/raw/semiconductor_memory/images/2024-09/202409_flash_1.JPG,flash,False,,,,,,,,,,,,,,,,,,,,,,,,,,,,,,
adata_marketwatch_images,https://industrial.adata.com/en/edm/Market%20Watch_202409,20260415T172414Z-ba5fa939,2026-04-15T17:24:14.213603Z,2024-09,,,,,https://industrial.adata.com/en/edm/Market%20Watch_202409,https://industrial-ad.adata.com/storage/edms/202409_flash_2.JPG,data/raw/semiconductor_memory/images/2024-09/202409_flash_2.JPG,flash,False,,,,,,,,,,,,,,,,,,,,,,,,,,,,,,
adata_marketwatch_images,https://industrial.adata.com/en/edm/Market%20Watch_202410,20260415T172414Z-ba5fa939,2026-04-15T17:24:14.213603Z,2024-10,,,,,https://industrial.adata.com/en/edm/Market%20Watch_202410,https://industrial-ad.adata.com/storage/edms/202410_dram_1.JPG,data/raw/semiconductor_memory/images/2024-10/202410_dram_1.JPG,dram,False,,,,,,,,,,,,,,,,,,,,,,,,,,,,,,
adata_marketwatch_images,https://industrial.adata.com/en/edm/Market%20Watch_202410,20260415T172414Z-ba5fa939,2026-04-15T17:24:14.213603Z,2024-10,,,,,https://industrial.adata.com/en/edm/Market%20Watch_202410,https://industrial-ad.adata.com/storage/edms/202410_dram_2.jpg,data/raw/semiconductor_memory/images/2024-10/202410_dram_2.jpg,dram,False,,,,,,,,,,,,,,,,,,,,,,,,,,,,,,
adata_marketwatch_images,https://industrial.adata.com/en/edm/Market%20Watch_202410,20260415T172414Z-ba5fa939,2026-04-15T17:24:14.213603Z,2024-10,,,,,https://industrial.adata.com/en/edm/Market%20Watch_202410,https://industrial-ad.adata.com/storage/edms/202410_flash_1.JPG,data/raw/semiconductor_memory/images/2024-10/202410_flash_1.JPG,flash,False,,,,,,,,,,,,,,,,,,,,,,,,,,,,,,
adata_marketwatch_images,https://industrial.adata.com/en/edm/Market%20Watch_202410,20260415T172414Z-ba5fa939,2026-04-15T17:24:14.213603Z,2024-10,,,,,https://industrial.adata.com/en/edm/Market%20Watch_202410,https://industrial-ad.adata.com/storage/edms/202410_flash_2.JPG,data/raw/semiconductor_memory/images/2024-10/202410_flash_2.JPG,flash,False,,,,,,,,,,,,,,,,,,,,,,,,,,,,,,
adata_marketwatch_images,https://industrial.adata.com/en/edm/Market%20Watch_202411,20260415T172414Z-ba5fa939,2026-04-15T17:24:14.213603Z,2024-11,,,,,https://industrial.adata.com/en/edm/Market%20Watch_202411,https://industrial-ad.adata.com/storage/edms/202411_dram_1.JPG,data/raw/semiconductor_memory/images/2024-11/202411_dram_1.JPG,dram,False,,,,,,,,,,,,,,,,,,,,,,,,,,,,,,
adata_marketwatch_images,https://industrial.adata.com/en/edm/Market%20Watch_202411,20260415T172414Z-ba5fa939,2026-04-15T17:24:14.213603Z,2024-11,,,,,https://industrial.adata.com/en/edm/Market%20Watch_202411,https://industrial-ad.adata.com/storage/edms/202411_dram_2.jpg,data/raw/semiconductor_memory/images/2024-11/202411_dram_2.jpg,dram,False,,,,,,,,,,,,,,,,,,,,,,,,,,,,,,
adata_marketwatch_images,https://industrial.adata.com/en/edm/Market%20Watch_202411,20260415T172414Z-ba5fa939,2026-04-15T17:24:14.213603Z,2024-11,,,,,https://industrial.adata.com/en/edm/Market%20Watch_202411,https://industrial-ad.adata.com/storage/edms/202411_flash_1.JPG,data/raw/semiconductor_memory/images/2024-11/202411_flash_1.JPG,flash,False,,,,,,,,,,,,,,,,,,,,,,,,,,,,,,
adata_marketwatch_images,https://industrial.adata.com/en/edm/Market%20Watch_202411,20260415T172414Z-ba5fa939,2026-04-15T17:24:14.213603Z,2024-11,,,,,https://industrial.adata.com/en/edm/Market%20Watch_202411,https://industrial-ad.adata.com/storage/edms/202411_flash_2.JPG,data/raw/semiconductor_memory/images/2024-11/202411_flash_2.JPG,flash,False,,,,,,,,,,,,,,,,,,,,,,,,,,,,,,
adata_marketwatch_images,https://industrial.adata.com/en/edm/Market%20Watch_202412,20260415T172414Z-ba5fa939,2026-04-15T17:24:14.213603Z,2024-12,,,,,https://industrial.adata.com/en/edm/Market%20Watch_202412,https://industrial-ad.adata.com/storage/edms/202412_dram_1.JPG,data/raw/semiconductor_memory/images/2024-12/202412_dram_1.JPG,dram,False,,,,,,,,,,,,,,,,,,,,,,,,,,,,,,
adata_marketwatch_images,https://industrial.adata.com/en/edm/Market%20Watch_202412,20260415T172414Z-ba5fa939,2026-04-15T17:24:14.213603Z,2024-12,,,,,https://industrial.adata.com/en/edm/Market%20Watch_202412,https://industrial-ad.adata.com/storage/edms/202412_dram_2.jpg,data/raw/semiconductor_memory/images/2024-12/202412_dram_2.jpg,dram,False,,,,,,,,,,,,,,,,,,,,,,,,,,,,,,
adata_marketwatch_images,https://industrial.adata.com/en/edm/Market%20Watch_202412,20260415T172414Z-ba5fa939,2026-04-15T17:24:14.213603Z,2024-12,,,,,https://industrial.adata.com/en/edm/Market%20Watch_202412,https://industrial-ad.adata.com/storage/edms/202412_flash_1.JPG,data/raw/semiconductor_memory/images/2024-12/202412_flash_1.JPG,flash,False,,,,,,,,,,,,,,,,,,,,,,,,,,,,,,
adata_marketwatch_images,https://industrial.adata.com/en/edm/Market%20Watch_202412,20260415T172414Z-ba5fa939,2026-04-15T17:24:14.213603Z,2024-12,,,,,https://industrial.adata.com/en/edm/Market%20Watch_202412,https://industrial-ad.adata.com/storage/edms/202412_flash_2.JPG,data/raw/semiconductor_memory/images/2024-12/202412_flash_2.JPG,flash,False,,,,,,,,,,,,,,,,,,,,,,,,,,,,,,
adata_marketwatch_images,https://industrial.adata.com/en/edm/Market%20Watch_202501,20260417T205441Z-7ef6cf1b,2026-04-17T20:54:41.324384Z,2025-01,,,,,https://industrial.adata.com/en/edm/Market%20Watch_202501,https://industrial-ad.adata.com/storage/edms/202501_dram_1.JPG,,dram,False,,,,,,,,,,,,,,,,,,,,,,,,,,,,,,
adata_marketwatch_images,https://industrial.adata.com/en/edm/Market%20Watch_202501,20260417T205441Z-7ef6cf1b,2026-04-17T20:54:41.324384Z,2025-01,,,,,https://industrial.adata.com/en/edm/Market%20Watch_202501,https://industrial-ad.adata.com/storage/edms/202501_dram_2.jpg,data/raw/semiconductor_memory/images/2025-01/202501_dram_2.jpg,dram,False,,,,,,,,,,,,,,,,,,,,,,,,,,,,,,
adata_marketwatch_images,https://industrial.adata.com/en/edm/Market%20Watch_202501,20260417T205441Z-7ef6cf1b,2026-04-17T20:54:41.324384Z,2025-01,,,,,https://industrial.adata.com/en/edm/Market%20Watch_202501,https://industrial-ad.adata.com/storage/edms/202501_flash_1.JPG,data/raw/semiconductor_memory/images/2025-01/202501_flash_1.JPG,flash,False,,,,,,,,,,,,,,,,,,,,,,,,,,,,,,
adata_marketwatch_images,https://industrial.adata.com/en/edm/Market%20Watch_202501,20260417T205441Z-7ef6cf1b,2026-04-17T20:54:41.324384Z,2025-01,,,,,https://industrial.adata.com/en/edm/Market%20Watch_202501,https://industrial-ad.adata.com/storage/edms/202501_flash_2.JPG,data/raw/semiconductor_memory/images/2025-01/202501_flash_2.JPG,flash,False,,,,,,,,,,,,,,,,,,,,,,,,,,,,,,
adata_marketwatch_images,https://industrial.adata.com/en/edm/Market%20Watch_202502,20260415T172414Z-ba5fa939,2026-04-15T17:24:14.213603Z,2025-02,,,,,https://industrial.adata.com/en/edm/Market%20Watch_202502,https://industrial-ad.adata.com/storage/edms/202502_dram_1.JPG,data/raw/semiconductor_memory/images/2025-02/202502_dram_1.JPG,dram,False,,,,,,,,,,,,,,,,,,,,,,,,,,,,,,
adata_marketwatch_images,https://industrial.adata.com/en/edm/Market%20Watch_202502,20260415T172414Z-ba5fa939,2026-04-15T17:24:14.213603Z,2025-02,,,,,https://industrial.adata.com/en/edm/Market%20Watch_202502,https://industrial-ad.adata.com/storage/edms/202502_dram_2.jpg,data/raw/semiconductor_memory/images/2025-02/202502_dram_2.jpg,dram,False,,,,,,,,,,,,,,,,,,,,,,,,,,,,,,
adata_marketwatch_images,https://industrial.adata.com/en/edm/Market%20Watch_202502,20260415T172414Z-ba5fa939,2026-04-15T17:24:14.213603Z,2025-02,,,,,https://industrial.adata.com/en/edm/Market%20Watch_202502,https://industrial-ad.adata.com/storage/edms/202502_flash_1.JPG,data/raw/semiconductor_memory/images/2025-02/202502_flash_1.JPG,flash,False,,,,,,,,,,,,,,,,,,,,,,,,,,,,,,
adata_marketwatch_images,https://industrial.adata.com/en/edm/Market%20Watch_202502,20260415T172414Z-ba5fa939,2026-04-15T17:24:14.213603Z,2025-02,,,,,https://industrial.adata.com/en/edm/Market%20Watch_202502,https://industrial-ad.adata.com/storage/edms/202502_flash_2.JPG,data/raw/semiconductor_memory/images/2025-02/202502_flash_2.JPG,flash,False,,,,,,,,,,,,,,,,,,,,,,,,,,,,,,
adata_marketwatch_images,https://industrial.adata.com/en/edm/Market%20Watch_202503,20260415T172414Z-ba5fa939,2026-04-15T17:24:14.213603Z,2025-03,,,,,https://industrial.adata.com/en/edm/Market%20Watch_202503,https://industrial-ad.adata.com/storage/edms/202503_dram_1.JPG,data/raw/semiconductor_memory/images/2025-03/202503_dram_1.JPG,dram,False,,,,,,,,,,,,,,,,,,,,,,,,,,,,,,
adata_marketwatch_images,https://industrial.adata.com/en/edm/Market%20Watch_202503,20260415T172414Z-ba5fa939,2026-04-15T17:24:14.213603Z,2025-03,,,,,https://industrial.adata.com/en/edm/Market%20Watch_202503,https://industrial-ad.adata.com/storage/edms/202503_dram_2.jpg,data/raw/semiconductor_memory/images/2025-03/202503_dram_2.jpg,dram,False,,,,,,,,,,,,,,,,,,,,,,,,,,,,,,
adata_marketwatch_images,https://industrial.adata.com/en/edm/Market%20Watch_202503,20260415T172414Z-ba5fa939,2026-04-15T17:24:14.213603Z,2025-03,,,,,https://industrial.adata.com/en/edm/Market%20Watch_202503,https://industrial-ad.adata.com/storage/edms/202503_flash_1.JPG,data/raw/semiconductor_memory/images/2025-03/202503_flash_1.JPG,flash,False,,,,,,,,,,,,,,,,,,,,,,,,,,,,,,
adata_marketwatch_images,https://industrial.adata.com/en/edm/Market%20Watch_202503,20260415T172414Z-ba5fa939,2026-04-15T17:24:14.213603Z,2025-03,,,,,https://industrial.adata.com/en/edm/Market%20Watch_202503,https://industrial-ad.adata.com/storage/edms/202503_flash_2.JPG,data/raw/semiconductor_memory/images/2025-03/202503_flash_2.JPG,flash,False,,,,,,,,,,,,,,,,,,,,,,,,,,,,,,
adata_marketwatch_images,https://industrial.adata.com/en/edm/Market%20Watch_202504,20260415T172414Z-ba5fa939,2026-04-15T17:24:14.213603Z,2025-04,,,,,https://industrial.adata.com/en/edm/Market%20Watch_202504,https://industrial-ad.adata.com/storage/edms/202504_dram_1.JPG,data/raw/semiconductor_memory/images/2025-04/202504_dram_1.JPG,dram,False,,,,,,,,,,,,,,,,,,,,,,,,,,,,,,
adata_marketwatch_images,https://industrial.adata.com/en/edm/Market%20Watch_202504,20260415T172414Z-ba5fa939,2026-04-15T17:24:14.213603Z,2025-04,,,,,https://industrial.adata.com/en/edm/Market%20Watch_202504,https://industrial-ad.adata.com/storage/edms/202504_dram_2.jpg,data/raw/semiconductor_memory/images/2025-04/202504_dram_2.jpg,dram,False,,,,,,,,,,,,,,,,,,,,,,,,,,,,,,
adata_marketwatch_images,https://industrial.adata.com/en/edm/Market%20Watch_202504,20260415T172414Z-ba5fa939,2026-04-15T17:24:14.213603Z,2025-04,,,,,https://industrial.adata.com/en/edm/Market%20Watch_202504,https://industrial-ad.adata.com/storage/edms/202504_flash_1.JPG,data/raw/semiconductor_memory/images/2025-04/202504_flash_1.JPG,flash,False,,,,,,,,,,,,,,,,,,,,,,,,,,,,,,
adata_marketwatch_images,https://industrial.adata.com/en/edm/Market%20Watch_202504,20260415T172414Z-ba5fa939,2026-04-15T17:24:14.213603Z,2025-04,,,,,https://industrial.adata.com/en/edm/Market%20Watch_202504,https://industrial-ad.adata.com/storage/edms/202504_flash_2.JPG,data/raw/semiconductor_memory/images/2025-04/202504_flash_2.JPG,flash,False,,,,,,,,,,,,,,,,,,,,,,,,,,,,,,
adata_marketwatch_images,https://industrial.adata.com/en/edm/Market%20Watch_202505,20260415T172414Z-ba5fa939,2026-04-15T17:24:14.213603Z,2025-05,,,,,https://industrial.adata.com/en/edm/Market%20Watch_202505,https://industrial-ad.adata.com/storage/edms/202505_dram_1.JPG,data/raw/semiconductor_memory/images/2025-05/202505_dram_1.JPG,dram,False,,,,,,,,,,,,,,,,,,,,,,,,,,,,,,
adata_marketwatch_images,https://industrial.adata.com/en/edm/Market%20Watch_202505,20260415T172414Z-ba5fa939,2026-04-15T17:24:14.213603Z,2025-05,,,,,https://industrial.adata.com/en/edm/Market%20Watch_202505,https://industrial-ad.adata.com/storage/edms/202505_dram_2.jpg,data/raw/semiconductor_memory/images/2025-05/202505_dram_2.jpg,dram,False,,,,,,,,,,,,,,,,,,,,,,,,,,,,,,
adata_marketwatch_images,https://industrial.adata.com/en/edm/Market%20Watch_202505,20260415T172414Z-ba5fa939,2026-04-15T17:24:14.213603Z,2025-05,,,,,https://industrial.adata.com/en/edm/Market%20Watch_202505,https://industrial-ad.adata.com/storage/edms/202505_flash_1.JPG,data/raw/semiconductor_memory/images/2025-05/202505_flash_1.JPG,flash,False,,,,,,,,,,,,,,,,,,,,,,,,,,,,,,
adata_marketwatch_images,https://industrial.adata.com/en/edm/Market%20Watch_202505,20260415T172414Z-ba5fa939,2026-04-15T17:24:14.213603Z,2025-05,,,,,https://industrial.adata.com/en/edm/Market%20Watch_202505,https://industrial-ad.adata.com/storage/edms/202505_flash_2.JPG,data/raw/semiconductor_memory/images/2025-05/202505_flash_2.JPG,flash,False,,,,,,,,,,,,,,,,,,,,,,,,,,,,,,
adata_marketwatch_images,https://industrial.adata.com/en/edm/Market%20Watch_202506,20260415T172414Z-ba5fa939,2026-04-15T17:24:14.213603Z,2025-06,,,,,https://industrial.adata.com/en/edm/Market%20Watch_202506,https://industrial-ad.adata.com/storage/edms/202506_dram_1.JPG,data/raw/semiconductor_memory/images/2025-06/202506_dram_1.JPG,dram,False,,,,,,,,,,,,,,,,,,,,,,,,,,,,,,
adata_marketwatch_images,https://industrial.adata.com/en/edm/Market%20Watch_202506,20260415T172414Z-ba5fa939,2026-04-15T17:24:14.213603Z,2025-06,,,,,https://industrial.adata.com/en/edm/Market%20Watch_202506,https://industrial-ad.adata.com/storage/edms/202506_dram_2.jpg,data/raw/semiconductor_memory/images/2025-06/202506_dram_2.jpg,dram,False,,,,,,,,,,,,,,,,,,,,,,,,,,,,,,
adata_marketwatch_images,https://industrial.adata.com/en/edm/Market%20Watch_202506,20260415T172414Z-ba5fa939,2026-04-15T17:24:14.213603Z,2025-06,,,,,https://industrial.adata.com/en/edm/Market%20Watch_202506,https://industrial-ad.adata.com/storage/edms/202506_flash_1.JPG,data/raw/semiconductor_memory/images/2025-06/202506_flash_1.JPG,flash,False,,,,,,,,,,,,,,,,,,,,,,,,,,,,,,
adata_marketwatch_images,https://industrial.adata.com/en/edm/Market%20Watch_202506,20260415T172414Z-ba5fa939,2026-04-15T17:24:14.213603Z,2025-06,,,,,https://industrial.adata.com/en/edm/Market%20Watch_202506,https://industrial-ad.adata.com/storage/edms/202506_flash_2.JPG,data/raw/semiconductor_memory/images/2025-06/202506_flash_2.JPG,flash,False,,,,,,,,,,,,,,,,,,,,,,,,,,,,,,
adata_marketwatch_images,https://industrial.adata.com/en/edm/MarketWatch_202507,20260415T172414Z-ba5fa939,2026-04-15T17:24:14.213603Z,2025-07,,,,,https://industrial.adata.com/en/edm/MarketWatch_202507,https://industrial-ad.adata.com/storage/edms/202507_dram_1.JPG,data/raw/semiconductor_memory/images/2025-07/202507_dram_1.JPG,dram,False,,,,,,,,,,,,,,,,,,,,,,,,,,,,,,
adata_marketwatch_images,https://industrial.adata.com/en/edm/MarketWatch_202507,20260415T172414Z-ba5fa939,2026-04-15T17:24:14.213603Z,2025-07,,,,,https://industrial.adata.com/en/edm/MarketWatch_202507,https://industrial-ad.adata.com/storage/edms/202507_dram_2.jpg,data/raw/semiconductor_memory/images/2025-07/202507_dram_2.jpg,dram,False,,,,,,,,,,,,,,,,,,,,,,,,,,,,,,
adata_marketwatch_images,https://industrial.adata.com/en/edm/MarketWatch_202507,20260415T172414Z-ba5fa939,2026-04-15T17:24:14.213603Z,2025-07,,,,,https://industrial.adata.com/en/edm/MarketWatch_202507,https://industrial-ad.adata.com/storage/edms/202507_flash_1.JPG,data/raw/semiconductor_memory/images/2025-07/202507_flash_1.JPG,flash,False,,,,,,,,,,,,,,,,,,,,,,,,,,,,,,
adata_marketwatch_images,https://industrial.adata.com/en/edm/MarketWatch_202507,20260415T172414Z-ba5fa939,2026-04-15T17:24:14.213603Z,2025-07,,,,,https://industrial.adata.com/en/edm/MarketWatch_202507,https://industrial-ad.adata.com/storage/edms/202507_flash_2.JPG,data/raw/semiconductor_memory/images/2025-07/202507_flash_2.JPG,flash,False,,,,,,,,,,,,,,,,,,,,,,,,,,,,,,
adata_marketwatch_images,https://industrial.adata.com/en/edm/MarketWatch_202508,20260415T172414Z-ba5fa939,2026-04-15T17:24:14.213603Z,2025-08,,,,,https://industrial.adata.com/en/edm/MarketWatch_202508,https://industrial-ad.adata.com/storage/edms/202508_dram_1.JPG,data/raw/semiconductor_memory/images/2025-08/202508_dram_1.JPG,dram,False,,,,,,,,,,,,,,,,,,,,,,,,,,,,,,
adata_marketwatch_images,https://industrial.adata.com/en/edm/MarketWatch_202508,20260415T172414Z-ba5fa939,2026-04-15T17:24:14.213603Z,2025-08,,,,,https://industrial.adata.com/en/edm/MarketWatch_202508,https://industrial-ad.adata.com/storage/edms/202508_dram_2.jpg,data/raw/semiconductor_memory/images/2025-08/202508_dram_2.jpg,dram,False,,,,,,,,,,,,,,,,,,,,,,,,,,,,,,
adata_marketwatch_images,https://industrial.adata.com/en/edm/MarketWatch_202508,20260415T172414Z-ba5fa939,2026-04-15T17:24:14.213603Z,2025-08,,,,,https://industrial.adata.com/en/edm/MarketWatch_202508,https://industrial-ad.adata.com/storage/edms/202508_flash_1.JPG,data/raw/semiconductor_memory/images/2025-08/202508_flash_1.JPG,flash,False,,,,,,,,,,,,,,,,,,,,,,,,,,,,,,
adata_marketwatch_images,https://industrial.adata.com/en/edm/MarketWatch_202508,20260415T172414Z-ba5fa939,2026-04-15T17:24:14.213603Z,2025-08,,,,,https://industrial.adata.com/en/edm/MarketWatch_202508,https://industrial-ad.adata.com/storage/edms/202508_flash_2.JPG,data/raw/semiconductor_memory/images/2025-08/202508_flash_2.JPG,flash,False,,,,,,,,,,,,,,,,,,,,,,,,,,,,,,
adata_marketwatch_images,https://industrial.adata.com/en/edm/MarketWatch_202509,20260415T172414Z-ba5fa939,2026-04-15T17:24:14.213603Z,2025-09,,,,,https://industrial.adata.com/en/edm/MarketWatch_202509,https://industrial-ad.adata.com/storage/edms/202509_dram_1.JPG,data/raw/semiconductor_memory/images/2025-09/202509_dram_1.JPG,dram,False,,,,,,,,,,,,,,,,,,,,,,,,,,,,,,
adata_marketwatch_images,https://industrial.adata.com/en/edm/MarketWatch_202509,20260415T172414Z-ba5fa939,2026-04-15T17:24:14.213603Z,2025-09,,,,,https://industrial.adata.com/en/edm/MarketWatch_202509,https://industrial-ad.adata.com/storage/edms/202509_dram_2.jpg,data/raw/semiconductor_memory/images/2025-09/202509_dram_2.jpg,dram,False,,,,,,,,,,,,,,,,,,,,,,,,,,,,,,
adata_marketwatch_images,https://industrial.adata.com/en/edm/MarketWatch_202509,20260415T172414Z-ba5fa939,2026-04-15T17:24:14.213603Z,2025-09,,,,,https://industrial.adata.com/en/edm/MarketWatch_202509,https://industrial-ad.adata.com/storage/edms/202509_flash_1.JPG,data/raw/semiconductor_memory/images/2025-09/202509_flash_1.JPG,flash,False,,,,,,,,,,,,,,,,,,,,,,,,,,,,,,
adata_marketwatch_images,https://industrial.adata.com/en/edm/MarketWatch_202509,20260415T172414Z-ba5fa939,2026-04-15T17:24:14.213603Z,2025-09,,,,,https://industrial.adata.com/en/edm/MarketWatch_202509,https://industrial-ad.adata.com/storage/edms/202509_flash_2.JPG,data/raw/semiconductor_memory/images/2025-09/202509_flash_2.JPG,flash,False,,,,,,,,,,,,,,,,,,,,,,,,,,,,,,
adata_marketwatch_images,https://industrial.adata.com/en/edm/MarketWatch_202510,20260415T172414Z-ba5fa939,2026-04-15T17:24:14.213603Z,2025-10,,,,,https://industrial.adata.com/en/edm/MarketWatch_202510,https://industrial-ad.adata.com/storage/edms/202510_dram_1.JPG,data/raw/semiconductor_memory/images/2025-10/202510_dram_1.JPG,dram,False,,,,,,,,,,,,,,,,,,,,,,,,,,,,,,
adata_marketwatch_images,https://industrial.adata.com/en/edm/MarketWatch_202510,20260415T172414Z-ba5fa939,2026-04-15T17:24:14.213603Z,2025-10,,,,,https://industrial.adata.com/en/edm/MarketWatch_202510,https://industrial-ad.adata.com/storage/edms/202510_dram_2.jpg,data/raw/semiconductor_memory/images/2025-10/202510_dram_2.jpg,dram,False,,,,,,,,,,,,,,,,,,,,,,,,,,,,,,
adata_marketwatch_images,https://industrial.adata.com/en/edm/MarketWatch_202510,20260415T172414Z-ba5fa939,2026-04-15T17:24:14.213603Z,2025-10,,,,,https://industrial.adata.com/en/edm/MarketWatch_202510,https://industrial-ad.adata.com/storage/edms/202510_flash_1.JPG,data/raw/semiconductor_memory/images/2025-10/202510_flash_1.JPG,flash,False,,,,,,,,,,,,,,,,,,,,,,,,,,,,,,
adata_marketwatch_images,https://industrial.adata.com/en/edm/MarketWatch_202510,20260415T172414Z-ba5fa939,2026-04-15T17:24:14.213603Z,2025-10,,,,,https://industrial.adata.com/en/edm/MarketWatch_202510,https://industrial-ad.adata.com/storage/edms/202510_flash_2.JPG,data/raw/semiconductor_memory/images/2025-10/202510_flash_2.JPG,flash,False,,,,,,,,,,,,,,,,,,,,,,,,,,,,,,
adata_marketwatch_images,https://industrial.adata.com/en/edm/MarketWatch_202511,20260417T205317Z-72d96bb9,2026-04-17T20:53:17.666103Z,2025-10,,,,,https://industrial.adata.com/en/edm/MarketWatch_202511,https://industrial-ad.adata.com/storage/edms/202511_dram_1.JPG,data/raw/semiconductor_memory/images/2025-10/202511_dram_1.JPG,dram,False,,,,,,,,,,,,,,,,,,,,,,,,,,,,,,
adata_marketwatch_images,https://industrial.adata.com/en/edm/MarketWatch_202511,20260417T205317Z-72d96bb9,2026-04-17T20:53:17.666103Z,2025-10,,,,,https://industrial.adata.com/en/edm/MarketWatch_202511,https://industrial-ad.adata.com/storage/edms/202511_dram_2.jpg,data/raw/semiconductor_memory/images/2025-10/202511_dram_2.jpg,dram,False,,,,,,,,,,,,,,,,,,,,,,,,,,,,,,
adata_marketwatch_images,https://industrial.adata.com/en/edm/MarketWatch_202511,20260417T205317Z-72d96bb9,2026-04-17T20:53:17.666103Z,2025-10,,,,,https://industrial.adata.com/en/edm/MarketWatch_202511,https://industrial-ad.adata.com/storage/edms/202511_flash_1.JPG,data/raw/semiconductor_memory/images/2025-10/202511_flash_1.JPG,flash,False,,,,,,,,,,,,,,,,,,,,,,,,,,,,,,
adata_marketwatch_images,https://industrial.adata.com/en/edm/MarketWatch_202511,20260417T205317Z-72d96bb9,2026-04-17T20:53:17.666103Z,2025-10,,,,,https://industrial.adata.com/en/edm/MarketWatch_202511,https://industrial-ad.adata.com/storage/edms/202511_flash_2.JPG,data/raw/semiconductor_memory/images/2025-10/202511_flash_2.JPG,flash,False,,,,,,,,,,,,,,,,,,,,,,,,,,,,,,
adata_marketwatch_images,https://industrial.adata.com/en/edm/MarketWatch_202511,20260417T205441Z-10e1aa5e,2026-04-17T20:54:41.321720Z,2025-11,,,,,https://industrial.adata.com/en/edm/MarketWatch_202511,https://industrial-ad.adata.com/storage/edms/202511_dram_1.JPG,data/raw/semiconductor_memory/images/2025-11/202511_dram_1.JPG,dram,False,,,,,,,,,,,,,,,,,,,,,,,,,,,,,,
adata_marketwatch_images,https://industrial.adata.com/en/edm/MarketWatch_202511,20260417T205441Z-10e1aa5e,2026-04-17T20:54:41.321720Z,2025-11,,,,,https://industrial.adata.com/en/edm/MarketWatch_202511,https://industrial-ad.adata.com/storage/edms/202511_dram_2.jpg,data/raw/semiconductor_memory/images/2025-11/202511_dram_2.jpg,dram,False,,,,,,,,,,,,,,,,,,,,,,,,,,,,,,
adata_marketwatch_images,https://industrial.adata.com/en/edm/MarketWatch_202511,20260417T205441Z-10e1aa5e,2026-04-17T20:54:41.321720Z,2025-11,,,,,https://industrial.adata.com/en/edm/MarketWatch_202511,https://industrial-ad.adata.com/storage/edms/202511_flash_1.JPG,data/raw/semiconductor_memory/images/2025-11/202511_flash_1.JPG,flash,False,,,,,,,,,,,,,,,,,,,,,,,,,,,,,,
adata_marketwatch_images,https://industrial.adata.com/en/edm/MarketWatch_202511,20260417T205441Z-10e1aa5e,2026-04-17T20:54:41.321720Z,2025-11,,,,,https://industrial.adata.com/en/edm/MarketWatch_202511,https://industrial-ad.adata.com/storage/edms/202511_flash_2.JPG,data/raw/semiconductor_memory/images/2025-11/202511_flash_2.JPG,flash,False,,,,,,,,,,,,,,,,,,,,,,,,,,,,,,
adata_marketwatch_images,https://industrial.adata.com/en/edm/MarketWatch_202512,20260415T172414Z-ba5fa939,2026-04-15T17:24:14.213603Z,2025-12,,,,,https://industrial.adata.com/en/edm/MarketWatch_202512,https://industrial-ad.adata.com/storage/edms/202512_dram_1.JPG,data/raw/semiconductor_memory/images/2025-12/202512_dram_1.JPG,dram,False,,,,,,,,,,,,,,,,,,,,,,,,,,,,,,
adata_marketwatch_images,https://industrial.adata.com/en/edm/MarketWatch_202512,20260415T172414Z-ba5fa939,2026-04-15T17:24:14.213603Z,2025-12,,,,,https://industrial.adata.com/en/edm/MarketWatch_202512,https://industrial-ad.adata.com/storage/edms/202512_dram_2.jpg,data/raw/semiconductor_memory/images/2025-12/202512_dram_2.jpg,dram,False,,,,,,,,,,,,,,,,,,,,,,,,,,,,,,
adata_marketwatch_images,https://industrial.adata.com/en/edm/MarketWatch_202512,20260415T172414Z-ba5fa939,2026-04-15T17:24:14.213603Z,2025-12,,,,,https://industrial.adata.com/en/edm/MarketWatch_202512,https://industrial-ad.adata.com/storage/edms/202512_flash_1.JPG,data/raw/semiconductor_memory/images/2025-12/202512_flash_1.JPG,flash,False,,,,,,,,,,,,,,,,,,,,,,,,,,,,,,
adata_marketwatch_images,https://industrial.adata.com/en/edm/MarketWatch_202512,20260415T172414Z-ba5fa939,2026-04-15T17:24:14.213603Z,2025-12,,,,,https://industrial.adata.com/en/edm/MarketWatch_202512,https://industrial-ad.adata.com/storage/edms/202512_flash_2.JPG,data/raw/semiconductor_memory/images/2025-12/202512_flash_2.JPG,flash,False,,,,,,,,,,,,,,,,,,,,,,,,,,,,,,
adata_marketwatch_images,https://industrial.adata.com/en/edm/MarketWatch_202601,20260415T172414Z-ba5fa939,2026-04-15T17:24:14.213603Z,2026-01,,,,,https://industrial.adata.com/en/edm/MarketWatch_202601,https://industrial-ad.adata.com/storage/edms/202601_dram_1.JPG,data/raw/semiconductor_memory/images/2026-01/202601_dram_1.JPG,dram,False,,,,,,,,,,,,,,,,,,,,,,,,,,,,,,
adata_marketwatch_images,https://industrial.adata.com/en/edm/MarketWatch_202601,20260415T172414Z-ba5fa939,2026-04-15T17:24:14.213603Z,2026-01,,,,,https://industrial.adata.com/en/edm/MarketWatch_202601,https://industrial-ad.adata.com/storage/edms/202601_dram_2.jpg,data/raw/semiconductor_memory/images/2026-01/202601_dram_2.jpg,dram,False,,,,,,,,,,,,,,,,,,,,,,,,,,,,,,
adata_marketwatch_images,https://industrial.adata.com/en/edm/MarketWatch_202601,20260415T172414Z-ba5fa939,2026-04-15T17:24:14.213603Z,2026-01,,,,,https://industrial.adata.com/en/edm/MarketWatch_202601,https://industrial-ad.adata.com/storage/edms/202601_flash_1.JPG,data/raw/semiconductor_memory/images/2026-01/202601_flash_1.JPG,flash,False,,,,,,,,,,,,,,,,,,,,,,,,,,,,,,
adata_marketwatch_images,https://industrial.adata.com/en/edm/MarketWatch_202601,20260415T172414Z-ba5fa939,2026-04-15T17:24:14.213603Z,2026-01,,,,,https://industrial.adata.com/en/edm/MarketWatch_202601,https://industrial-ad.adata.com/storage/edms/202601_flash_2.JPG,data/raw/semiconductor_memory/images/2026-01/202601_flash_2.JPG,flash,False,,,,,,,,,,,,,,,,,,,,,,,,,,,,,,
adata_marketwatch_images,https://industrial.adata.com/en/edm/MarketWatch_202602,20260415T172414Z-ba5fa939,2026-04-15T17:24:14.213603Z,2026-02,,,,,https://industrial.adata.com/en/edm/MarketWatch_202602,https://industrial-ad.adata.com/storage/edms/202602_dram_1.JPG,data/raw/semiconductor_memory/images/2026-02/202602_dram_1.JPG,dram,False,,,,,,,,,,,,,,,,,,,,,,,,,,,,,,
adata_marketwatch_images,https://industrial.adata.com/en/edm/MarketWatch_202602,20260415T172414Z-ba5fa939,2026-04-15T17:24:14.213603Z,2026-02,,,,,https://industrial.adata.com/en/edm/MarketWatch_202602,https://industrial-ad.adata.com/storage/edms/202602_dram_2.jpg,data/raw/semiconductor_memory/images/2026-02/202602_dram_2.jpg,dram,False,,,,,,,,,,,,,,,,,,,,,,,,,,,,,,
adata_marketwatch_images,https://industrial.adata.com/en/edm/MarketWatch_202602,20260415T172414Z-ba5fa939,2026-04-15T17:24:14.213603Z,2026-02,,,,,https://industrial.adata.com/en/edm/MarketWatch_202602,https://industrial-ad.adata.com/storage/edms/202602_flash_1.JPG,data/raw/semiconductor_memory/images/2026-02/202602_flash_1.JPG,flash,False,,,,,,,,,,,,,,,,,,,,,,,,,,,,,,
adata_marketwatch_images,https://industrial.adata.com/en/edm/MarketWatch_202602,20260415T172414Z-ba5fa939,2026-04-15T17:24:14.213603Z,2026-02,,,,,https://industrial.adata.com/en/edm/MarketWatch_202602,https://industrial-ad.adata.com/storage/edms/202602_flash_2.JPG,data/raw/semiconductor_memory/images/2026-02/202602_flash_2.JPG,flash,False,,,,,,,,,,,,,,,,,,,,,,,,,,,,,,
adata_marketwatch_images,https://industrial.adata.com/en/edm/MarketWatch_202603,20260415T172414Z-ba5fa939,2026-04-15T17:24:14.213603Z,2026-03,,,,,https://industrial.adata.com/en/edm/MarketWatch_202603,https://industrial-ad.adata.com/storage/edms/202602_dram_1.JPG,data/raw/semiconductor_memory/images/2026-03/202602_dram_1.JPG,dram,False,,,,,,,,,,,,,,,,,,,,,,,,,,,,,,
adata_marketwatch_images,https://industrial.adata.com/en/edm/MarketWatch_202603,20260415T172414Z-ba5fa939,2026-04-15T17:24:14.213603Z,2026-03,,,,,https://industrial.adata.com/en/edm/MarketWatch_202603,https://industrial-ad.adata.com/storage/edms/202602_dram_2.jpg,data/raw/semiconductor_memory/images/2026-03/202602_dram_2.jpg,dram,False,,,,,,,,,,,,,,,,,,,,,,,,,,,,,,
adata_marketwatch_images,https://industrial.adata.com/en/edm/MarketWatch_202603,20260415T172414Z-ba5fa939,2026-04-15T17:24:14.213603Z,2026-03,,,,,https://industrial.adata.com/en/edm/MarketWatch_202603,https://industrial-ad.adata.com/storage/edms/202602_flash_1.JPG,data/raw/semiconductor_memory/images/2026-03/202602_flash_1.JPG,flash,False,,,,,,,,,,,,,,,,,,,,,,,,,,,,,,
adata_marketwatch_images,https://industrial.adata.com/en/edm/MarketWatch_202603,20260415T172414Z-ba5fa939,2026-04-15T17:24:14.213603Z,2026-03,,,,,https://industrial.adata.com/en/edm/MarketWatch_202603,https://industrial-ad.adata.com/storage/edms/202602_flash_2.JPG,data/raw/semiconductor_memory/images/2026-03/202602_flash_2.JPG,flash,False,,,,,,,,,,,,,,,,,,,,,,,,,,,,,,
adata_marketwatch_images,https://industrial.adata.com/en/edm/MarketWatch_202604,20260503T100115Z-b48682f6,2026-05-03T10:01:15.607423Z,2026-04,,,,,https://industrial.adata.com/en/edm/MarketWatch_202604,https://industrial-ad.adata.com/storage/edms/202602_dram_1.JPG,data/raw/semiconductor_memory/images/2026-04/202602_dram_1.JPG,dram,False,,,,,,,,,,,,,,,,,,,,,,,,,,,,,,
adata_marketwatch_images,https://industrial.adata.com/en/edm/MarketWatch_202604,20260503T100115Z-b48682f6,2026-05-03T10:01:15.607423Z,2026-04,,,,,https://industrial.adata.com/en/edm/MarketWatch_202604,https://industrial-ad.adata.com/storage/edms/202602_dram_2.jpg,data/raw/semiconductor_memory/images/2026-04/202602_dram_2.jpg,dram,False,,,,,,,,,,,,,,,,,,,,,,,,,,,,,,
adata_marketwatch_images,https://industrial.adata.com/en/edm/MarketWatch_202604,20260503T100115Z-b48682f6,2026-05-03T10:01:15.607423Z,2026-04,,,,,https://industrial.adata.com/en/edm/MarketWatch_202604,https://industrial-ad.adata.com/storage/edms/202602_flash_1.JPG,data/raw/semiconductor_memory/images/2026-04/202602_flash_1.JPG,flash,False,,,,,,,,,,,,,,,,,,,,,,,,,,,,,,
adata_marketwatch_images,https://industrial.adata.com/en/edm/MarketWatch_202604,20260503T100115Z-b48682f6,2026-05-03T10:01:15.607423Z,2026-04,,,,,https://industrial.adata.com/en/edm/MarketWatch_202604,https://industrial-ad.adata.com/storage/edms/202602_flash_2.JPG,data/raw/semiconductor_memory/images/2026-04/202602_flash_2.JPG,flash,False,,,,,,,,,,,,,,,,,,,,,,,,,,,,,,
