dataset_id,week_label,week_start_date,entity_id,entity_name,parent_entity_id,parent_entity_name,metric_name,metric_unit,metric_value,rank,source_url,source_run_id,scraped_at,category_slug
market_share,2025-03-30,2025-03-30,google,google,,,token_share_pct,share,82496610302.0,1,https://openrouter.ai/rankings,20260404T120606Z-ef7072ee,2026-04-04T12:06:06.720967Z,
market_share,2025-03-30,2025-03-30,anthropic,anthropic,,,token_share_pct,share,54791959751.0,2,https://openrouter.ai/rankings,20260404T120606Z-ef7072ee,2026-04-04T12:06:06.720967Z,
market_share,2025-03-30,2025-03-30,openai,openai,,,token_share_pct,share,50359767635.0,3,https://openrouter.ai/rankings,20260404T120606Z-ef7072ee,2026-04-04T12:06:06.720967Z,
market_share,2025-03-30,2025-03-30,deepseek,deepseek,,,token_share_pct,share,37767124444.0,4,https://openrouter.ai/rankings,20260404T120606Z-ef7072ee,2026-04-04T12:06:06.720967Z,
market_share,2025-03-30,2025-03-30,openrouter,openrouter,,,token_share_pct,share,24776391909.0,5,https://openrouter.ai/rankings,20260404T120606Z-ef7072ee,2026-04-04T12:06:06.720967Z,
market_share,2025-03-30,2025-03-30,meta-llama,meta llama,,,token_share_pct,share,15799596411.0,6,https://openrouter.ai/rankings,20260404T120606Z-ef7072ee,2026-04-04T12:06:06.720967Z,
market_share,2025-03-30,2025-03-30,mistralai,mistralai,,,token_share_pct,share,6876862637.0,7,https://openrouter.ai/rankings,20260404T120606Z-ef7072ee,2026-04-04T12:06:06.720967Z,
market_share,2025-03-30,2025-03-30,others,others,,,token_share_pct,share,4919735534.0,8,https://openrouter.ai/rankings,20260404T120606Z-ef7072ee,2026-04-04T12:06:06.720967Z,
market_share,2025-03-30,2025-03-30,qwen,qwen,,,token_share_pct,share,3575432466.0,9,https://openrouter.ai/rankings,20260404T120606Z-ef7072ee,2026-04-04T12:06:06.720967Z,
market_share,2025-03-30,2025-03-30,microsoft,microsoft,,,token_share_pct,share,1726920395.0,10,https://openrouter.ai/rankings,20260404T120606Z-ef7072ee,2026-04-04T12:06:06.720967Z,
market_share,2025-04-06,2025-04-06,google,google,,,token_share_pct,share,611242569650.0,1,https://openrouter.ai/rankings,20260404T120606Z-ef7072ee,2026-04-04T12:06:06.720967Z,
market_share,2025-04-06,2025-04-06,anthropic,anthropic,,,token_share_pct,share,498285307453.0,2,https://openrouter.ai/rankings,20260404T120606Z-ef7072ee,2026-04-04T12:06:06.720967Z,
market_share,2025-04-06,2025-04-06,openrouter,openrouter,,,token_share_pct,share,339458075900.0,3,https://openrouter.ai/rankings,20260404T120606Z-ef7072ee,2026-04-04T12:06:06.720967Z,
market_share,2025-04-06,2025-04-06,openai,openai,,,token_share_pct,share,283228986476.0,4,https://openrouter.ai/rankings,20260404T120606Z-ef7072ee,2026-04-04T12:06:06.720967Z,
market_share,2025-04-06,2025-04-06,deepseek,deepseek,,,token_share_pct,share,248769870138.0,5,https://openrouter.ai/rankings,20260404T120606Z-ef7072ee,2026-04-04T12:06:06.720967Z,
market_share,2025-04-06,2025-04-06,meta-llama,meta llama,,,token_share_pct,share,137268370817.0,6,https://openrouter.ai/rankings,20260404T120606Z-ef7072ee,2026-04-04T12:06:06.720967Z,
market_share,2025-04-06,2025-04-06,mistralai,mistralai,,,token_share_pct,share,48902059986.0,7,https://openrouter.ai/rankings,20260404T120606Z-ef7072ee,2026-04-04T12:06:06.720967Z,
market_share,2025-04-06,2025-04-06,others,others,,,token_share_pct,share,43045115171.0,8,https://openrouter.ai/rankings,20260404T120606Z-ef7072ee,2026-04-04T12:06:06.720967Z,
market_share,2025-04-06,2025-04-06,qwen,qwen,,,token_share_pct,share,28086917363.0,9,https://openrouter.ai/rankings,20260404T120606Z-ef7072ee,2026-04-04T12:06:06.720967Z,
market_share,2025-04-06,2025-04-06,microsoft,microsoft,,,token_share_pct,share,11874775628.0,10,https://openrouter.ai/rankings,20260404T120606Z-ef7072ee,2026-04-04T12:06:06.720967Z,
market_share,2025-04-13,2025-04-13,google,google,,,token_share_pct,share,632263866075.0,1,https://openrouter.ai/rankings,20260404T120606Z-ef7072ee,2026-04-04T12:06:06.720967Z,
market_share,2025-04-13,2025-04-13,anthropic,anthropic,,,token_share_pct,share,514204057183.0,2,https://openrouter.ai/rankings,20260404T120606Z-ef7072ee,2026-04-04T12:06:06.720967Z,
market_share,2025-04-13,2025-04-13,deepseek,deepseek,,,token_share_pct,share,210124997262.0,3,https://openrouter.ai/rankings,20260404T120606Z-ef7072ee,2026-04-04T12:06:06.720967Z,
market_share,2025-04-13,2025-04-13,openai,openai,,,token_share_pct,share,135269697772.0,4,https://openrouter.ai/rankings,20260404T120606Z-ef7072ee,2026-04-04T12:06:06.720967Z,
market_share,2025-04-13,2025-04-13,meta-llama,meta llama,,,token_share_pct,share,88653252203.0,5,https://openrouter.ai/rankings,20260404T120606Z-ef7072ee,2026-04-04T12:06:06.720967Z,
market_share,2025-04-13,2025-04-13,openrouter,openrouter,,,token_share_pct,share,69405461871.0,6,https://openrouter.ai/rankings,20260404T120606Z-ef7072ee,2026-04-04T12:06:06.720967Z,
market_share,2025-04-13,2025-04-13,mistralai,mistralai,,,token_share_pct,share,51464540548.0,7,https://openrouter.ai/rankings,20260404T120606Z-ef7072ee,2026-04-04T12:06:06.720967Z,
market_share,2025-04-13,2025-04-13,others,others,,,token_share_pct,share,50818942024.0,8,https://openrouter.ai/rankings,20260404T120606Z-ef7072ee,2026-04-04T12:06:06.720967Z,
market_share,2025-04-13,2025-04-13,qwen,qwen,,,token_share_pct,share,27145276563.0,9,https://openrouter.ai/rankings,20260404T120606Z-ef7072ee,2026-04-04T12:06:06.720967Z,
market_share,2025-04-13,2025-04-13,microsoft,microsoft,,,token_share_pct,share,12661647633.0,10,https://openrouter.ai/rankings,20260404T120606Z-ef7072ee,2026-04-04T12:06:06.720967Z,
market_share,2025-04-20,2025-04-20,google,google,,,token_share_pct,share,704171030470.0,1,https://openrouter.ai/rankings,20260404T120606Z-ef7072ee,2026-04-04T12:06:06.720967Z,
market_share,2025-04-20,2025-04-20,anthropic,anthropic,,,token_share_pct,share,473507872900.0,2,https://openrouter.ai/rankings,20260404T120606Z-ef7072ee,2026-04-04T12:06:06.720967Z,
market_share,2025-04-20,2025-04-20,deepseek,deepseek,,,token_share_pct,share,225406781151.0,3,https://openrouter.ai/rankings,20260404T120606Z-ef7072ee,2026-04-04T12:06:06.720967Z,
market_share,2025-04-20,2025-04-20,openai,openai,,,token_share_pct,share,117099265280.0,4,https://openrouter.ai/rankings,20260404T120606Z-ef7072ee,2026-04-04T12:06:06.720967Z,
market_share,2025-04-20,2025-04-20,meta-llama,meta llama,,,token_share_pct,share,103643697238.0,5,https://openrouter.ai/rankings,20260404T120606Z-ef7072ee,2026-04-04T12:06:06.720967Z,
market_share,2025-04-20,2025-04-20,mistralai,mistralai,,,token_share_pct,share,53842715698.0,6,https://openrouter.ai/rankings,20260404T120606Z-ef7072ee,2026-04-04T12:06:06.720967Z,
market_share,2025-04-20,2025-04-20,others,others,,,token_share_pct,share,44192731800.0,7,https://openrouter.ai/rankings,20260404T120606Z-ef7072ee,2026-04-04T12:06:06.720967Z,
market_share,2025-04-20,2025-04-20,qwen,qwen,,,token_share_pct,share,29108775230.0,8,https://openrouter.ai/rankings,20260404T120606Z-ef7072ee,2026-04-04T12:06:06.720967Z,
market_share,2025-04-20,2025-04-20,microsoft,microsoft,,,token_share_pct,share,14851342431.0,9,https://openrouter.ai/rankings,20260404T120606Z-ef7072ee,2026-04-04T12:06:06.720967Z,
market_share,2025-04-20,2025-04-20,nousresearch,nousresearch,,,token_share_pct,share,10793531863.0,10,https://openrouter.ai/rankings,20260404T120606Z-ef7072ee,2026-04-04T12:06:06.720967Z,
market_share,2025-04-27,2025-04-27,google,google,,,token_share_pct,share,661224851201.0,1,https://openrouter.ai/rankings,20260404T120606Z-ef7072ee,2026-04-04T12:06:06.720967Z,
market_share,2025-04-27,2025-04-27,anthropic,anthropic,,,token_share_pct,share,436501331517.0,2,https://openrouter.ai/rankings,20260404T120606Z-ef7072ee,2026-04-04T12:06:06.720967Z,
market_share,2025-04-27,2025-04-27,deepseek,deepseek,,,token_share_pct,share,237599444488.0,3,https://openrouter.ai/rankings,20260404T120606Z-ef7072ee,2026-04-04T12:06:06.720967Z,
market_share,2025-04-27,2025-04-27,openai,openai,,,token_share_pct,share,154948401900.0,4,https://openrouter.ai/rankings,20260404T120606Z-ef7072ee,2026-04-04T12:06:06.720967Z,
market_share,2025-04-27,2025-04-27,meta-llama,meta llama,,,token_share_pct,share,115894355079.0,5,https://openrouter.ai/rankings,20260404T120606Z-ef7072ee,2026-04-04T12:06:06.720967Z,
market_share,2025-04-27,2025-04-27,mistralai,mistralai,,,token_share_pct,share,53394567654.0,6,https://openrouter.ai/rankings,20260404T120606Z-ef7072ee,2026-04-04T12:06:06.720967Z,
market_share,2025-04-27,2025-04-27,others,others,,,token_share_pct,share,47112754905.0,7,https://openrouter.ai/rankings,20260404T120606Z-ef7072ee,2026-04-04T12:06:06.720967Z,
market_share,2025-04-27,2025-04-27,qwen,qwen,,,token_share_pct,share,44793564919.0,8,https://openrouter.ai/rankings,20260404T120606Z-ef7072ee,2026-04-04T12:06:06.720967Z,
market_share,2025-04-27,2025-04-27,microsoft,microsoft,,,token_share_pct,share,15631319956.0,9,https://openrouter.ai/rankings,20260404T120606Z-ef7072ee,2026-04-04T12:06:06.720967Z,
market_share,2025-04-27,2025-04-27,x-ai,x ai,,,token_share_pct,share,12376258442.0,10,https://openrouter.ai/rankings,20260404T120606Z-ef7072ee,2026-04-04T12:06:06.720967Z,
market_share,2025-05-04,2025-05-04,google,google,,,token_share_pct,share,730893001311.0,1,https://openrouter.ai/rankings,20260404T120606Z-ef7072ee,2026-04-04T12:06:06.720967Z,
market_share,2025-05-04,2025-05-04,anthropic,anthropic,,,token_share_pct,share,422166658496.0,2,https://openrouter.ai/rankings,20260404T120606Z-ef7072ee,2026-04-04T12:06:06.720967Z,
market_share,2025-05-04,2025-05-04,openai,openai,,,token_share_pct,share,403220246948.0,3,https://openrouter.ai/rankings,20260404T120606Z-ef7072ee,2026-04-04T12:06:06.720967Z,
market_share,2025-05-04,2025-05-04,deepseek,deepseek,,,token_share_pct,share,252013497378.0,4,https://openrouter.ai/rankings,20260404T120606Z-ef7072ee,2026-04-04T12:06:06.720967Z,
market_share,2025-05-04,2025-05-04,meta-llama,meta llama,,,token_share_pct,share,105870073954.0,5,https://openrouter.ai/rankings,20260404T120606Z-ef7072ee,2026-04-04T12:06:06.720967Z,
market_share,2025-05-04,2025-05-04,qwen,qwen,,,token_share_pct,share,61241604276.0,6,https://openrouter.ai/rankings,20260404T120606Z-ef7072ee,2026-04-04T12:06:06.720967Z,
market_share,2025-05-04,2025-05-04,mistralai,mistralai,,,token_share_pct,share,52789153765.0,7,https://openrouter.ai/rankings,20260404T120606Z-ef7072ee,2026-04-04T12:06:06.720967Z,
market_share,2025-05-04,2025-05-04,others,others,,,token_share_pct,share,46722240769.0,8,https://openrouter.ai/rankings,20260404T120606Z-ef7072ee,2026-04-04T12:06:06.720967Z,
market_share,2025-05-04,2025-05-04,microsoft,microsoft,,,token_share_pct,share,13619736596.0,9,https://openrouter.ai/rankings,20260404T120606Z-ef7072ee,2026-04-04T12:06:06.720967Z,
market_share,2025-05-04,2025-05-04,x-ai,x ai,,,token_share_pct,share,12826772341.0,10,https://openrouter.ai/rankings,20260404T120606Z-ef7072ee,2026-04-04T12:06:06.720967Z,
market_share,2025-05-11,2025-05-11,google,google,,,token_share_pct,share,719951836951.0,1,https://openrouter.ai/rankings,20260404T120606Z-ef7072ee,2026-04-04T12:06:06.720967Z,
market_share,2025-05-11,2025-05-11,openai,openai,,,token_share_pct,share,536422526328.0,2,https://openrouter.ai/rankings,20260404T120606Z-ef7072ee,2026-04-04T12:06:06.720967Z,
market_share,2025-05-11,2025-05-11,anthropic,anthropic,,,token_share_pct,share,424264314646.0,3,https://openrouter.ai/rankings,20260404T120606Z-ef7072ee,2026-04-04T12:06:06.720967Z,
market_share,2025-05-11,2025-05-11,deepseek,deepseek,,,token_share_pct,share,228479656890.0,4,https://openrouter.ai/rankings,20260404T120606Z-ef7072ee,2026-04-04T12:06:06.720967Z,
market_share,2025-05-11,2025-05-11,meta-llama,meta llama,,,token_share_pct,share,79008620762.0,5,https://openrouter.ai/rankings,20260404T120606Z-ef7072ee,2026-04-04T12:06:06.720967Z,
market_share,2025-05-11,2025-05-11,qwen,qwen,,,token_share_pct,share,59548380127.0,6,https://openrouter.ai/rankings,20260404T120606Z-ef7072ee,2026-04-04T12:06:06.720967Z,
market_share,2025-05-11,2025-05-11,mistralai,mistralai,,,token_share_pct,share,49128660812.0,7,https://openrouter.ai/rankings,20260404T120606Z-ef7072ee,2026-04-04T12:06:06.720967Z,
market_share,2025-05-11,2025-05-11,others,others,,,token_share_pct,share,46397543598.0,8,https://openrouter.ai/rankings,20260404T120606Z-ef7072ee,2026-04-04T12:06:06.720967Z,
market_share,2025-05-11,2025-05-11,x-ai,x ai,,,token_share_pct,share,17094933295.0,9,https://openrouter.ai/rankings,20260404T120606Z-ef7072ee,2026-04-04T12:06:06.720967Z,
market_share,2025-05-11,2025-05-11,microsoft,microsoft,,,token_share_pct,share,14337185978.0,10,https://openrouter.ai/rankings,20260404T120606Z-ef7072ee,2026-04-04T12:06:06.720967Z,
market_share,2025-05-18,2025-05-18,google,google,,,token_share_pct,share,727125029379.0,1,https://openrouter.ai/rankings,20260404T120606Z-ef7072ee,2026-04-04T12:06:06.720967Z,
market_share,2025-05-18,2025-05-18,openai,openai,,,token_share_pct,share,572426811403.0,2,https://openrouter.ai/rankings,20260404T120606Z-ef7072ee,2026-04-04T12:06:06.720967Z,
market_share,2025-05-18,2025-05-18,anthropic,anthropic,,,token_share_pct,share,508555870281.0,3,https://openrouter.ai/rankings,20260404T120606Z-ef7072ee,2026-04-04T12:06:06.720967Z,
market_share,2025-05-18,2025-05-18,deepseek,deepseek,,,token_share_pct,share,244496426389.0,4,https://openrouter.ai/rankings,20260404T120606Z-ef7072ee,2026-04-04T12:06:06.720967Z,
market_share,2025-05-18,2025-05-18,meta-llama,meta llama,,,token_share_pct,share,67541522106.0,5,https://openrouter.ai/rankings,20260404T120606Z-ef7072ee,2026-04-04T12:06:06.720967Z,
market_share,2025-05-18,2025-05-18,mistralai,mistralai,,,token_share_pct,share,57863122168.0,6,https://openrouter.ai/rankings,20260404T120606Z-ef7072ee,2026-04-04T12:06:06.720967Z,
market_share,2025-05-18,2025-05-18,qwen,qwen,,,token_share_pct,share,56766381334.0,7,https://openrouter.ai/rankings,20260404T120606Z-ef7072ee,2026-04-04T12:06:06.720967Z,
market_share,2025-05-18,2025-05-18,others,others,,,token_share_pct,share,46965860089.0,8,https://openrouter.ai/rankings,20260404T120606Z-ef7072ee,2026-04-04T12:06:06.720967Z,
market_share,2025-05-18,2025-05-18,x-ai,x ai,,,token_share_pct,share,21043560925.0,9,https://openrouter.ai/rankings,20260404T120606Z-ef7072ee,2026-04-04T12:06:06.720967Z,
market_share,2025-05-18,2025-05-18,microsoft,microsoft,,,token_share_pct,share,13349394833.0,10,https://openrouter.ai/rankings,20260404T120606Z-ef7072ee,2026-04-04T12:06:06.720967Z,
market_share,2025-05-25,2025-05-25,google,google,,,token_share_pct,share,807792498416.0,1,https://openrouter.ai/rankings,20260404T120606Z-ef7072ee,2026-04-04T12:06:06.720967Z,
market_share,2025-05-25,2025-05-25,openai,openai,,,token_share_pct,share,599133676183.0,2,https://openrouter.ai/rankings,20260404T120606Z-ef7072ee,2026-04-04T12:06:06.720967Z,
market_share,2025-05-25,2025-05-25,anthropic,anthropic,,,token_share_pct,share,571408758891.0,3,https://openrouter.ai/rankings,20260404T120606Z-ef7072ee,2026-04-04T12:06:06.720967Z,
market_share,2025-05-25,2025-05-25,deepseek,deepseek,,,token_share_pct,share,285201740417.0,4,https://openrouter.ai/rankings,20260404T120606Z-ef7072ee,2026-04-04T12:06:06.720967Z,
market_share,2025-05-25,2025-05-25,meta-llama,meta llama,,,token_share_pct,share,88552706252.0,5,https://openrouter.ai/rankings,20260404T120606Z-ef7072ee,2026-04-04T12:06:06.720967Z,
market_share,2025-05-25,2025-05-25,mistralai,mistralai,,,token_share_pct,share,62552630474.0,6,https://openrouter.ai/rankings,20260404T120606Z-ef7072ee,2026-04-04T12:06:06.720967Z,
market_share,2025-05-25,2025-05-25,others,others,,,token_share_pct,share,47620149210.0,7,https://openrouter.ai/rankings,20260404T120606Z-ef7072ee,2026-04-04T12:06:06.720967Z,
market_share,2025-05-25,2025-05-25,qwen,qwen,,,token_share_pct,share,38002032472.0,8,https://openrouter.ai/rankings,20260404T120606Z-ef7072ee,2026-04-04T12:06:06.720967Z,
market_share,2025-05-25,2025-05-25,x-ai,x ai,,,token_share_pct,share,12604716340.0,9,https://openrouter.ai/rankings,20260404T120606Z-ef7072ee,2026-04-04T12:06:06.720967Z,
market_share,2025-05-25,2025-05-25,microsoft,microsoft,,,token_share_pct,share,11091468291.0,10,https://openrouter.ai/rankings,20260404T120606Z-ef7072ee,2026-04-04T12:06:06.720967Z,
market_share,2025-06-01,2025-06-01,google,google,,,token_share_pct,share,840991806251.0,1,https://openrouter.ai/rankings,20260404T120606Z-ef7072ee,2026-04-04T12:06:06.720967Z,
market_share,2025-06-01,2025-06-01,anthropic,anthropic,,,token_share_pct,share,490419672283.0,2,https://openrouter.ai/rankings,20260404T120606Z-ef7072ee,2026-04-04T12:06:06.720967Z,
market_share,2025-06-01,2025-06-01,openai,openai,,,token_share_pct,share,462767221206.0,3,https://openrouter.ai/rankings,20260404T120606Z-ef7072ee,2026-04-04T12:06:06.720967Z,
market_share,2025-06-01,2025-06-01,deepseek,deepseek,,,token_share_pct,share,335045960758.0,4,https://openrouter.ai/rankings,20260404T120606Z-ef7072ee,2026-04-04T12:06:06.720967Z,
market_share,2025-06-01,2025-06-01,meta-llama,meta llama,,,token_share_pct,share,83833501292.0,5,https://openrouter.ai/rankings,20260404T120606Z-ef7072ee,2026-04-04T12:06:06.720967Z,
market_share,2025-06-01,2025-06-01,mistralai,mistralai,,,token_share_pct,share,66990889821.0,6,https://openrouter.ai/rankings,20260404T120606Z-ef7072ee,2026-04-04T12:06:06.720967Z,
market_share,2025-06-01,2025-06-01,others,others,,,token_share_pct,share,42867895427.0,7,https://openrouter.ai/rankings,20260404T120606Z-ef7072ee,2026-04-04T12:06:06.720967Z,
market_share,2025-06-01,2025-06-01,qwen,qwen,,,token_share_pct,share,37350710837.0,8,https://openrouter.ai/rankings,20260404T120606Z-ef7072ee,2026-04-04T12:06:06.720967Z,
market_share,2025-06-01,2025-06-01,x-ai,x ai,,,token_share_pct,share,13147579276.0,9,https://openrouter.ai/rankings,20260404T120606Z-ef7072ee,2026-04-04T12:06:06.720967Z,
market_share,2025-06-01,2025-06-01,microsoft,microsoft,,,token_share_pct,share,11721293471.0,10,https://openrouter.ai/rankings,20260404T120606Z-ef7072ee,2026-04-04T12:06:06.720967Z,
market_share,2025-06-08,2025-06-08,google,google,,,token_share_pct,share,827320968169.0,1,https://openrouter.ai/rankings,20260404T120606Z-ef7072ee,2026-04-04T12:06:06.720967Z,
market_share,2025-06-08,2025-06-08,anthropic,anthropic,,,token_share_pct,share,474220782589.0,2,https://openrouter.ai/rankings,20260404T120606Z-ef7072ee,2026-04-04T12:06:06.720967Z,
market_share,2025-06-08,2025-06-08,deepseek,deepseek,,,token_share_pct,share,349067251406.0,3,https://openrouter.ai/rankings,20260404T120606Z-ef7072ee,2026-04-04T12:06:06.720967Z,
market_share,2025-06-08,2025-06-08,openai,openai,,,token_share_pct,share,183108206389.0,4,https://openrouter.ai/rankings,20260404T120606Z-ef7072ee,2026-04-04T12:06:06.720967Z,
market_share,2025-06-08,2025-06-08,meta-llama,meta llama,,,token_share_pct,share,79632735951.0,5,https://openrouter.ai/rankings,20260404T120606Z-ef7072ee,2026-04-04T12:06:06.720967Z,
market_share,2025-06-08,2025-06-08,mistralai,mistralai,,,token_share_pct,share,65420724991.0,6,https://openrouter.ai/rankings,20260404T120606Z-ef7072ee,2026-04-04T12:06:06.720967Z,
market_share,2025-06-08,2025-06-08,others,others,,,token_share_pct,share,42643092305.0,7,https://openrouter.ai/rankings,20260404T120606Z-ef7072ee,2026-04-04T12:06:06.720967Z,
market_share,2025-06-08,2025-06-08,qwen,qwen,,,token_share_pct,share,39312326709.0,8,https://openrouter.ai/rankings,20260404T120606Z-ef7072ee,2026-04-04T12:06:06.720967Z,
market_share,2025-06-08,2025-06-08,x-ai,x ai,,,token_share_pct,share,26875851376.0,9,https://openrouter.ai/rankings,20260404T120606Z-ef7072ee,2026-04-04T12:06:06.720967Z,
market_share,2025-06-08,2025-06-08,nousresearch,nousresearch,,,token_share_pct,share,9876180208.0,10,https://openrouter.ai/rankings,20260404T120606Z-ef7072ee,2026-04-04T12:06:06.720967Z,
market_share,2025-06-15,2025-06-15,google,google,,,token_share_pct,share,879998572475.0,1,https://openrouter.ai/rankings,20260404T120606Z-ef7072ee,2026-04-04T12:06:06.720967Z,
market_share,2025-06-15,2025-06-15,anthropic,anthropic,,,token_share_pct,share,543978455250.0,2,https://openrouter.ai/rankings,20260404T120606Z-ef7072ee,2026-04-04T12:06:06.720967Z,
market_share,2025-06-15,2025-06-15,deepseek,deepseek,,,token_share_pct,share,373216930634.0,3,https://openrouter.ai/rankings,20260404T120606Z-ef7072ee,2026-04-04T12:06:06.720967Z,
market_share,2025-06-15,2025-06-15,openai,openai,,,token_share_pct,share,153305500263.0,4,https://openrouter.ai/rankings,20260404T120606Z-ef7072ee,2026-04-04T12:06:06.720967Z,
market_share,2025-06-15,2025-06-15,meta-llama,meta llama,,,token_share_pct,share,70589281098.0,5,https://openrouter.ai/rankings,20260404T120606Z-ef7072ee,2026-04-04T12:06:06.720967Z,
market_share,2025-06-15,2025-06-15,mistralai,mistralai,,,token_share_pct,share,61464143166.0,6,https://openrouter.ai/rankings,20260404T120606Z-ef7072ee,2026-04-04T12:06:06.720967Z,
market_share,2025-06-15,2025-06-15,others,others,,,token_share_pct,share,39576923728.0,7,https://openrouter.ai/rankings,20260404T120606Z-ef7072ee,2026-04-04T12:06:06.720967Z,
market_share,2025-06-15,2025-06-15,qwen,qwen,,,token_share_pct,share,37034371361.0,8,https://openrouter.ai/rankings,20260404T120606Z-ef7072ee,2026-04-04T12:06:06.720967Z,
market_share,2025-06-15,2025-06-15,x-ai,x ai,,,token_share_pct,share,31994216932.0,9,https://openrouter.ai/rankings,20260404T120606Z-ef7072ee,2026-04-04T12:06:06.720967Z,
market_share,2025-06-15,2025-06-15,nousresearch,nousresearch,,,token_share_pct,share,8620978128.0,10,https://openrouter.ai/rankings,20260404T120606Z-ef7072ee,2026-04-04T12:06:06.720967Z,
market_share,2025-06-22,2025-06-22,google,google,,,token_share_pct,share,1065382047439.0,1,https://openrouter.ai/rankings,20260404T120606Z-ef7072ee,2026-04-04T12:06:06.720967Z,
market_share,2025-06-22,2025-06-22,anthropic,anthropic,,,token_share_pct,share,521247654817.0,2,https://openrouter.ai/rankings,20260404T120606Z-ef7072ee,2026-04-04T12:06:06.720967Z,
market_share,2025-06-22,2025-06-22,deepseek,deepseek,,,token_share_pct,share,370812074971.0,3,https://openrouter.ai/rankings,20260404T120606Z-ef7072ee,2026-04-04T12:06:06.720967Z,
market_share,2025-06-22,2025-06-22,openai,openai,,,token_share_pct,share,162330096235.0,4,https://openrouter.ai/rankings,20260404T120606Z-ef7072ee,2026-04-04T12:06:06.720967Z,
market_share,2025-06-22,2025-06-22,meta-llama,meta llama,,,token_share_pct,share,82493410641.0,5,https://openrouter.ai/rankings,20260404T120606Z-ef7072ee,2026-04-04T12:06:06.720967Z,
market_share,2025-06-22,2025-06-22,mistralai,mistralai,,,token_share_pct,share,66818803706.0,6,https://openrouter.ai/rankings,20260404T120606Z-ef7072ee,2026-04-04T12:06:06.720967Z,
market_share,2025-06-22,2025-06-22,qwen,qwen,,,token_share_pct,share,45644437005.0,7,https://openrouter.ai/rankings,20260404T120606Z-ef7072ee,2026-04-04T12:06:06.720967Z,
market_share,2025-06-22,2025-06-22,x-ai,x ai,,,token_share_pct,share,38055932892.0,8,https://openrouter.ai/rankings,20260404T120606Z-ef7072ee,2026-04-04T12:06:06.720967Z,
market_share,2025-06-22,2025-06-22,others,others,,,token_share_pct,share,36304986989.0,9,https://openrouter.ai/rankings,20260404T120606Z-ef7072ee,2026-04-04T12:06:06.720967Z,
market_share,2025-06-22,2025-06-22,microsoft,microsoft,,,token_share_pct,share,8016074611.0,10,https://openrouter.ai/rankings,20260404T120606Z-ef7072ee,2026-04-04T12:06:06.720967Z,
market_share,2025-06-29,2025-06-29,google,google,,,token_share_pct,share,838984335173.0,1,https://openrouter.ai/rankings,20260404T120606Z-ef7072ee,2026-04-04T12:06:06.720967Z,
market_share,2025-06-29,2025-06-29,anthropic,anthropic,,,token_share_pct,share,451813520122.0,2,https://openrouter.ai/rankings,20260404T120606Z-ef7072ee,2026-04-04T12:06:06.720967Z,
market_share,2025-06-29,2025-06-29,deepseek,deepseek,,,token_share_pct,share,381469551500.0,3,https://openrouter.ai/rankings,20260404T120606Z-ef7072ee,2026-04-04T12:06:06.720967Z,
market_share,2025-06-29,2025-06-29,openai,openai,,,token_share_pct,share,156339628226.0,4,https://openrouter.ai/rankings,20260404T120606Z-ef7072ee,2026-04-04T12:06:06.720967Z,
market_share,2025-06-29,2025-06-29,meta-llama,meta llama,,,token_share_pct,share,89920839461.0,5,https://openrouter.ai/rankings,20260404T120606Z-ef7072ee,2026-04-04T12:06:06.720967Z,
market_share,2025-06-29,2025-06-29,mistralai,mistralai,,,token_share_pct,share,71737436329.0,6,https://openrouter.ai/rankings,20260404T120606Z-ef7072ee,2026-04-04T12:06:06.720967Z,
market_share,2025-06-29,2025-06-29,qwen,qwen,,,token_share_pct,share,42704664172.0,7,https://openrouter.ai/rankings,20260404T120606Z-ef7072ee,2026-04-04T12:06:06.720967Z,
market_share,2025-06-29,2025-06-29,others,others,,,token_share_pct,share,39830425229.0,8,https://openrouter.ai/rankings,20260404T120606Z-ef7072ee,2026-04-04T12:06:06.720967Z,
market_share,2025-06-29,2025-06-29,x-ai,x ai,,,token_share_pct,share,35657645490.0,9,https://openrouter.ai/rankings,20260404T120606Z-ef7072ee,2026-04-04T12:06:06.720967Z,
market_share,2025-06-29,2025-06-29,microsoft,microsoft,,,token_share_pct,share,8234839397.0,10,https://openrouter.ai/rankings,20260404T120606Z-ef7072ee,2026-04-04T12:06:06.720967Z,
market_share,2025-07-06,2025-07-06,google,google,,,token_share_pct,share,987903087232.0,1,https://openrouter.ai/rankings,20260404T120606Z-ef7072ee,2026-04-04T12:06:06.720967Z,
market_share,2025-07-06,2025-07-06,anthropic,anthropic,,,token_share_pct,share,486146935258.0,2,https://openrouter.ai/rankings,20260404T120606Z-ef7072ee,2026-04-04T12:06:06.720967Z,
market_share,2025-07-06,2025-07-06,deepseek,deepseek,,,token_share_pct,share,443755342577.0,3,https://openrouter.ai/rankings,20260404T120606Z-ef7072ee,2026-04-04T12:06:06.720967Z,
market_share,2025-07-06,2025-07-06,openai,openai,,,token_share_pct,share,143544563835.0,4,https://openrouter.ai/rankings,20260404T120606Z-ef7072ee,2026-04-04T12:06:06.720967Z,
market_share,2025-07-06,2025-07-06,meta-llama,meta llama,,,token_share_pct,share,74569848685.0,5,https://openrouter.ai/rankings,20260404T120606Z-ef7072ee,2026-04-04T12:06:06.720967Z,
market_share,2025-07-06,2025-07-06,mistralai,mistralai,,,token_share_pct,share,71986979924.0,6,https://openrouter.ai/rankings,20260404T120606Z-ef7072ee,2026-04-04T12:06:06.720967Z,
market_share,2025-07-06,2025-07-06,others,others,,,token_share_pct,share,50213227217.0,7,https://openrouter.ai/rankings,20260404T120606Z-ef7072ee,2026-04-04T12:06:06.720967Z,
market_share,2025-07-06,2025-07-06,qwen,qwen,,,token_share_pct,share,39075768424.0,8,https://openrouter.ai/rankings,20260404T120606Z-ef7072ee,2026-04-04T12:06:06.720967Z,
market_share,2025-07-06,2025-07-06,x-ai,x ai,,,token_share_pct,share,29123463382.0,9,https://openrouter.ai/rankings,20260404T120606Z-ef7072ee,2026-04-04T12:06:06.720967Z,
market_share,2025-07-06,2025-07-06,nousresearch,nousresearch,,,token_share_pct,share,10099061701.0,10,https://openrouter.ai/rankings,20260404T120606Z-ef7072ee,2026-04-04T12:06:06.720967Z,
market_share,2025-07-13,2025-07-13,google,google,,,token_share_pct,share,885891828496.0,1,https://openrouter.ai/rankings,20260404T120606Z-ef7072ee,2026-04-04T12:06:06.720967Z,
market_share,2025-07-13,2025-07-13,anthropic,anthropic,,,token_share_pct,share,594826110175.0,2,https://openrouter.ai/rankings,20260404T120606Z-ef7072ee,2026-04-04T12:06:06.720967Z,
market_share,2025-07-13,2025-07-13,deepseek,deepseek,,,token_share_pct,share,562409971631.0,3,https://openrouter.ai/rankings,20260404T120606Z-ef7072ee,2026-04-04T12:06:06.720967Z,
market_share,2025-07-13,2025-07-13,openai,openai,,,token_share_pct,share,138265580704.0,4,https://openrouter.ai/rankings,20260404T120606Z-ef7072ee,2026-04-04T12:06:06.720967Z,
market_share,2025-07-13,2025-07-13,mistralai,mistralai,,,token_share_pct,share,81550847788.0,5,https://openrouter.ai/rankings,20260404T120606Z-ef7072ee,2026-04-04T12:06:06.720967Z,
market_share,2025-07-13,2025-07-13,meta-llama,meta llama,,,token_share_pct,share,78610422610.0,6,https://openrouter.ai/rankings,20260404T120606Z-ef7072ee,2026-04-04T12:06:06.720967Z,
market_share,2025-07-13,2025-07-13,moonshotai,moonshotai,,,token_share_pct,share,65815812584.0,7,https://openrouter.ai/rankings,20260404T120606Z-ef7072ee,2026-04-04T12:06:06.720967Z,
market_share,2025-07-13,2025-07-13,others,others,,,token_share_pct,share,59448511691.0,8,https://openrouter.ai/rankings,20260404T120606Z-ef7072ee,2026-04-04T12:06:06.720967Z,
market_share,2025-07-13,2025-07-13,x-ai,x ai,,,token_share_pct,share,52939487268.0,9,https://openrouter.ai/rankings,20260404T120606Z-ef7072ee,2026-04-04T12:06:06.720967Z,
market_share,2025-07-13,2025-07-13,qwen,qwen,,,token_share_pct,share,44632642961.0,10,https://openrouter.ai/rankings,20260404T120606Z-ef7072ee,2026-04-04T12:06:06.720967Z,
market_share,2025-07-20,2025-07-20,google,google,,,token_share_pct,share,924298547713.0,1,https://openrouter.ai/rankings,20260404T120606Z-ef7072ee,2026-04-04T12:06:06.720967Z,
market_share,2025-07-20,2025-07-20,anthropic,anthropic,,,token_share_pct,share,754511383915.0,2,https://openrouter.ai/rankings,20260404T120606Z-ef7072ee,2026-04-04T12:06:06.720967Z,
market_share,2025-07-20,2025-07-20,deepseek,deepseek,,,token_share_pct,share,529598310074.0,3,https://openrouter.ai/rankings,20260404T120606Z-ef7072ee,2026-04-04T12:06:06.720967Z,
market_share,2025-07-20,2025-07-20,openai,openai,,,token_share_pct,share,183712230727.0,4,https://openrouter.ai/rankings,20260404T120606Z-ef7072ee,2026-04-04T12:06:06.720967Z,
market_share,2025-07-20,2025-07-20,qwen,qwen,,,token_share_pct,share,176230861705.0,5,https://openrouter.ai/rankings,20260404T120606Z-ef7072ee,2026-04-04T12:06:06.720967Z,
market_share,2025-07-20,2025-07-20,mistralai,mistralai,,,token_share_pct,share,97718015170.0,6,https://openrouter.ai/rankings,20260404T120606Z-ef7072ee,2026-04-04T12:06:06.720967Z,
market_share,2025-07-20,2025-07-20,meta-llama,meta llama,,,token_share_pct,share,95613056796.0,7,https://openrouter.ai/rankings,20260404T120606Z-ef7072ee,2026-04-04T12:06:06.720967Z,
market_share,2025-07-20,2025-07-20,others,others,,,token_share_pct,share,68666818840.0,8,https://openrouter.ai/rankings,20260404T120606Z-ef7072ee,2026-04-04T12:06:06.720967Z,
market_share,2025-07-20,2025-07-20,moonshotai,moonshotai,,,token_share_pct,share,63701015620.0,9,https://openrouter.ai/rankings,20260404T120606Z-ef7072ee,2026-04-04T12:06:06.720967Z,
market_share,2025-07-20,2025-07-20,x-ai,x ai,,,token_share_pct,share,60558034923.0,10,https://openrouter.ai/rankings,20260404T120606Z-ef7072ee,2026-04-04T12:06:06.720967Z,
market_share,2025-07-27,2025-07-27,google,google,,,token_share_pct,share,947154795245.0,1,https://openrouter.ai/rankings,20260404T120606Z-ef7072ee,2026-04-04T12:06:06.720967Z,
market_share,2025-07-27,2025-07-27,anthropic,anthropic,,,token_share_pct,share,821529612542.0,2,https://openrouter.ai/rankings,20260404T120606Z-ef7072ee,2026-04-04T12:06:06.720967Z,
market_share,2025-07-27,2025-07-27,deepseek,deepseek,,,token_share_pct,share,515453239573.0,3,https://openrouter.ai/rankings,20260404T120606Z-ef7072ee,2026-04-04T12:06:06.720967Z,
market_share,2025-07-27,2025-07-27,qwen,qwen,,,token_share_pct,share,361811992144.0,4,https://openrouter.ai/rankings,20260404T120606Z-ef7072ee,2026-04-04T12:06:06.720967Z,
market_share,2025-07-27,2025-07-27,openai,openai,,,token_share_pct,share,188017766229.0,5,https://openrouter.ai/rankings,20260404T120606Z-ef7072ee,2026-04-04T12:06:06.720967Z,
market_share,2025-07-27,2025-07-27,others,others,,,token_share_pct,share,145920404141.0,6,https://openrouter.ai/rankings,20260404T120606Z-ef7072ee,2026-04-04T12:06:06.720967Z,
market_share,2025-07-27,2025-07-27,meta-llama,meta llama,,,token_share_pct,share,123769339101.0,7,https://openrouter.ai/rankings,20260404T120606Z-ef7072ee,2026-04-04T12:06:06.720967Z,
market_share,2025-07-27,2025-07-27,openrouter,openrouter,,,token_share_pct,share,96280282619.0,8,https://openrouter.ai/rankings,20260404T120606Z-ef7072ee,2026-04-04T12:06:06.720967Z,
market_share,2025-07-27,2025-07-27,mistralai,mistralai,,,token_share_pct,share,95785590372.0,9,https://openrouter.ai/rankings,20260404T120606Z-ef7072ee,2026-04-04T12:06:06.720967Z,
market_share,2025-07-27,2025-07-27,z-ai,z ai,,,token_share_pct,share,44038284925.0,10,https://openrouter.ai/rankings,20260404T120606Z-ef7072ee,2026-04-04T12:06:06.720967Z,
market_share,2025-08-03,2025-08-03,google,google,,,token_share_pct,share,808374745348.0,1,https://openrouter.ai/rankings,20260404T120606Z-ef7072ee,2026-04-04T12:06:06.720967Z,
market_share,2025-08-03,2025-08-03,anthropic,anthropic,,,token_share_pct,share,759796393293.0,2,https://openrouter.ai/rankings,20260404T120606Z-ef7072ee,2026-04-04T12:06:06.720967Z,
market_share,2025-08-03,2025-08-03,deepseek,deepseek,,,token_share_pct,share,533042651475.0,3,https://openrouter.ai/rankings,20260404T120606Z-ef7072ee,2026-04-04T12:06:06.720967Z,
market_share,2025-08-03,2025-08-03,qwen,qwen,,,token_share_pct,share,399527516368.0,4,https://openrouter.ai/rankings,20260404T120606Z-ef7072ee,2026-04-04T12:06:06.720967Z,
market_share,2025-08-03,2025-08-03,openai,openai,,,token_share_pct,share,270003377136.0,5,https://openrouter.ai/rankings,20260404T120606Z-ef7072ee,2026-04-04T12:06:06.720967Z,
market_share,2025-08-03,2025-08-03,openrouter,openrouter,,,token_share_pct,share,236612513617.0,6,https://openrouter.ai/rankings,20260404T120606Z-ef7072ee,2026-04-04T12:06:06.720967Z,
market_share,2025-08-03,2025-08-03,others,others,,,token_share_pct,share,186601263062.0,7,https://openrouter.ai/rankings,20260404T120606Z-ef7072ee,2026-04-04T12:06:06.720967Z,
market_share,2025-08-03,2025-08-03,z-ai,z ai,,,token_share_pct,share,109884790362.0,8,https://openrouter.ai/rankings,20260404T120606Z-ef7072ee,2026-04-04T12:06:06.720967Z,
market_share,2025-08-03,2025-08-03,moonshotai,moonshotai,,,token_share_pct,share,94339317397.0,9,https://openrouter.ai/rankings,20260404T120606Z-ef7072ee,2026-04-04T12:06:06.720967Z,
market_share,2025-08-03,2025-08-03,mistralai,mistralai,,,token_share_pct,share,93967060201.0,10,https://openrouter.ai/rankings,20260404T120606Z-ef7072ee,2026-04-04T12:06:06.720967Z,
market_share,2025-08-10,2025-08-10,google,google,,,token_share_pct,share,805698675750.0,1,https://openrouter.ai/rankings,20260404T120606Z-ef7072ee,2026-04-04T12:06:06.720967Z,
market_share,2025-08-10,2025-08-10,anthropic,anthropic,,,token_share_pct,share,740933764504.0,2,https://openrouter.ai/rankings,20260404T120606Z-ef7072ee,2026-04-04T12:06:06.720967Z,
market_share,2025-08-10,2025-08-10,deepseek,deepseek,,,token_share_pct,share,509682348429.0,3,https://openrouter.ai/rankings,20260404T120606Z-ef7072ee,2026-04-04T12:06:06.720967Z,
market_share,2025-08-10,2025-08-10,openai,openai,,,token_share_pct,share,331505671697.0,4,https://openrouter.ai/rankings,20260404T120606Z-ef7072ee,2026-04-04T12:06:06.720967Z,
market_share,2025-08-10,2025-08-10,qwen,qwen,,,token_share_pct,share,326292356459.0,5,https://openrouter.ai/rankings,20260404T120606Z-ef7072ee,2026-04-04T12:06:06.720967Z,
market_share,2025-08-10,2025-08-10,others,others,,,token_share_pct,share,108143763081.0,6,https://openrouter.ai/rankings,20260404T120606Z-ef7072ee,2026-04-04T12:06:06.720967Z,
market_share,2025-08-10,2025-08-10,moonshotai,moonshotai,,,token_share_pct,share,106326159992.0,7,https://openrouter.ai/rankings,20260404T120606Z-ef7072ee,2026-04-04T12:06:06.720967Z,
market_share,2025-08-10,2025-08-10,z-ai,z ai,,,token_share_pct,share,97077635860.0,8,https://openrouter.ai/rankings,20260404T120606Z-ef7072ee,2026-04-04T12:06:06.720967Z,
market_share,2025-08-10,2025-08-10,mistralai,mistralai,,,token_share_pct,share,92948063110.0,9,https://openrouter.ai/rankings,20260404T120606Z-ef7072ee,2026-04-04T12:06:06.720967Z,
market_share,2025-08-10,2025-08-10,meta-llama,meta llama,,,token_share_pct,share,66473054742.0,10,https://openrouter.ai/rankings,20260404T120606Z-ef7072ee,2026-04-04T12:06:06.720967Z,
market_share,2025-08-17,2025-08-17,google,google,,,token_share_pct,share,785685173194.0,1,https://openrouter.ai/rankings,20260404T120606Z-ef7072ee,2026-04-04T12:06:06.720967Z,
market_share,2025-08-17,2025-08-17,anthropic,anthropic,,,token_share_pct,share,720659180003.0,2,https://openrouter.ai/rankings,20260404T120606Z-ef7072ee,2026-04-04T12:06:06.720967Z,
market_share,2025-08-17,2025-08-17,deepseek,deepseek,,,token_share_pct,share,530255400250.0,3,https://openrouter.ai/rankings,20260404T120606Z-ef7072ee,2026-04-04T12:06:06.720967Z,
market_share,2025-08-17,2025-08-17,openai,openai,,,token_share_pct,share,345102248170.0,4,https://openrouter.ai/rankings,20260404T120606Z-ef7072ee,2026-04-04T12:06:06.720967Z,
market_share,2025-08-17,2025-08-17,qwen,qwen,,,token_share_pct,share,302647164545.0,5,https://openrouter.ai/rankings,20260404T120606Z-ef7072ee,2026-04-04T12:06:06.720967Z,
market_share,2025-08-17,2025-08-17,others,others,,,token_share_pct,share,147502725507.0,6,https://openrouter.ai/rankings,20260404T120606Z-ef7072ee,2026-04-04T12:06:06.720967Z,
market_share,2025-08-17,2025-08-17,mistralai,mistralai,,,token_share_pct,share,107019321475.0,7,https://openrouter.ai/rankings,20260404T120606Z-ef7072ee,2026-04-04T12:06:06.720967Z,
market_share,2025-08-17,2025-08-17,z-ai,z ai,,,token_share_pct,share,94272383874.0,8,https://openrouter.ai/rankings,20260404T120606Z-ef7072ee,2026-04-04T12:06:06.720967Z,
market_share,2025-08-17,2025-08-17,moonshotai,moonshotai,,,token_share_pct,share,91416846651.0,9,https://openrouter.ai/rankings,20260404T120606Z-ef7072ee,2026-04-04T12:06:06.720967Z,
market_share,2025-08-17,2025-08-17,x-ai,x ai,,,token_share_pct,share,82239119494.0,10,https://openrouter.ai/rankings,20260404T120606Z-ef7072ee,2026-04-04T12:06:06.720967Z,
market_share,2025-08-24,2025-08-24,google,google,,,token_share_pct,share,856676085935.0,1,https://openrouter.ai/rankings,20260404T120606Z-ef7072ee,2026-04-04T12:06:06.720967Z,
market_share,2025-08-24,2025-08-24,anthropic,anthropic,,,token_share_pct,share,731438124559.0,2,https://openrouter.ai/rankings,20260404T120606Z-ef7072ee,2026-04-04T12:06:06.720967Z,
market_share,2025-08-24,2025-08-24,deepseek,deepseek,,,token_share_pct,share,556061189354.0,3,https://openrouter.ai/rankings,20260404T120606Z-ef7072ee,2026-04-04T12:06:06.720967Z,
market_share,2025-08-24,2025-08-24,openai,openai,,,token_share_pct,share,383346258261.0,4,https://openrouter.ai/rankings,20260404T120606Z-ef7072ee,2026-04-04T12:06:06.720967Z,
market_share,2025-08-24,2025-08-24,x-ai,x ai,,,token_share_pct,share,378582041935.0,5,https://openrouter.ai/rankings,20260404T120606Z-ef7072ee,2026-04-04T12:06:06.720967Z,
market_share,2025-08-24,2025-08-24,qwen,qwen,,,token_share_pct,share,305291408344.0,6,https://openrouter.ai/rankings,20260404T120606Z-ef7072ee,2026-04-04T12:06:06.720967Z,
market_share,2025-08-24,2025-08-24,others,others,,,token_share_pct,share,136214552818.0,7,https://openrouter.ai/rankings,20260404T120606Z-ef7072ee,2026-04-04T12:06:06.720967Z,
market_share,2025-08-24,2025-08-24,mistralai,mistralai,,,token_share_pct,share,95445294351.0,8,https://openrouter.ai/rankings,20260404T120606Z-ef7072ee,2026-04-04T12:06:06.720967Z,
market_share,2025-08-24,2025-08-24,z-ai,z ai,,,token_share_pct,share,80475334131.0,9,https://openrouter.ai/rankings,20260404T120606Z-ef7072ee,2026-04-04T12:06:06.720967Z,
market_share,2025-08-24,2025-08-24,meta-llama,meta llama,,,token_share_pct,share,70989754483.0,10,https://openrouter.ai/rankings,20260404T120606Z-ef7072ee,2026-04-04T12:06:06.720967Z,
market_share,2025-08-31,2025-08-31,x-ai,x ai,,,token_share_pct,share,1122754511281.0,1,https://openrouter.ai/rankings,20260404T120606Z-ef7072ee,2026-04-04T12:06:06.720967Z,
market_share,2025-08-31,2025-08-31,google,google,,,token_share_pct,share,1023788476821.0,2,https://openrouter.ai/rankings,20260404T120606Z-ef7072ee,2026-04-04T12:06:06.720967Z,
market_share,2025-08-31,2025-08-31,anthropic,anthropic,,,token_share_pct,share,692625322860.0,3,https://openrouter.ai/rankings,20260404T120606Z-ef7072ee,2026-04-04T12:06:06.720967Z,
market_share,2025-08-31,2025-08-31,deepseek,deepseek,,,token_share_pct,share,493379751751.0,4,https://openrouter.ai/rankings,20260404T120606Z-ef7072ee,2026-04-04T12:06:06.720967Z,
market_share,2025-08-31,2025-08-31,openai,openai,,,token_share_pct,share,460067101611.0,5,https://openrouter.ai/rankings,20260404T120606Z-ef7072ee,2026-04-04T12:06:06.720967Z,
market_share,2025-08-31,2025-08-31,qwen,qwen,,,token_share_pct,share,309301092376.0,6,https://openrouter.ai/rankings,20260404T120606Z-ef7072ee,2026-04-04T12:06:06.720967Z,
market_share,2025-08-31,2025-08-31,others,others,,,token_share_pct,share,156331395048.0,7,https://openrouter.ai/rankings,20260404T120606Z-ef7072ee,2026-04-04T12:06:06.720967Z,
market_share,2025-08-31,2025-08-31,z-ai,z ai,,,token_share_pct,share,91258924904.0,8,https://openrouter.ai/rankings,20260404T120606Z-ef7072ee,2026-04-04T12:06:06.720967Z,
market_share,2025-08-31,2025-08-31,mistralai,mistralai,,,token_share_pct,share,91050230378.0,9,https://openrouter.ai/rankings,20260404T120606Z-ef7072ee,2026-04-04T12:06:06.720967Z,
market_share,2025-08-31,2025-08-31,meta-llama,meta llama,,,token_share_pct,share,78213066524.0,10,https://openrouter.ai/rankings,20260404T120606Z-ef7072ee,2026-04-04T12:06:06.720967Z,
market_share,2025-09-07,2025-09-07,x-ai,x ai,,,token_share_pct,share,1221025953718.0,1,https://openrouter.ai/rankings,20260404T120606Z-ef7072ee,2026-04-04T12:06:06.720967Z,
market_share,2025-09-07,2025-09-07,google,google,,,token_share_pct,share,891318575700.0,2,https://openrouter.ai/rankings,20260404T120606Z-ef7072ee,2026-04-04T12:06:06.720967Z,
market_share,2025-09-07,2025-09-07,anthropic,anthropic,,,token_share_pct,share,699280168387.0,3,https://openrouter.ai/rankings,20260404T120606Z-ef7072ee,2026-04-04T12:06:06.720967Z,
market_share,2025-09-07,2025-09-07,deepseek,deepseek,,,token_share_pct,share,604957338717.0,4,https://openrouter.ai/rankings,20260404T120606Z-ef7072ee,2026-04-04T12:06:06.720967Z,
market_share,2025-09-07,2025-09-07,openai,openai,,,token_share_pct,share,577255741047.0,5,https://openrouter.ai/rankings,20260404T120606Z-ef7072ee,2026-04-04T12:06:06.720967Z,
market_share,2025-09-07,2025-09-07,qwen,qwen,,,token_share_pct,share,267844286698.0,6,https://openrouter.ai/rankings,20260404T120606Z-ef7072ee,2026-04-04T12:06:06.720967Z,
market_share,2025-09-07,2025-09-07,openrouter,openrouter,,,token_share_pct,share,248806578570.0,7,https://openrouter.ai/rankings,20260404T120606Z-ef7072ee,2026-04-04T12:06:06.720967Z,
market_share,2025-09-07,2025-09-07,others,others,,,token_share_pct,share,211131111964.0,8,https://openrouter.ai/rankings,20260404T120606Z-ef7072ee,2026-04-04T12:06:06.720967Z,
market_share,2025-09-07,2025-09-07,z-ai,z ai,,,token_share_pct,share,94643284307.0,9,https://openrouter.ai/rankings,20260404T120606Z-ef7072ee,2026-04-04T12:06:06.720967Z,
market_share,2025-09-07,2025-09-07,meta-llama,meta llama,,,token_share_pct,share,91541927322.0,10,https://openrouter.ai/rankings,20260404T120606Z-ef7072ee,2026-04-04T12:06:06.720967Z,
market_share,2025-09-14,2025-09-14,x-ai,x ai,,,token_share_pct,share,1285888987474.0,1,https://openrouter.ai/rankings,20260404T120606Z-ef7072ee,2026-04-04T12:06:06.720967Z,
market_share,2025-09-14,2025-09-14,google,google,,,token_share_pct,share,895619372025.0,2,https://openrouter.ai/rankings,20260404T120606Z-ef7072ee,2026-04-04T12:06:06.720967Z,
market_share,2025-09-14,2025-09-14,anthropic,anthropic,,,token_share_pct,share,734462045790.0,3,https://openrouter.ai/rankings,20260404T120606Z-ef7072ee,2026-04-04T12:06:06.720967Z,
market_share,2025-09-14,2025-09-14,deepseek,deepseek,,,token_share_pct,share,571455275595.0,4,https://openrouter.ai/rankings,20260404T120606Z-ef7072ee,2026-04-04T12:06:06.720967Z,
market_share,2025-09-14,2025-09-14,openai,openai,,,token_share_pct,share,543003730842.0,5,https://openrouter.ai/rankings,20260404T120606Z-ef7072ee,2026-04-04T12:06:06.720967Z,
market_share,2025-09-14,2025-09-14,openrouter,openrouter,,,token_share_pct,share,313470521350.0,6,https://openrouter.ai/rankings,20260404T120606Z-ef7072ee,2026-04-04T12:06:06.720967Z,
market_share,2025-09-14,2025-09-14,qwen,qwen,,,token_share_pct,share,215857056134.0,7,https://openrouter.ai/rankings,20260404T120606Z-ef7072ee,2026-04-04T12:06:06.720967Z,
market_share,2025-09-14,2025-09-14,others,others,,,token_share_pct,share,192672460571.0,8,https://openrouter.ai/rankings,20260404T120606Z-ef7072ee,2026-04-04T12:06:06.720967Z,
market_share,2025-09-14,2025-09-14,mistralai,mistralai,,,token_share_pct,share,85620502053.0,9,https://openrouter.ai/rankings,20260404T120606Z-ef7072ee,2026-04-04T12:06:06.720967Z,
market_share,2025-09-14,2025-09-14,meta-llama,meta llama,,,token_share_pct,share,80967490974.0,10,https://openrouter.ai/rankings,20260404T120606Z-ef7072ee,2026-04-04T12:06:06.720967Z,
market_share,2025-09-21,2025-09-21,x-ai,x ai,,,token_share_pct,share,1944982615517.0,1,https://openrouter.ai/rankings,20260404T120606Z-ef7072ee,2026-04-04T12:06:06.720967Z,
market_share,2025-09-21,2025-09-21,google,google,,,token_share_pct,share,905527012886.0,2,https://openrouter.ai/rankings,20260404T120606Z-ef7072ee,2026-04-04T12:06:06.720967Z,
market_share,2025-09-21,2025-09-21,anthropic,anthropic,,,token_share_pct,share,681459913897.0,3,https://openrouter.ai/rankings,20260404T120606Z-ef7072ee,2026-04-04T12:06:06.720967Z,
market_share,2025-09-21,2025-09-21,openai,openai,,,token_share_pct,share,566572653918.0,4,https://openrouter.ai/rankings,20260404T120606Z-ef7072ee,2026-04-04T12:06:06.720967Z,
market_share,2025-09-21,2025-09-21,deepseek,deepseek,,,token_share_pct,share,504320992372.0,5,https://openrouter.ai/rankings,20260404T120606Z-ef7072ee,2026-04-04T12:06:06.720967Z,
market_share,2025-09-21,2025-09-21,qwen,qwen,,,token_share_pct,share,180263943975.0,6,https://openrouter.ai/rankings,20260404T120606Z-ef7072ee,2026-04-04T12:06:06.720967Z,
market_share,2025-09-21,2025-09-21,others,others,,,token_share_pct,share,102468648458.0,7,https://openrouter.ai/rankings,20260404T120606Z-ef7072ee,2026-04-04T12:06:06.720967Z,
market_share,2025-09-21,2025-09-21,meta-llama,meta llama,,,token_share_pct,share,82163932418.0,8,https://openrouter.ai/rankings,20260404T120606Z-ef7072ee,2026-04-04T12:06:06.720967Z,
market_share,2025-09-21,2025-09-21,mistralai,mistralai,,,token_share_pct,share,76803654638.0,9,https://openrouter.ai/rankings,20260404T120606Z-ef7072ee,2026-04-04T12:06:06.720967Z,
market_share,2025-09-21,2025-09-21,z-ai,z ai,,,token_share_pct,share,70865068670.0,10,https://openrouter.ai/rankings,20260404T120606Z-ef7072ee,2026-04-04T12:06:06.720967Z,
market_share,2025-09-28,2025-09-28,x-ai,x ai,,,token_share_pct,share,1950952177495.0,1,https://openrouter.ai/rankings,20260404T120606Z-ef7072ee,2026-04-04T12:06:06.720967Z,
market_share,2025-09-28,2025-09-28,google,google,,,token_share_pct,share,994358825565.0,2,https://openrouter.ai/rankings,20260404T120606Z-ef7072ee,2026-04-04T12:06:06.720967Z,
market_share,2025-09-28,2025-09-28,anthropic,anthropic,,,token_share_pct,share,745892444380.0,3,https://openrouter.ai/rankings,20260404T120606Z-ef7072ee,2026-04-04T12:06:06.720967Z,
market_share,2025-09-28,2025-09-28,openai,openai,,,token_share_pct,share,632489894566.0,4,https://openrouter.ai/rankings,20260404T120606Z-ef7072ee,2026-04-04T12:06:06.720967Z,
market_share,2025-09-28,2025-09-28,deepseek,deepseek,,,token_share_pct,share,528989210004.0,5,https://openrouter.ai/rankings,20260404T120606Z-ef7072ee,2026-04-04T12:06:06.720967Z,
market_share,2025-09-28,2025-09-28,qwen,qwen,,,token_share_pct,share,171455415510.0,6,https://openrouter.ai/rankings,20260404T120606Z-ef7072ee,2026-04-04T12:06:06.720967Z,
market_share,2025-09-28,2025-09-28,meta-llama,meta llama,,,token_share_pct,share,134407249495.0,7,https://openrouter.ai/rankings,20260404T120606Z-ef7072ee,2026-04-04T12:06:06.720967Z,
market_share,2025-09-28,2025-09-28,others,others,,,token_share_pct,share,124422781995.0,8,https://openrouter.ai/rankings,20260404T120606Z-ef7072ee,2026-04-04T12:06:06.720967Z,
market_share,2025-09-28,2025-09-28,z-ai,z ai,,,token_share_pct,share,117401258964.0,9,https://openrouter.ai/rankings,20260404T120606Z-ef7072ee,2026-04-04T12:06:06.720967Z,
market_share,2025-09-28,2025-09-28,mistralai,mistralai,,,token_share_pct,share,77132043649.0,10,https://openrouter.ai/rankings,20260404T120606Z-ef7072ee,2026-04-04T12:06:06.720967Z,
market_share,2025-10-05,2025-10-05,x-ai,x ai,,,token_share_pct,share,1408474764537.0,1,https://openrouter.ai/rankings,20260404T120606Z-ef7072ee,2026-04-04T12:06:06.720967Z,
market_share,2025-10-05,2025-10-05,google,google,,,token_share_pct,share,947025983748.0,2,https://openrouter.ai/rankings,20260404T120606Z-ef7072ee,2026-04-04T12:06:06.720967Z,
market_share,2025-10-05,2025-10-05,anthropic,anthropic,,,token_share_pct,share,847105076226.0,3,https://openrouter.ai/rankings,20260404T120606Z-ef7072ee,2026-04-04T12:06:06.720967Z,
market_share,2025-10-05,2025-10-05,openai,openai,,,token_share_pct,share,676663485649.0,4,https://openrouter.ai/rankings,20260404T120606Z-ef7072ee,2026-04-04T12:06:06.720967Z,
market_share,2025-10-05,2025-10-05,deepseek,deepseek,,,token_share_pct,share,423397808178.0,5,https://openrouter.ai/rankings,20260404T120606Z-ef7072ee,2026-04-04T12:06:06.720967Z,
market_share,2025-10-05,2025-10-05,qwen,qwen,,,token_share_pct,share,310855835414.0,6,https://openrouter.ai/rankings,20260404T120606Z-ef7072ee,2026-04-04T12:06:06.720967Z,
market_share,2025-10-05,2025-10-05,z-ai,z ai,,,token_share_pct,share,161725314805.0,7,https://openrouter.ai/rankings,20260404T120606Z-ef7072ee,2026-04-04T12:06:06.720967Z,
market_share,2025-10-05,2025-10-05,others,others,,,token_share_pct,share,141767523415.0,8,https://openrouter.ai/rankings,20260404T120606Z-ef7072ee,2026-04-04T12:06:06.720967Z,
market_share,2025-10-05,2025-10-05,mistralai,mistralai,,,token_share_pct,share,82970939849.0,9,https://openrouter.ai/rankings,20260404T120606Z-ef7072ee,2026-04-04T12:06:06.720967Z,
market_share,2025-10-05,2025-10-05,meta-llama,meta llama,,,token_share_pct,share,81856635823.0,10,https://openrouter.ai/rankings,20260404T120606Z-ef7072ee,2026-04-04T12:06:06.720967Z,
market_share,2025-10-12,2025-10-12,x-ai,x ai,,,token_share_pct,share,1425157181912.0,1,https://openrouter.ai/rankings,20260404T120606Z-ef7072ee,2026-04-04T12:06:06.720967Z,
market_share,2025-10-12,2025-10-12,google,google,,,token_share_pct,share,871843424239.0,2,https://openrouter.ai/rankings,20260404T120606Z-ef7072ee,2026-04-04T12:06:06.720967Z,
market_share,2025-10-12,2025-10-12,anthropic,anthropic,,,token_share_pct,share,791481927222.0,3,https://openrouter.ai/rankings,20260404T120606Z-ef7072ee,2026-04-04T12:06:06.720967Z,
market_share,2025-10-12,2025-10-12,openai,openai,,,token_share_pct,share,532265309241.0,4,https://openrouter.ai/rankings,20260404T120606Z-ef7072ee,2026-04-04T12:06:06.720967Z,
market_share,2025-10-12,2025-10-12,deepseek,deepseek,,,token_share_pct,share,335145908827.0,5,https://openrouter.ai/rankings,20260404T120606Z-ef7072ee,2026-04-04T12:06:06.720967Z,
market_share,2025-10-12,2025-10-12,qwen,qwen,,,token_share_pct,share,229140242606.0,6,https://openrouter.ai/rankings,20260404T120606Z-ef7072ee,2026-04-04T12:06:06.720967Z,
market_share,2025-10-12,2025-10-12,others,others,,,token_share_pct,share,167541242108.0,7,https://openrouter.ai/rankings,20260404T120606Z-ef7072ee,2026-04-04T12:06:06.720967Z,
market_share,2025-10-12,2025-10-12,z-ai,z ai,,,token_share_pct,share,141847460406.0,8,https://openrouter.ai/rankings,20260404T120606Z-ef7072ee,2026-04-04T12:06:06.720967Z,
market_share,2025-10-12,2025-10-12,tngtech,tngtech,,,token_share_pct,share,100881362706.0,9,https://openrouter.ai/rankings,20260404T120606Z-ef7072ee,2026-04-04T12:06:06.720967Z,
market_share,2025-10-12,2025-10-12,mistralai,mistralai,,,token_share_pct,share,83475335965.0,10,https://openrouter.ai/rankings,20260404T120606Z-ef7072ee,2026-04-04T12:06:06.720967Z,
market_share,2025-10-19,2025-10-19,x-ai,x ai,,,token_share_pct,share,1436350280471.0,1,https://openrouter.ai/rankings,20260404T120606Z-ef7072ee,2026-04-04T12:06:06.720967Z,
market_share,2025-10-19,2025-10-19,google,google,,,token_share_pct,share,915538116172.0,2,https://openrouter.ai/rankings,20260404T120606Z-ef7072ee,2026-04-04T12:06:06.720967Z,
market_share,2025-10-19,2025-10-19,anthropic,anthropic,,,token_share_pct,share,870548573873.0,3,https://openrouter.ai/rankings,20260404T120606Z-ef7072ee,2026-04-04T12:06:06.720967Z,
market_share,2025-10-19,2025-10-19,openai,openai,,,token_share_pct,share,525674118701.0,4,https://openrouter.ai/rankings,20260404T120606Z-ef7072ee,2026-04-04T12:06:06.720967Z,
market_share,2025-10-19,2025-10-19,deepseek,deepseek,,,token_share_pct,share,317577739588.0,5,https://openrouter.ai/rankings,20260404T120606Z-ef7072ee,2026-04-04T12:06:06.720967Z,
market_share,2025-10-19,2025-10-19,qwen,qwen,,,token_share_pct,share,244425168737.0,6,https://openrouter.ai/rankings,20260404T120606Z-ef7072ee,2026-04-04T12:06:06.720967Z,
market_share,2025-10-19,2025-10-19,others,others,,,token_share_pct,share,187336894047.0,7,https://openrouter.ai/rankings,20260404T120606Z-ef7072ee,2026-04-04T12:06:06.720967Z,
market_share,2025-10-19,2025-10-19,z-ai,z ai,,,token_share_pct,share,144334935168.0,8,https://openrouter.ai/rankings,20260404T120606Z-ef7072ee,2026-04-04T12:06:06.720967Z,
market_share,2025-10-19,2025-10-19,tngtech,tngtech,,,token_share_pct,share,102685571221.0,9,https://openrouter.ai/rankings,20260404T120606Z-ef7072ee,2026-04-04T12:06:06.720967Z,
market_share,2025-10-19,2025-10-19,meta-llama,meta llama,,,token_share_pct,share,92271782665.0,10,https://openrouter.ai/rankings,20260404T120606Z-ef7072ee,2026-04-04T12:06:06.720967Z,
market_share,2025-10-26,2025-10-26,x-ai,x ai,,,token_share_pct,share,1625842241670.0,1,https://openrouter.ai/rankings,20260404T120606Z-ef7072ee,2026-04-04T12:06:06.720967Z,
market_share,2025-10-26,2025-10-26,google,google,,,token_share_pct,share,1069527346859.0,2,https://openrouter.ai/rankings,20260404T120606Z-ef7072ee,2026-04-04T12:06:06.720967Z,
market_share,2025-10-26,2025-10-26,anthropic,anthropic,,,token_share_pct,share,926759956591.0,3,https://openrouter.ai/rankings,20260404T120606Z-ef7072ee,2026-04-04T12:06:06.720967Z,
market_share,2025-10-26,2025-10-26,openai,openai,,,token_share_pct,share,489089986826.0,4,https://openrouter.ai/rankings,20260404T120606Z-ef7072ee,2026-04-04T12:06:06.720967Z,
market_share,2025-10-26,2025-10-26,deepseek,deepseek,,,token_share_pct,share,322678394887.0,5,https://openrouter.ai/rankings,20260404T120606Z-ef7072ee,2026-04-04T12:06:06.720967Z,
market_share,2025-10-26,2025-10-26,others,others,,,token_share_pct,share,269717990817.0,6,https://openrouter.ai/rankings,20260404T120606Z-ef7072ee,2026-04-04T12:06:06.720967Z,
market_share,2025-10-26,2025-10-26,qwen,qwen,,,token_share_pct,share,267518033796.0,7,https://openrouter.ai/rankings,20260404T120606Z-ef7072ee,2026-04-04T12:06:06.720967Z,
market_share,2025-10-26,2025-10-26,minimax,minimax,,,token_share_pct,share,210479583093.0,8,https://openrouter.ai/rankings,20260404T120606Z-ef7072ee,2026-04-04T12:06:06.720967Z,
market_share,2025-10-26,2025-10-26,z-ai,z ai,,,token_share_pct,share,155223732025.0,9,https://openrouter.ai/rankings,20260404T120606Z-ef7072ee,2026-04-04T12:06:06.720967Z,
market_share,2025-10-26,2025-10-26,tngtech,tngtech,,,token_share_pct,share,100130378330.0,10,https://openrouter.ai/rankings,20260404T120606Z-ef7072ee,2026-04-04T12:06:06.720967Z,
market_share,2025-11-02,2025-11-02,x-ai,x ai,,,token_share_pct,share,1594798860494.0,1,https://openrouter.ai/rankings,20260404T120606Z-ef7072ee,2026-04-04T12:06:06.720967Z,
market_share,2025-11-02,2025-11-02,google,google,,,token_share_pct,share,1111540481755.0,2,https://openrouter.ai/rankings,20260404T120606Z-ef7072ee,2026-04-04T12:06:06.720967Z,
market_share,2025-11-02,2025-11-02,anthropic,anthropic,,,token_share_pct,share,944775965992.0,3,https://openrouter.ai/rankings,20260404T120606Z-ef7072ee,2026-04-04T12:06:06.720967Z,
market_share,2025-11-02,2025-11-02,openai,openai,,,token_share_pct,share,485649274297.0,4,https://openrouter.ai/rankings,20260404T120606Z-ef7072ee,2026-04-04T12:06:06.720967Z,
market_share,2025-11-02,2025-11-02,minimax,minimax,,,token_share_pct,share,402293171539.0,5,https://openrouter.ai/rankings,20260404T120606Z-ef7072ee,2026-04-04T12:06:06.720967Z,
market_share,2025-11-02,2025-11-02,deepseek,deepseek,,,token_share_pct,share,377504756262.0,6,https://openrouter.ai/rankings,20260404T120606Z-ef7072ee,2026-04-04T12:06:06.720967Z,
market_share,2025-11-02,2025-11-02,others,others,,,token_share_pct,share,326208254243.0,7,https://openrouter.ai/rankings,20260404T120606Z-ef7072ee,2026-04-04T12:06:06.720967Z,
market_share,2025-11-02,2025-11-02,qwen,qwen,,,token_share_pct,share,233723500908.0,8,https://openrouter.ai/rankings,20260404T120606Z-ef7072ee,2026-04-04T12:06:06.720967Z,
market_share,2025-11-02,2025-11-02,z-ai,z ai,,,token_share_pct,share,174115080008.0,9,https://openrouter.ai/rankings,20260404T120606Z-ef7072ee,2026-04-04T12:06:06.720967Z,
market_share,2025-11-02,2025-11-02,mistralai,mistralai,,,token_share_pct,share,113439426677.0,10,https://openrouter.ai/rankings,20260404T120606Z-ef7072ee,2026-04-04T12:06:06.720967Z,
market_share,2025-11-09,2025-11-09,x-ai,x ai,,,token_share_pct,share,1719776582365.0,1,https://openrouter.ai/rankings,20260404T120606Z-ef7072ee,2026-04-04T12:06:06.720967Z,
market_share,2025-11-09,2025-11-09,google,google,,,token_share_pct,share,1104936548120.0,2,https://openrouter.ai/rankings,20260404T120606Z-ef7072ee,2026-04-04T12:06:06.720967Z,
market_share,2025-11-09,2025-11-09,anthropic,anthropic,,,token_share_pct,share,841522611693.0,3,https://openrouter.ai/rankings,20260404T120606Z-ef7072ee,2026-04-04T12:06:06.720967Z,
market_share,2025-11-09,2025-11-09,openai,openai,,,token_share_pct,share,526711152592.0,4,https://openrouter.ai/rankings,20260404T120606Z-ef7072ee,2026-04-04T12:06:06.720967Z,
market_share,2025-11-09,2025-11-09,others,others,,,token_share_pct,share,446649500872.0,5,https://openrouter.ai/rankings,20260404T120606Z-ef7072ee,2026-04-04T12:06:06.720967Z,
market_share,2025-11-09,2025-11-09,deepseek,deepseek,,,token_share_pct,share,353343766189.0,6,https://openrouter.ai/rankings,20260404T120606Z-ef7072ee,2026-04-04T12:06:06.720967Z,
market_share,2025-11-09,2025-11-09,minimax,minimax,,,token_share_pct,share,312884905307.0,7,https://openrouter.ai/rankings,20260404T120606Z-ef7072ee,2026-04-04T12:06:06.720967Z,
market_share,2025-11-09,2025-11-09,qwen,qwen,,,token_share_pct,share,233158659356.0,8,https://openrouter.ai/rankings,20260404T120606Z-ef7072ee,2026-04-04T12:06:06.720967Z,
market_share,2025-11-09,2025-11-09,openrouter,openrouter,,,token_share_pct,share,192933482117.0,9,https://openrouter.ai/rankings,20260404T120606Z-ef7072ee,2026-04-04T12:06:06.720967Z,
market_share,2025-11-09,2025-11-09,z-ai,z ai,,,token_share_pct,share,162885405913.0,10,https://openrouter.ai/rankings,20260404T120606Z-ef7072ee,2026-04-04T12:06:06.720967Z,
market_share,2025-11-16,2025-11-16,x-ai,x ai,,,token_share_pct,share,1821538678624.0,1,https://openrouter.ai/rankings,20260404T120606Z-ef7072ee,2026-04-04T12:06:06.720967Z,
market_share,2025-11-16,2025-11-16,google,google,,,token_share_pct,share,1216176375532.0,2,https://openrouter.ai/rankings,20260404T120606Z-ef7072ee,2026-04-04T12:06:06.720967Z,
market_share,2025-11-16,2025-11-16,anthropic,anthropic,,,token_share_pct,share,796639443590.0,3,https://openrouter.ai/rankings,20260404T120606Z-ef7072ee,2026-04-04T12:06:06.720967Z,
market_share,2025-11-16,2025-11-16,openai,openai,,,token_share_pct,share,607851739633.0,4,https://openrouter.ai/rankings,20260404T120606Z-ef7072ee,2026-04-04T12:06:06.720967Z,
market_share,2025-11-16,2025-11-16,others,others,,,token_share_pct,share,438045204761.0,5,https://openrouter.ai/rankings,20260404T120606Z-ef7072ee,2026-04-04T12:06:06.720967Z,
market_share,2025-11-16,2025-11-16,qwen,qwen,,,token_share_pct,share,351706601726.0,6,https://openrouter.ai/rankings,20260404T120606Z-ef7072ee,2026-04-04T12:06:06.720967Z,
market_share,2025-11-16,2025-11-16,deepseek,deepseek,,,token_share_pct,share,333617067190.0,7,https://openrouter.ai/rankings,20260404T120606Z-ef7072ee,2026-04-04T12:06:06.720967Z,
market_share,2025-11-16,2025-11-16,openrouter,openrouter,,,token_share_pct,share,305689867596.0,8,https://openrouter.ai/rankings,20260404T120606Z-ef7072ee,2026-04-04T12:06:06.720967Z,
market_share,2025-11-16,2025-11-16,minimax,minimax,,,token_share_pct,share,206299147230.0,9,https://openrouter.ai/rankings,20260404T120606Z-ef7072ee,2026-04-04T12:06:06.720967Z,
market_share,2025-11-16,2025-11-16,z-ai,z ai,,,token_share_pct,share,147606077156.0,10,https://openrouter.ai/rankings,20260404T120606Z-ef7072ee,2026-04-04T12:06:06.720967Z,
market_share,2025-11-23,2025-11-23,x-ai,x ai,,,token_share_pct,share,2854381208935.0,1,https://openrouter.ai/rankings,20260404T120606Z-ef7072ee,2026-04-04T12:06:06.720967Z,
market_share,2025-11-23,2025-11-23,google,google,,,token_share_pct,share,1307211178039.0,2,https://openrouter.ai/rankings,20260404T120606Z-ef7072ee,2026-04-04T12:06:06.720967Z,
market_share,2025-11-23,2025-11-23,anthropic,anthropic,,,token_share_pct,share,747155579619.0,3,https://openrouter.ai/rankings,20260404T120606Z-ef7072ee,2026-04-04T12:06:06.720967Z,
market_share,2025-11-23,2025-11-23,openai,openai,,,token_share_pct,share,661887506822.0,4,https://openrouter.ai/rankings,20260404T120606Z-ef7072ee,2026-04-04T12:06:06.720967Z,
market_share,2025-11-23,2025-11-23,others,others,,,token_share_pct,share,403299299381.0,5,https://openrouter.ai/rankings,20260404T120606Z-ef7072ee,2026-04-04T12:06:06.720967Z,
market_share,2025-11-23,2025-11-23,deepseek,deepseek,,,token_share_pct,share,335769867789.0,6,https://openrouter.ai/rankings,20260404T120606Z-ef7072ee,2026-04-04T12:06:06.720967Z,
market_share,2025-11-23,2025-11-23,qwen,qwen,,,token_share_pct,share,316328527397.0,7,https://openrouter.ai/rankings,20260404T120606Z-ef7072ee,2026-04-04T12:06:06.720967Z,
market_share,2025-11-23,2025-11-23,minimax,minimax,,,token_share_pct,share,183120679336.0,8,https://openrouter.ai/rankings,20260404T120606Z-ef7072ee,2026-04-04T12:06:06.720967Z,
market_share,2025-11-23,2025-11-23,z-ai,z ai,,,token_share_pct,share,151451547195.0,9,https://openrouter.ai/rankings,20260404T120606Z-ef7072ee,2026-04-04T12:06:06.720967Z,
market_share,2025-11-23,2025-11-23,mistralai,mistralai,,,token_share_pct,share,126298709814.0,10,https://openrouter.ai/rankings,20260404T120606Z-ef7072ee,2026-04-04T12:06:06.720967Z,
market_share,2025-11-30,2025-11-30,x-ai,x ai,,,token_share_pct,share,1966207231624.0,1,https://openrouter.ai/rankings,20260404T120606Z-ef7072ee,2026-04-04T12:06:06.720967Z,
market_share,2025-11-30,2025-11-30,google,google,,,token_share_pct,share,1301231641883.0,2,https://openrouter.ai/rankings,20260404T120606Z-ef7072ee,2026-04-04T12:06:06.720967Z,
market_share,2025-11-30,2025-11-30,anthropic,anthropic,,,token_share_pct,share,851578879177.0,3,https://openrouter.ai/rankings,20260404T120606Z-ef7072ee,2026-04-04T12:06:06.720967Z,
market_share,2025-11-30,2025-11-30,openai,openai,,,token_share_pct,share,698275728796.0,4,https://openrouter.ai/rankings,20260404T120606Z-ef7072ee,2026-04-04T12:06:06.720967Z,
market_share,2025-11-30,2025-11-30,others,others,,,token_share_pct,share,444571539916.0,5,https://openrouter.ai/rankings,20260404T120606Z-ef7072ee,2026-04-04T12:06:06.720967Z,
market_share,2025-11-30,2025-11-30,deepseek,deepseek,,,token_share_pct,share,394376273130.0,6,https://openrouter.ai/rankings,20260404T120606Z-ef7072ee,2026-04-04T12:06:06.720967Z,
market_share,2025-11-30,2025-11-30,qwen,qwen,,,token_share_pct,share,287601307668.0,7,https://openrouter.ai/rankings,20260404T120606Z-ef7072ee,2026-04-04T12:06:06.720967Z,
market_share,2025-11-30,2025-11-30,mistralai,mistralai,,,token_share_pct,share,152329216231.0,8,https://openrouter.ai/rankings,20260404T120606Z-ef7072ee,2026-04-04T12:06:06.720967Z,
market_share,2025-11-30,2025-11-30,z-ai,z ai,,,token_share_pct,share,149012411847.0,9,https://openrouter.ai/rankings,20260404T120606Z-ef7072ee,2026-04-04T12:06:06.720967Z,
market_share,2025-11-30,2025-11-30,minimax,minimax,,,token_share_pct,share,140599563202.0,10,https://openrouter.ai/rankings,20260404T120606Z-ef7072ee,2026-04-04T12:06:06.720967Z,
market_share,2025-12-07,2025-12-07,google,google,,,token_share_pct,share,1348996623605.0,1,https://openrouter.ai/rankings,20260404T120606Z-ef7072ee,2026-04-04T12:06:06.720967Z,
market_share,2025-12-07,2025-12-07,x-ai,x ai,,,token_share_pct,share,979673497190.0,2,https://openrouter.ai/rankings,20260404T120606Z-ef7072ee,2026-04-04T12:06:06.720967Z,
market_share,2025-12-07,2025-12-07,anthropic,anthropic,,,token_share_pct,share,921667837683.0,3,https://openrouter.ai/rankings,20260404T120606Z-ef7072ee,2026-04-04T12:06:06.720967Z,
market_share,2025-12-07,2025-12-07,openai,openai,,,token_share_pct,share,898228728117.0,4,https://openrouter.ai/rankings,20260404T120606Z-ef7072ee,2026-04-04T12:06:06.720967Z,
market_share,2025-12-07,2025-12-07,others,others,,,token_share_pct,share,464192350979.0,5,https://openrouter.ai/rankings,20260404T120606Z-ef7072ee,2026-04-04T12:06:06.720967Z,
market_share,2025-12-07,2025-12-07,deepseek,deepseek,,,token_share_pct,share,400636733895.0,6,https://openrouter.ai/rankings,20260404T120606Z-ef7072ee,2026-04-04T12:06:06.720967Z,
market_share,2025-12-07,2025-12-07,qwen,qwen,,,token_share_pct,share,328233954091.0,7,https://openrouter.ai/rankings,20260404T120606Z-ef7072ee,2026-04-04T12:06:06.720967Z,
market_share,2025-12-07,2025-12-07,mistralai,mistralai,,,token_share_pct,share,216059617754.0,8,https://openrouter.ai/rankings,20260404T120606Z-ef7072ee,2026-04-04T12:06:06.720967Z,
market_share,2025-12-07,2025-12-07,tngtech,tngtech,,,token_share_pct,share,138582291708.0,9,https://openrouter.ai/rankings,20260404T120606Z-ef7072ee,2026-04-04T12:06:06.720967Z,
market_share,2025-12-07,2025-12-07,z-ai,z ai,,,token_share_pct,share,134737753587.0,10,https://openrouter.ai/rankings,20260404T120606Z-ef7072ee,2026-04-04T12:06:06.720967Z,
market_share,2025-12-14,2025-12-14,google,google,,,token_share_pct,share,1319164733231.0,1,https://openrouter.ai/rankings,20260404T120606Z-ef7072ee,2026-04-04T12:06:06.720967Z,
market_share,2025-12-14,2025-12-14,openai,openai,,,token_share_pct,share,939788985249.0,2,https://openrouter.ai/rankings,20260404T120606Z-ef7072ee,2026-04-04T12:06:06.720967Z,
market_share,2025-12-14,2025-12-14,x-ai,x ai,,,token_share_pct,share,864082999938.0,3,https://openrouter.ai/rankings,20260404T120606Z-ef7072ee,2026-04-04T12:06:06.720967Z,
market_share,2025-12-14,2025-12-14,anthropic,anthropic,,,token_share_pct,share,830506933482.0,4,https://openrouter.ai/rankings,20260404T120606Z-ef7072ee,2026-04-04T12:06:06.720967Z,
market_share,2025-12-14,2025-12-14,others,others,,,token_share_pct,share,593121613815.0,5,https://openrouter.ai/rankings,20260404T120606Z-ef7072ee,2026-04-04T12:06:06.720967Z,
market_share,2025-12-14,2025-12-14,deepseek,deepseek,,,token_share_pct,share,459325158558.0,6,https://openrouter.ai/rankings,20260404T120606Z-ef7072ee,2026-04-04T12:06:06.720967Z,
market_share,2025-12-14,2025-12-14,qwen,qwen,,,token_share_pct,share,264296093538.0,7,https://openrouter.ai/rankings,20260404T120606Z-ef7072ee,2026-04-04T12:06:06.720967Z,
market_share,2025-12-14,2025-12-14,mistralai,mistralai,,,token_share_pct,share,247319534142.0,8,https://openrouter.ai/rankings,20260404T120606Z-ef7072ee,2026-04-04T12:06:06.720967Z,
market_share,2025-12-14,2025-12-14,z-ai,z ai,,,token_share_pct,share,135829665291.0,9,https://openrouter.ai/rankings,20260404T120606Z-ef7072ee,2026-04-04T12:06:06.720967Z,
market_share,2025-12-14,2025-12-14,tngtech,tngtech,,,token_share_pct,share,130084569062.0,10,https://openrouter.ai/rankings,20260404T120606Z-ef7072ee,2026-04-04T12:06:06.720967Z,
market_share,2025-12-21,2025-12-21,google,google,,,token_share_pct,share,1271326930069.0,1,https://openrouter.ai/rankings,20260404T120606Z-ef7072ee,2026-04-04T12:06:06.720967Z,
market_share,2025-12-21,2025-12-21,x-ai,x ai,,,token_share_pct,share,813556405700.0,2,https://openrouter.ai/rankings,20260404T120606Z-ef7072ee,2026-04-04T12:06:06.720967Z,
market_share,2025-12-21,2025-12-21,anthropic,anthropic,,,token_share_pct,share,734645726141.0,3,https://openrouter.ai/rankings,20260404T120606Z-ef7072ee,2026-04-04T12:06:06.720967Z,
market_share,2025-12-21,2025-12-21,others,others,,,token_share_pct,share,652317088206.0,4,https://openrouter.ai/rankings,20260404T120606Z-ef7072ee,2026-04-04T12:06:06.720967Z,
market_share,2025-12-21,2025-12-21,openai,openai,,,token_share_pct,share,584054762333.0,5,https://openrouter.ai/rankings,20260404T120606Z-ef7072ee,2026-04-04T12:06:06.720967Z,
market_share,2025-12-21,2025-12-21,deepseek,deepseek,,,token_share_pct,share,561860284436.0,6,https://openrouter.ai/rankings,20260404T120606Z-ef7072ee,2026-04-04T12:06:06.720967Z,
market_share,2025-12-21,2025-12-21,xiaomi,xiaomi,,,token_share_pct,share,388623176845.0,7,https://openrouter.ai/rankings,20260404T120606Z-ef7072ee,2026-04-04T12:06:06.720967Z,
market_share,2025-12-21,2025-12-21,mistralai,mistralai,,,token_share_pct,share,284236068462.0,8,https://openrouter.ai/rankings,20260404T120606Z-ef7072ee,2026-04-04T12:06:06.720967Z,
market_share,2025-12-21,2025-12-21,qwen,qwen,,,token_share_pct,share,225319950803.0,9,https://openrouter.ai/rankings,20260404T120606Z-ef7072ee,2026-04-04T12:06:06.720967Z,
market_share,2025-12-21,2025-12-21,z-ai,z ai,,,token_share_pct,share,138452128504.0,10,https://openrouter.ai/rankings,20260404T120606Z-ef7072ee,2026-04-04T12:06:06.720967Z,
market_share,2025-12-28,2025-12-28,google,google,,,token_share_pct,share,1271712525894.0,1,https://openrouter.ai/rankings,20260404T120606Z-ef7072ee,2026-04-04T12:06:06.720967Z,
market_share,2025-12-28,2025-12-28,x-ai,x ai,,,token_share_pct,share,730484942366.0,2,https://openrouter.ai/rankings,20260404T120606Z-ef7072ee,2026-04-04T12:06:06.720967Z,
market_share,2025-12-28,2025-12-28,anthropic,anthropic,,,token_share_pct,share,684221024657.0,3,https://openrouter.ai/rankings,20260404T120606Z-ef7072ee,2026-04-04T12:06:06.720967Z,
market_share,2025-12-28,2025-12-28,others,others,,,token_share_pct,share,655440220550.0,4,https://openrouter.ai/rankings,20260404T120606Z-ef7072ee,2026-04-04T12:06:06.720967Z,
market_share,2025-12-28,2025-12-28,deepseek,deepseek,,,token_share_pct,share,613705549921.0,5,https://openrouter.ai/rankings,20260404T120606Z-ef7072ee,2026-04-04T12:06:06.720967Z,
market_share,2025-12-28,2025-12-28,openai,openai,,,token_share_pct,share,548988658979.0,6,https://openrouter.ai/rankings,20260404T120606Z-ef7072ee,2026-04-04T12:06:06.720967Z,
market_share,2025-12-28,2025-12-28,xiaomi,xiaomi,,,token_share_pct,share,356813303507.0,7,https://openrouter.ai/rankings,20260404T120606Z-ef7072ee,2026-04-04T12:06:06.720967Z,
market_share,2025-12-28,2025-12-28,mistralai,mistralai,,,token_share_pct,share,253335358650.0,8,https://openrouter.ai/rankings,20260404T120606Z-ef7072ee,2026-04-04T12:06:06.720967Z,
market_share,2025-12-28,2025-12-28,qwen,qwen,,,token_share_pct,share,213714513487.0,9,https://openrouter.ai/rankings,20260404T120606Z-ef7072ee,2026-04-04T12:06:06.720967Z,
market_share,2025-12-28,2025-12-28,z-ai,z ai,,,token_share_pct,share,162720200315.0,10,https://openrouter.ai/rankings,20260404T120606Z-ef7072ee,2026-04-04T12:06:06.720967Z,
market_share,2026-01-04,2026-01-04,google,google,,,token_share_pct,share,1556223904189.0,1,https://openrouter.ai/rankings,20260404T120606Z-ef7072ee,2026-04-04T12:06:06.720967Z,
market_share,2026-01-04,2026-01-04,anthropic,anthropic,,,token_share_pct,share,1091733429263.0,2,https://openrouter.ai/rankings,20260404T120606Z-ef7072ee,2026-04-04T12:06:06.720967Z,
market_share,2026-01-04,2026-01-04,x-ai,x ai,,,token_share_pct,share,794356205313.0,3,https://openrouter.ai/rankings,20260404T120606Z-ef7072ee,2026-04-04T12:06:06.720967Z,
market_share,2026-01-04,2026-01-04,openai,openai,,,token_share_pct,share,690589219343.0,4,https://openrouter.ai/rankings,20260404T120606Z-ef7072ee,2026-04-04T12:06:06.720967Z,
market_share,2026-01-04,2026-01-04,others,others,,,token_share_pct,share,644839624384.0,5,https://openrouter.ai/rankings,20260404T120606Z-ef7072ee,2026-04-04T12:06:06.720967Z,
market_share,2026-01-04,2026-01-04,deepseek,deepseek,,,token_share_pct,share,584858838747.0,6,https://openrouter.ai/rankings,20260404T120606Z-ef7072ee,2026-04-04T12:06:06.720967Z,
market_share,2026-01-04,2026-01-04,xiaomi,xiaomi,,,token_share_pct,share,383677813762.0,7,https://openrouter.ai/rankings,20260404T120606Z-ef7072ee,2026-04-04T12:06:06.720967Z,
market_share,2026-01-04,2026-01-04,mistralai,mistralai,,,token_share_pct,share,276421907635.0,8,https://openrouter.ai/rankings,20260404T120606Z-ef7072ee,2026-04-04T12:06:06.720967Z,
market_share,2026-01-04,2026-01-04,z-ai,z ai,,,token_share_pct,share,213041865439.0,9,https://openrouter.ai/rankings,20260404T120606Z-ef7072ee,2026-04-04T12:06:06.720967Z,
market_share,2026-01-04,2026-01-04,qwen,qwen,,,token_share_pct,share,198862069840.0,10,https://openrouter.ai/rankings,20260404T120606Z-ef7072ee,2026-04-04T12:06:06.720967Z,
market_share,2026-01-11,2026-01-11,google,google,,,token_share_pct,share,1815587356572.0,1,https://openrouter.ai/rankings,20260404T120606Z-ef7072ee,2026-04-04T12:06:06.720967Z,
market_share,2026-01-11,2026-01-11,anthropic,anthropic,,,token_share_pct,share,1436597752286.0,2,https://openrouter.ai/rankings,20260404T120606Z-ef7072ee,2026-04-04T12:06:06.720967Z,
market_share,2026-01-11,2026-01-11,openai,openai,,,token_share_pct,share,924256471701.0,3,https://openrouter.ai/rankings,20260404T120606Z-ef7072ee,2026-04-04T12:06:06.720967Z,
market_share,2026-01-11,2026-01-11,x-ai,x ai,,,token_share_pct,share,874886212993.0,4,https://openrouter.ai/rankings,20260404T120606Z-ef7072ee,2026-04-04T12:06:06.720967Z,
market_share,2026-01-11,2026-01-11,deepseek,deepseek,,,token_share_pct,share,643080647819.0,5,https://openrouter.ai/rankings,20260404T120606Z-ef7072ee,2026-04-04T12:06:06.720967Z,
market_share,2026-01-11,2026-01-11,xiaomi,xiaomi,,,token_share_pct,share,525931605704.0,6,https://openrouter.ai/rankings,20260404T120606Z-ef7072ee,2026-04-04T12:06:06.720967Z,
market_share,2026-01-11,2026-01-11,others,others,,,token_share_pct,share,468320762735.0,7,https://openrouter.ai/rankings,20260404T120606Z-ef7072ee,2026-04-04T12:06:06.720967Z,
market_share,2026-01-11,2026-01-11,mistralai,mistralai,,,token_share_pct,share,276478332274.0,8,https://openrouter.ai/rankings,20260404T120606Z-ef7072ee,2026-04-04T12:06:06.720967Z,
market_share,2026-01-11,2026-01-11,qwen,qwen,,,token_share_pct,share,226462757551.0,9,https://openrouter.ai/rankings,20260404T120606Z-ef7072ee,2026-04-04T12:06:06.720967Z,
market_share,2026-01-11,2026-01-11,z-ai,z ai,,,token_share_pct,share,183742709053.0,10,https://openrouter.ai/rankings,20260404T120606Z-ef7072ee,2026-04-04T12:06:06.720967Z,
market_share,2026-01-18,2026-01-18,google,google,,,token_share_pct,share,1921330302190.0,1,https://openrouter.ai/rankings,20260404T120606Z-ef7072ee,2026-04-04T12:06:06.720967Z,
market_share,2026-01-18,2026-01-18,anthropic,anthropic,,,token_share_pct,share,1263650476111.0,2,https://openrouter.ai/rankings,20260404T120606Z-ef7072ee,2026-04-04T12:06:06.720967Z,
market_share,2026-01-18,2026-01-18,x-ai,x ai,,,token_share_pct,share,995517473840.0,3,https://openrouter.ai/rankings,20260404T120606Z-ef7072ee,2026-04-04T12:06:06.720967Z,
market_share,2026-01-18,2026-01-18,openai,openai,,,token_share_pct,share,974864025814.0,4,https://openrouter.ai/rankings,20260404T120606Z-ef7072ee,2026-04-04T12:06:06.720967Z,
market_share,2026-01-18,2026-01-18,deepseek,deepseek,,,token_share_pct,share,651548367273.0,5,https://openrouter.ai/rankings,20260404T120606Z-ef7072ee,2026-04-04T12:06:06.720967Z,
market_share,2026-01-18,2026-01-18,xiaomi,xiaomi,,,token_share_pct,share,586413747525.0,6,https://openrouter.ai/rankings,20260404T120606Z-ef7072ee,2026-04-04T12:06:06.720967Z,
market_share,2026-01-18,2026-01-18,others,others,,,token_share_pct,share,476522531203.0,7,https://openrouter.ai/rankings,20260404T120606Z-ef7072ee,2026-04-04T12:06:06.720967Z,
market_share,2026-01-18,2026-01-18,qwen,qwen,,,token_share_pct,share,306612066968.0,8,https://openrouter.ai/rankings,20260404T120606Z-ef7072ee,2026-04-04T12:06:06.720967Z,
market_share,2026-01-18,2026-01-18,mistralai,mistralai,,,token_share_pct,share,281279483953.0,9,https://openrouter.ai/rankings,20260404T120606Z-ef7072ee,2026-04-04T12:06:06.720967Z,
market_share,2026-01-18,2026-01-18,z-ai,z ai,,,token_share_pct,share,181126534686.0,10,https://openrouter.ai/rankings,20260404T120606Z-ef7072ee,2026-04-04T12:06:06.720967Z,
market_share,2026-01-25,2026-01-25,google,google,,,token_share_pct,share,1909281915637.0,1,https://openrouter.ai/rankings,20260404T120606Z-ef7072ee,2026-04-04T12:06:06.720967Z,
market_share,2026-01-25,2026-01-25,anthropic,anthropic,,,token_share_pct,share,1343832929924.0,2,https://openrouter.ai/rankings,20260404T120606Z-ef7072ee,2026-04-04T12:06:06.720967Z,
market_share,2026-01-25,2026-01-25,openai,openai,,,token_share_pct,share,1138920941751.0,3,https://openrouter.ai/rankings,20260404T120606Z-ef7072ee,2026-04-04T12:06:06.720967Z,
market_share,2026-01-25,2026-01-25,x-ai,x ai,,,token_share_pct,share,939325839128.0,4,https://openrouter.ai/rankings,20260404T120606Z-ef7072ee,2026-04-04T12:06:06.720967Z,
market_share,2026-01-25,2026-01-25,others,others,,,token_share_pct,share,802247475761.0,5,https://openrouter.ai/rankings,20260404T120606Z-ef7072ee,2026-04-04T12:06:06.720967Z,
market_share,2026-01-25,2026-01-25,deepseek,deepseek,,,token_share_pct,share,764780980342.0,6,https://openrouter.ai/rankings,20260404T120606Z-ef7072ee,2026-04-04T12:06:06.720967Z,
market_share,2026-01-25,2026-01-25,moonshotai,moonshotai,,,token_share_pct,share,350217650774.0,7,https://openrouter.ai/rankings,20260404T120606Z-ef7072ee,2026-04-04T12:06:06.720967Z,
market_share,2026-01-25,2026-01-25,qwen,qwen,,,token_share_pct,share,313952014140.0,8,https://openrouter.ai/rankings,20260404T120606Z-ef7072ee,2026-04-04T12:06:06.720967Z,
market_share,2026-01-25,2026-01-25,z-ai,z ai,,,token_share_pct,share,251244135335.0,9,https://openrouter.ai/rankings,20260404T120606Z-ef7072ee,2026-04-04T12:06:06.720967Z,
market_share,2026-01-25,2026-01-25,minimax,minimax,,,token_share_pct,share,221602402588.0,10,https://openrouter.ai/rankings,20260404T120606Z-ef7072ee,2026-04-04T12:06:06.720967Z,
market_share,2026-02-01,2026-02-01,google,google,,,token_share_pct,share,2118123887189.0,1,https://openrouter.ai/rankings,20260404T120606Z-ef7072ee,2026-04-04T12:06:06.720967Z,
market_share,2026-02-01,2026-02-01,anthropic,anthropic,,,token_share_pct,share,1438908977718.0,2,https://openrouter.ai/rankings,20260404T120606Z-ef7072ee,2026-04-04T12:06:06.720967Z,
market_share,2026-02-01,2026-02-01,openai,openai,,,token_share_pct,share,1242053892860.0,3,https://openrouter.ai/rankings,20260404T120606Z-ef7072ee,2026-04-04T12:06:06.720967Z,
market_share,2026-02-01,2026-02-01,moonshotai,moonshotai,,,token_share_pct,share,1075215445057.0,4,https://openrouter.ai/rankings,20260404T120606Z-ef7072ee,2026-04-04T12:06:06.720967Z,
market_share,2026-02-01,2026-02-01,others,others,,,token_share_pct,share,901443150056.0,5,https://openrouter.ai/rankings,20260404T120606Z-ef7072ee,2026-04-04T12:06:06.720967Z,
market_share,2026-02-01,2026-02-01,deepseek,deepseek,,,token_share_pct,share,900167205279.0,6,https://openrouter.ai/rankings,20260404T120606Z-ef7072ee,2026-04-04T12:06:06.720967Z,
market_share,2026-02-01,2026-02-01,x-ai,x ai,,,token_share_pct,share,795658756045.0,7,https://openrouter.ai/rankings,20260404T120606Z-ef7072ee,2026-04-04T12:06:06.720967Z,
market_share,2026-02-01,2026-02-01,minimax,minimax,,,token_share_pct,share,442710231166.0,8,https://openrouter.ai/rankings,20260404T120606Z-ef7072ee,2026-04-04T12:06:06.720967Z,
market_share,2026-02-01,2026-02-01,qwen,qwen,,,token_share_pct,share,347457950194.0,9,https://openrouter.ai/rankings,20260404T120606Z-ef7072ee,2026-04-04T12:06:06.720967Z,
market_share,2026-02-01,2026-02-01,arcee-ai,arcee ai,,,token_share_pct,share,316031451384.0,10,https://openrouter.ai/rankings,20260404T120606Z-ef7072ee,2026-04-04T12:06:06.720967Z,
market_share,2026-02-08,2026-02-08,google,google,,,token_share_pct,share,2185108844664.0,1,https://openrouter.ai/rankings,20260404T120606Z-ef7072ee,2026-04-04T12:06:06.720967Z,
market_share,2026-02-08,2026-02-08,anthropic,anthropic,,,token_share_pct,share,1648258745977.0,2,https://openrouter.ai/rankings,20260404T120606Z-ef7072ee,2026-04-04T12:06:06.720967Z,
market_share,2026-02-08,2026-02-08,openai,openai,,,token_share_pct,share,1433145404206.0,3,https://openrouter.ai/rankings,20260404T120606Z-ef7072ee,2026-04-04T12:06:06.720967Z,
market_share,2026-02-08,2026-02-08,moonshotai,moonshotai,,,token_share_pct,share,1429223003448.0,4,https://openrouter.ai/rankings,20260404T120606Z-ef7072ee,2026-04-04T12:06:06.720967Z,
market_share,2026-02-08,2026-02-08,minimax,minimax,,,token_share_pct,share,1400634865399.0,5,https://openrouter.ai/rankings,20260404T120606Z-ef7072ee,2026-04-04T12:06:06.720967Z,
market_share,2026-02-08,2026-02-08,others,others,,,token_share_pct,share,1260333953025.0,6,https://openrouter.ai/rankings,20260404T120606Z-ef7072ee,2026-04-04T12:06:06.720967Z,
market_share,2026-02-08,2026-02-08,deepseek,deepseek,,,token_share_pct,share,986636884201.0,7,https://openrouter.ai/rankings,20260404T120606Z-ef7072ee,2026-04-04T12:06:06.720967Z,
market_share,2026-02-08,2026-02-08,x-ai,x ai,,,token_share_pct,share,935653444889.0,8,https://openrouter.ai/rankings,20260404T120606Z-ef7072ee,2026-04-04T12:06:06.720967Z,
market_share,2026-02-08,2026-02-08,z-ai,z ai,,,token_share_pct,share,646946586035.0,9,https://openrouter.ai/rankings,20260404T120606Z-ef7072ee,2026-04-04T12:06:06.720967Z,
market_share,2026-02-08,2026-02-08,arcee-ai,arcee ai,,,token_share_pct,share,434779272521.0,10,https://openrouter.ai/rankings,20260404T120606Z-ef7072ee,2026-04-04T12:06:06.720967Z,
market_share,2026-02-15,2026-02-15,minimax,minimax,,,token_share_pct,share,2884727918778.0,1,https://openrouter.ai/rankings,20260404T120606Z-ef7072ee,2026-04-04T12:06:06.720967Z,
market_share,2026-02-15,2026-02-15,google,google,,,token_share_pct,share,2288645787079.0,2,https://openrouter.ai/rankings,20260404T120606Z-ef7072ee,2026-04-04T12:06:06.720967Z,
market_share,2026-02-15,2026-02-15,anthropic,anthropic,,,token_share_pct,share,1842610021771.0,3,https://openrouter.ai/rankings,20260404T120606Z-ef7072ee,2026-04-04T12:06:06.720967Z,
market_share,2026-02-15,2026-02-15,openai,openai,,,token_share_pct,share,1451845212314.0,4,https://openrouter.ai/rankings,20260404T120606Z-ef7072ee,2026-04-04T12:06:06.720967Z,
market_share,2026-02-15,2026-02-15,others,others,,,token_share_pct,share,1233627708741.0,5,https://openrouter.ai/rankings,20260404T120606Z-ef7072ee,2026-04-04T12:06:06.720967Z,
market_share,2026-02-15,2026-02-15,z-ai,z ai,,,token_share_pct,share,1209666898273.0,6,https://openrouter.ai/rankings,20260404T120606Z-ef7072ee,2026-04-04T12:06:06.720967Z,
market_share,2026-02-15,2026-02-15,moonshotai,moonshotai,,,token_share_pct,share,1146930394182.0,7,https://openrouter.ai/rankings,20260404T120606Z-ef7072ee,2026-04-04T12:06:06.720967Z,
market_share,2026-02-15,2026-02-15,deepseek,deepseek,,,token_share_pct,share,978061386768.0,8,https://openrouter.ai/rankings,20260404T120606Z-ef7072ee,2026-04-04T12:06:06.720967Z,
market_share,2026-02-15,2026-02-15,x-ai,x ai,,,token_share_pct,share,806752426201.0,9,https://openrouter.ai/rankings,20260404T120606Z-ef7072ee,2026-04-04T12:06:06.720967Z,
market_share,2026-02-15,2026-02-15,arcee-ai,arcee ai,,,token_share_pct,share,449388893852.0,10,https://openrouter.ai/rankings,20260404T120606Z-ef7072ee,2026-04-04T12:06:06.720967Z,
market_share,2026-02-22,2026-02-22,google,google,,,token_share_pct,share,2644299321637.0,1,https://openrouter.ai/rankings,20260404T120606Z-ef7072ee,2026-04-04T12:06:06.720967Z,
market_share,2026-02-22,2026-02-22,anthropic,anthropic,,,token_share_pct,share,2180081572582.0,2,https://openrouter.ai/rankings,20260404T120606Z-ef7072ee,2026-04-04T12:06:06.720967Z,
market_share,2026-02-22,2026-02-22,minimax,minimax,,,token_share_pct,share,2005128837364.0,3,https://openrouter.ai/rankings,20260404T120606Z-ef7072ee,2026-04-04T12:06:06.720967Z,
market_share,2026-02-22,2026-02-22,openai,openai,,,token_share_pct,share,1414475594450.0,4,https://openrouter.ai/rankings,20260404T120606Z-ef7072ee,2026-04-04T12:06:06.720967Z,
market_share,2026-02-22,2026-02-22,others,others,,,token_share_pct,share,1402127058329.0,5,https://openrouter.ai/rankings,20260404T120606Z-ef7072ee,2026-04-04T12:06:06.720967Z,
market_share,2026-02-22,2026-02-22,deepseek,deepseek,,,token_share_pct,share,1020140171943.0,6,https://openrouter.ai/rankings,20260404T120606Z-ef7072ee,2026-04-04T12:06:06.720967Z,
market_share,2026-02-22,2026-02-22,z-ai,z ai,,,token_share_pct,share,833263385594.0,7,https://openrouter.ai/rankings,20260404T120606Z-ef7072ee,2026-04-04T12:06:06.720967Z,
market_share,2026-02-22,2026-02-22,x-ai,x ai,,,token_share_pct,share,830590922546.0,8,https://openrouter.ai/rankings,20260404T120606Z-ef7072ee,2026-04-04T12:06:06.720967Z,
market_share,2026-02-22,2026-02-22,moonshotai,moonshotai,,,token_share_pct,share,693323987159.0,9,https://openrouter.ai/rankings,20260404T120606Z-ef7072ee,2026-04-04T12:06:06.720967Z,
market_share,2026-02-22,2026-02-22,arcee-ai,arcee ai,,,token_share_pct,share,532976038516.0,10,https://openrouter.ai/rankings,20260404T120606Z-ef7072ee,2026-04-04T12:06:06.720967Z,
market_share,2026-03-01,2026-03-01,google,google,,,token_share_pct,share,2837425998676.0,1,https://openrouter.ai/rankings,20260404T120606Z-ef7072ee,2026-04-04T12:06:06.720967Z,
market_share,2026-03-01,2026-03-01,anthropic,anthropic,,,token_share_pct,share,2356582394604.0,2,https://openrouter.ai/rankings,20260404T120606Z-ef7072ee,2026-04-04T12:06:06.720967Z,
market_share,2026-03-01,2026-03-01,minimax,minimax,,,token_share_pct,share,1991903829845.0,3,https://openrouter.ai/rankings,20260404T120606Z-ef7072ee,2026-04-04T12:06:06.720967Z,
market_share,2026-03-01,2026-03-01,openai,openai,,,token_share_pct,share,1906158442638.0,4,https://openrouter.ai/rankings,20260404T120606Z-ef7072ee,2026-04-04T12:06:06.720967Z,
market_share,2026-03-01,2026-03-01,others,others,,,token_share_pct,share,1627811090615.0,5,https://openrouter.ai/rankings,20260404T120606Z-ef7072ee,2026-04-04T12:06:06.720967Z,
market_share,2026-03-01,2026-03-01,deepseek,deepseek,,,token_share_pct,share,1020735016858.0,6,https://openrouter.ai/rankings,20260404T120606Z-ef7072ee,2026-04-04T12:06:06.720967Z,
market_share,2026-03-01,2026-03-01,moonshotai,moonshotai,,,token_share_pct,share,841360045766.0,7,https://openrouter.ai/rankings,20260404T120606Z-ef7072ee,2026-04-04T12:06:06.720967Z,
market_share,2026-03-01,2026-03-01,x-ai,x ai,,,token_share_pct,share,753619866910.0,8,https://openrouter.ai/rankings,20260404T120606Z-ef7072ee,2026-04-04T12:06:06.720967Z,
market_share,2026-03-01,2026-03-01,stepfun,stepfun,,,token_share_pct,share,685824884191.0,9,https://openrouter.ai/rankings,20260404T120606Z-ef7072ee,2026-04-04T12:06:06.720967Z,
market_share,2026-03-01,2026-03-01,qwen,qwen,,,token_share_pct,share,627681218887.0,10,https://openrouter.ai/rankings,20260404T120606Z-ef7072ee,2026-04-04T12:06:06.720967Z,
market_share,2026-03-08,2026-03-08,google,google,,,token_share_pct,share,2926235268842.0,1,https://openrouter.ai/rankings,20260404T120606Z-ef7072ee,2026-04-04T12:06:06.720967Z,
market_share,2026-03-08,2026-03-08,anthropic,anthropic,,,token_share_pct,share,2566643563538.0,2,https://openrouter.ai/rankings,20260404T120606Z-ef7072ee,2026-04-04T12:06:06.720967Z,
market_share,2026-03-08,2026-03-08,others,others,,,token_share_pct,share,2483670958719.0,3,https://openrouter.ai/rankings,20260404T120606Z-ef7072ee,2026-04-04T12:06:06.720967Z,
market_share,2026-03-08,2026-03-08,openai,openai,,,token_share_pct,share,2132103707127.0,4,https://openrouter.ai/rankings,20260404T120606Z-ef7072ee,2026-04-04T12:06:06.720967Z,
market_share,2026-03-08,2026-03-08,minimax,minimax,,,token_share_pct,share,1860926164845.0,5,https://openrouter.ai/rankings,20260404T120606Z-ef7072ee,2026-04-04T12:06:06.720967Z,
market_share,2026-03-08,2026-03-08,stepfun,stepfun,,,token_share_pct,share,1319910456546.0,6,https://openrouter.ai/rankings,20260404T120606Z-ef7072ee,2026-04-04T12:06:06.720967Z,
market_share,2026-03-08,2026-03-08,deepseek,deepseek,,,token_share_pct,share,1205572174371.0,7,https://openrouter.ai/rankings,20260404T120606Z-ef7072ee,2026-04-04T12:06:06.720967Z,
market_share,2026-03-08,2026-03-08,x-ai,x ai,,,token_share_pct,share,713047029559.0,8,https://openrouter.ai/rankings,20260404T120606Z-ef7072ee,2026-04-04T12:06:06.720967Z,
market_share,2026-03-08,2026-03-08,qwen,qwen,,,token_share_pct,share,651899807036.0,9,https://openrouter.ai/rankings,20260404T120606Z-ef7072ee,2026-04-04T12:06:06.720967Z,
market_share,2026-03-08,2026-03-08,moonshotai,moonshotai,,,token_share_pct,share,579942987519.0,10,https://openrouter.ai/rankings,20260404T120606Z-ef7072ee,2026-04-04T12:06:06.720967Z,
market_share,2026-03-15,2026-03-15,others,others,,,token_share_pct,share,3167686661442.0,1,https://openrouter.ai/rankings,20260404T120606Z-ef7072ee,2026-04-04T12:06:06.720967Z,
market_share,2026-03-15,2026-03-15,google,google,,,token_share_pct,share,3090125356342.0,2,https://openrouter.ai/rankings,20260404T120606Z-ef7072ee,2026-04-04T12:06:06.720967Z,
market_share,2026-03-15,2026-03-15,anthropic,anthropic,,,token_share_pct,share,2835340495187.0,3,https://openrouter.ai/rankings,20260404T120606Z-ef7072ee,2026-04-04T12:06:06.720967Z,
market_share,2026-03-15,2026-03-15,openai,openai,,,token_share_pct,share,2003647412190.0,4,https://openrouter.ai/rankings,20260404T120606Z-ef7072ee,2026-04-04T12:06:06.720967Z,
market_share,2026-03-15,2026-03-15,minimax,minimax,,,token_share_pct,share,1633364347906.0,5,https://openrouter.ai/rankings,20260404T120606Z-ef7072ee,2026-04-04T12:06:06.720967Z,
market_share,2026-03-15,2026-03-15,xiaomi,xiaomi,,,token_share_pct,share,1534988148631.0,6,https://openrouter.ai/rankings,20260404T120606Z-ef7072ee,2026-04-04T12:06:06.720967Z,
market_share,2026-03-15,2026-03-15,stepfun,stepfun,,,token_share_pct,share,1516099566068.0,7,https://openrouter.ai/rankings,20260404T120606Z-ef7072ee,2026-04-04T12:06:06.720967Z,
market_share,2026-03-15,2026-03-15,openrouter,openrouter,,,token_share_pct,share,1500797761384.0,8,https://openrouter.ai/rankings,20260404T120606Z-ef7072ee,2026-04-04T12:06:06.720967Z,
market_share,2026-03-15,2026-03-15,z-ai,z ai,,,token_share_pct,share,1423255226013.0,9,https://openrouter.ai/rankings,20260404T120606Z-ef7072ee,2026-04-04T12:06:06.720967Z,
market_share,2026-03-15,2026-03-15,deepseek,deepseek,,,token_share_pct,share,1333096855835.0,10,https://openrouter.ai/rankings,20260404T120606Z-ef7072ee,2026-04-04T12:06:06.720967Z,
market_share,2026-03-22,2026-03-22,xiaomi,xiaomi,,,token_share_pct,share,4426892032251.0,1,https://openrouter.ai/rankings,20260404T120606Z-ef7072ee,2026-04-04T12:06:06.720967Z,
market_share,2026-03-22,2026-03-22,google,google,,,token_share_pct,share,2959651689841.0,2,https://openrouter.ai/rankings,20260404T120606Z-ef7072ee,2026-04-04T12:06:06.720967Z,
market_share,2026-03-22,2026-03-22,anthropic,anthropic,,,token_share_pct,share,2859450593511.0,3,https://openrouter.ai/rankings,20260404T120606Z-ef7072ee,2026-04-04T12:06:06.720967Z,
market_share,2026-03-22,2026-03-22,others,others,,,token_share_pct,share,2425600923652.0,4,https://openrouter.ai/rankings,20260404T120606Z-ef7072ee,2026-04-04T12:06:06.720967Z,
market_share,2026-03-22,2026-03-22,minimax,minimax,,,token_share_pct,share,2231918225429.0,5,https://openrouter.ai/rankings,20260404T120606Z-ef7072ee,2026-04-04T12:06:06.720967Z,
market_share,2026-03-22,2026-03-22,openai,openai,,,token_share_pct,share,2189923622059.0,6,https://openrouter.ai/rankings,20260404T120606Z-ef7072ee,2026-04-04T12:06:06.720967Z,
market_share,2026-03-22,2026-03-22,stepfun,stepfun,,,token_share_pct,share,1547008687237.0,7,https://openrouter.ai/rankings,20260404T120606Z-ef7072ee,2026-04-04T12:06:06.720967Z,
market_share,2026-03-22,2026-03-22,z-ai,z ai,,,token_share_pct,share,1537755314293.0,8,https://openrouter.ai/rankings,20260404T120606Z-ef7072ee,2026-04-04T12:06:06.720967Z,
market_share,2026-03-22,2026-03-22,deepseek,deepseek,,,token_share_pct,share,1470095667817.0,9,https://openrouter.ai/rankings,20260404T120606Z-ef7072ee,2026-04-04T12:06:06.720967Z,
market_share,2026-03-22,2026-03-22,x-ai,x ai,,,token_share_pct,share,735680304710.0,10,https://openrouter.ai/rankings,20260404T120606Z-ef7072ee,2026-04-04T12:06:06.720967Z,
market_share,2026-03-29,2026-03-29,qwen,qwen,,,token_share_pct,share,4578939211567.0,1,https://openrouter.ai/rankings,20260404T120606Z-ef7072ee,2026-04-04T12:06:06.720967Z,
market_share,2026-03-29,2026-03-29,xiaomi,xiaomi,,,token_share_pct,share,4346548165909.0,2,https://openrouter.ai/rankings,20260404T120606Z-ef7072ee,2026-04-04T12:06:06.720967Z,
market_share,2026-03-29,2026-03-29,google,google,,,token_share_pct,share,2683472567018.0,3,https://openrouter.ai/rankings,20260404T120606Z-ef7072ee,2026-04-04T12:06:06.720967Z,
market_share,2026-03-29,2026-03-29,anthropic,anthropic,,,token_share_pct,share,2594717541397.0,4,https://openrouter.ai/rankings,20260404T120606Z-ef7072ee,2026-04-04T12:06:06.720967Z,
market_share,2026-03-29,2026-03-29,others,others,,,token_share_pct,share,2568825057893.0,5,https://openrouter.ai/rankings,20260404T120606Z-ef7072ee,2026-04-04T12:06:06.720967Z,
market_share,2026-03-29,2026-03-29,minimax,minimax,,,token_share_pct,share,1949076795865.0,6,https://openrouter.ai/rankings,20260404T120606Z-ef7072ee,2026-04-04T12:06:06.720967Z,
market_share,2026-03-29,2026-03-29,openai,openai,,,token_share_pct,share,1805301172878.0,7,https://openrouter.ai/rankings,20260404T120606Z-ef7072ee,2026-04-04T12:06:06.720967Z,
market_share,2026-03-29,2026-03-29,deepseek,deepseek,,,token_share_pct,share,1333378684341.0,8,https://openrouter.ai/rankings,20260404T120606Z-ef7072ee,2026-04-04T12:06:06.720967Z,
market_share,2026-03-29,2026-03-29,stepfun,stepfun,,,token_share_pct,share,1270527698193.0,9,https://openrouter.ai/rankings,20260404T120606Z-ef7072ee,2026-04-04T12:06:06.720967Z,
market_share,2026-03-29,2026-03-29,z-ai,z ai,,,token_share_pct,share,1269036288115.0,10,https://openrouter.ai/rankings,20260404T120606Z-ef7072ee,2026-04-04T12:06:06.720967Z,
