dataset_id,source_url,source_run_id,scraped_at,week_label,week_start_date,entity_id,entity_name,parent_entity_id,parent_entity_name,metric_name,metric_unit,metric_value,rank,category_slug,app_id,app_name,origin_url,main_url,description,categories,group_by_origin,is_private,is_hidden,created_at,scrape_date,usage_date,model_permaslug,total_tokens,snapshot_date,observed_at,period,tokens,growth_percent,prompt_tokens,completion_tokens,request_count
openrouter_model_activity,https://openrouter.ai/nvidia/nemotron-3-nano-30b-a3b/activity,20260416T082533Z-52dc92f7,2026-04-16T08:25:33.856151Z,,,,,,,,,,22,marketing/seo,,,,,,,,,,,,2026-04-13,nvidia/nemotron-3-nano-30b-a3b,593250.0,,,,,,579000.0,14250.0,319
openrouter_model_activity,https://openrouter.ai/liquid/lfm-2-24b-a2b-20260224/activity,20260416T082533Z-52dc92f7,2026-04-16T08:25:33.856151Z,,,,,,,,,,38,translation,,,,,,,,,,,,2026-04-14,liquid/lfm-2-24b-a2b-20260224,1131700.0,,,,,,959950.0,171750.0,310
openrouter_model_activity,https://openrouter.ai/qwen/qwen3.5-122b-a10b-20260224/activity,20260416T082533Z-52dc92f7,2026-04-16T08:25:33.856151Z,,,,,,,,,,37,trivia,,,,,,,,,,,,2026-04-14,qwen/qwen3.5-122b-a10b-20260224,199050.0,,,,,,36900.0,162150.0,132
openrouter_model_activity,https://openrouter.ai/anthropic/claude-4.6-opus-20260205/activity,20260416T082533Z-52dc92f7,2026-04-16T08:25:33.856151Z,,,,,,,,,,11,academia,,,,,,,,,,,,2026-04-15,anthropic/claude-4.6-opus-20260205,10144595.0,,,,,,9570107.0,574488.0,624
openrouter_model_activity,https://openrouter.ai/anthropic/claude-4.6-opus-20260205/activity,20260416T082533Z-52dc92f7,2026-04-16T08:25:33.856151Z,,,,,,,,,,1,finance,,,,,,,,,,,,2026-04-15,anthropic/claude-4.6-opus-20260205,70897175.0,,,,,,69643564.0,1253611.0,1579
openrouter_model_activity,https://openrouter.ai/anthropic/claude-4.6-opus-20260205/activity,20260416T082533Z-52dc92f7,2026-04-16T08:25:33.856151Z,,,,,,,,,,19,health,,,,,,,,,,,,2026-04-15,anthropic/claude-4.6-opus-20260205,3733250.0,,,,,,3516750.0,216500.0,791
openrouter_model_activity,https://openrouter.ai/anthropic/claude-4.6-opus-20260205/activity,20260416T082533Z-52dc92f7,2026-04-16T08:25:33.856151Z,,,,,,,,,,12,legal,,,,,,,,,,,,2026-04-15,anthropic/claude-4.6-opus-20260205,4922240.0,,,,,,4781804.0,140436.0,167
openrouter_model_activity,https://openrouter.ai/anthropic/claude-4.6-opus-20260205/activity,20260416T082533Z-52dc92f7,2026-04-16T08:25:33.856151Z,,,,,,,,,,26,marketing,,,,,,,,,,,,2026-04-15,anthropic/claude-4.6-opus-20260205,1291451.0,,,,,,1169165.0,122286.0,134
openrouter_model_activity,https://openrouter.ai/anthropic/claude-4.6-opus-20260205/activity,20260416T082533Z-52dc92f7,2026-04-16T08:25:33.856151Z,,,,,,,,,,27,marketing/seo,,,,,,,,,,,,2026-04-15,anthropic/claude-4.6-opus-20260205,529165.0,,,,,,472536.0,56629.0,33
openrouter_model_activity,https://openrouter.ai/anthropic/claude-4.6-opus-20260205/activity,20260416T082533Z-52dc92f7,2026-04-16T08:25:33.856151Z,,,,,,,,,,3,programming,,,,,,,,,,,,2026-04-15,anthropic/claude-4.6-opus-20260205,900473881.0,,,,,,894883937.0,5589944.0,13312
openrouter_model_activity,https://openrouter.ai/anthropic/claude-4.6-opus-20260205/activity,20260416T082533Z-52dc92f7,2026-04-16T08:25:33.856151Z,,,,,,,,,,14,roleplay,,,,,,,,,,,,2026-04-15,anthropic/claude-4.6-opus-20260205,44844971.0,,,,,,42506358.0,2338613.0,2187
openrouter_model_activity,https://openrouter.ai/anthropic/claude-4.6-opus-20260205/activity,20260416T082533Z-52dc92f7,2026-04-16T08:25:33.856151Z,,,,,,,,,,4,science,,,,,,,,,,,,2026-04-15,anthropic/claude-4.6-opus-20260205,142732162.0,,,,,,140240869.0,2491293.0,4667
openrouter_model_activity,https://openrouter.ai/anthropic/claude-4.6-opus-20260205/activity,20260416T082533Z-52dc92f7,2026-04-16T08:25:33.856151Z,,,,,,,,,,5,technology,,,,,,,,,,,,2026-04-15,anthropic/claude-4.6-opus-20260205,325319224.0,,,,,,322338988.0,2980236.0,7448
openrouter_model_activity,https://openrouter.ai/anthropic/claude-4.6-opus-20260205/activity,20260416T082533Z-52dc92f7,2026-04-16T08:25:33.856151Z,,,,,,,,,,28,translation,,,,,,,,,,,,2026-04-15,anthropic/claude-4.6-opus-20260205,1805867.0,,,,,,1637053.0,168814.0,556
openrouter_model_activity,https://openrouter.ai/anthropic/claude-4.6-opus-20260205/activity,20260416T082533Z-52dc92f7,2026-04-16T08:25:33.856151Z,,,,,,,,,,9,trivia,,,,,,,,,,,,2026-04-15,anthropic/claude-4.6-opus-20260205,1261550.0,,,,,,1182250.0,79300.0,144
openrouter_model_activity,https://openrouter.ai/anthropic/claude-4.6-sonnet-20260217/activity,20260416T082533Z-52dc92f7,2026-04-16T08:25:33.856151Z,,,,,,,,,,6,academia,,,,,,,,,,,,2026-04-15,anthropic/claude-4.6-sonnet-20260217,14666886.0,,,,,,13958883.0,708003.0,1108
openrouter_model_activity,https://openrouter.ai/anthropic/claude-4.6-sonnet-20260217/activity,20260416T082533Z-52dc92f7,2026-04-16T08:25:33.856151Z,,,,,,,,,,2,finance,,,,,,,,,,,,2026-04-15,anthropic/claude-4.6-sonnet-20260217,68934598.0,,,,,,67966674.0,967924.0,2156
openrouter_model_activity,https://openrouter.ai/anthropic/claude-4.6-sonnet-20260217/activity,20260416T082533Z-52dc92f7,2026-04-16T08:25:33.856151Z,,,,,,,,,,9,health,,,,,,,,,,,,2026-04-15,anthropic/claude-4.6-sonnet-20260217,8114287.0,,,,,,7140586.0,973701.0,1497
openrouter_model_activity,https://openrouter.ai/anthropic/claude-4.6-sonnet-20260217/activity,20260416T082533Z-52dc92f7,2026-04-16T08:25:33.856151Z,,,,,,,,,,8,legal,,,,,,,,,,,,2026-04-15,anthropic/claude-4.6-sonnet-20260217,7026037.0,,,,,,6215675.0,810362.0,760
openrouter_model_activity,https://openrouter.ai/anthropic/claude-4.6-sonnet-20260217/activity,20260416T082533Z-52dc92f7,2026-04-16T08:25:33.856151Z,,,,,,,,,,8,marketing,,,,,,,,,,,,2026-04-15,anthropic/claude-4.6-sonnet-20260217,8745313.0,,,,,,8417794.0,327519.0,732
openrouter_model_activity,https://openrouter.ai/anthropic/claude-4.6-sonnet-20260217/activity,20260416T082533Z-52dc92f7,2026-04-16T08:25:33.856151Z,,,,,,,,,,10,marketing/seo,,,,,,,,,,,,2026-04-15,anthropic/claude-4.6-sonnet-20260217,1941528.0,,,,,,1826639.0,114889.0,133
openrouter_model_activity,https://openrouter.ai/anthropic/claude-4.6-sonnet-20260217/activity,20260416T082533Z-52dc92f7,2026-04-16T08:25:33.856151Z,,,,,,,,,,5,programming,,,,,,,,,,,,2026-04-15,anthropic/claude-4.6-sonnet-20260217,471752663.0,,,,,,467172271.0,4580392.0,8366
openrouter_model_activity,https://openrouter.ai/anthropic/claude-4.6-sonnet-20260217/activity,20260416T082533Z-52dc92f7,2026-04-16T08:25:33.856151Z,,,,,,,,,,25,roleplay,,,,,,,,,,,,2026-04-15,anthropic/claude-4.6-sonnet-20260217,23707288.0,,,,,,22725780.0,981508.0,1603
openrouter_model_activity,https://openrouter.ai/anthropic/claude-4.6-sonnet-20260217/activity,20260416T082533Z-52dc92f7,2026-04-16T08:25:33.856151Z,,,,,,,,,,8,science,,,,,,,,,,,,2026-04-15,anthropic/claude-4.6-sonnet-20260217,58652793.0,,,,,,55655267.0,2997526.0,4966
openrouter_model_activity,https://openrouter.ai/anthropic/claude-4.6-sonnet-20260217/activity,20260416T082533Z-52dc92f7,2026-04-16T08:25:33.856151Z,,,,,,,,,,1,technology,,,,,,,,,,,,2026-04-15,anthropic/claude-4.6-sonnet-20260217,809436183.0,,,,,,803365336.0,6070847.0,14513
openrouter_model_activity,https://openrouter.ai/anthropic/claude-4.6-sonnet-20260217/activity,20260416T082533Z-52dc92f7,2026-04-16T08:25:33.856151Z,,,,,,,,,,23,translation,,,,,,,,,,,,2026-04-15,anthropic/claude-4.6-sonnet-20260217,2683918.0,,,,,,2442141.0,241777.0,491
openrouter_model_activity,https://openrouter.ai/anthropic/claude-4.6-sonnet-20260217/activity,20260416T082533Z-52dc92f7,2026-04-16T08:25:33.856151Z,,,,,,,,,,14,trivia,,,,,,,,,,,,2026-04-15,anthropic/claude-4.6-sonnet-20260217,803509.0,,,,,,750560.0,52949.0,982
openrouter_model_activity,https://openrouter.ai/bytedance-seed/seed-1.6-flash-20250625/activity,20260416T082533Z-52dc92f7,2026-04-16T08:25:33.856151Z,,,,,,,,,,49,trivia,,,,,,,,,,,,2026-04-15,bytedance-seed/seed-1.6-flash-20250625,115818.0,,,,,,18368.0,97450.0,51
openrouter_model_activity,https://openrouter.ai/google/gemini-3-flash-preview-20251217/activity,20260416T082533Z-52dc92f7,2026-04-16T08:25:33.856151Z,,,,,,,,,,1,academia,,,,,,,,,,,,2026-04-15,google/gemini-3-flash-preview-20251217,37422555.0,,,,,,32730887.0,4691668.0,6225
openrouter_model_activity,https://openrouter.ai/google/gemini-3-flash-preview-20251217/activity,20260416T082533Z-52dc92f7,2026-04-16T08:25:33.856151Z,,,,,,,,,,4,finance,,,,,,,,,,,,2026-04-15,google/gemini-3-flash-preview-20251217,56093393.0,,,,,,53614163.0,2479230.0,8203
openrouter_model_activity,https://openrouter.ai/google/gemini-3-flash-preview-20251217/activity,20260416T082533Z-52dc92f7,2026-04-16T08:25:33.856151Z,,,,,,,,,,1,health,,,,,,,,,,,,2026-04-15,google/gemini-3-flash-preview-20251217,40349193.0,,,,,,34789427.0,5559766.0,6614
openrouter_model_activity,https://openrouter.ai/google/gemini-3-flash-preview-20251217/activity,20260416T082533Z-52dc92f7,2026-04-16T08:25:33.856151Z,,,,,,,,,,4,legal,,,,,,,,,,,,2026-04-15,google/gemini-3-flash-preview-20251217,25364622.0,,,,,,23919408.0,1445214.0,3047
openrouter_model_activity,https://openrouter.ai/google/gemini-3-flash-preview-20251217/activity,20260416T082533Z-52dc92f7,2026-04-16T08:25:33.856151Z,,,,,,,,,,5,marketing,,,,,,,,,,,,2026-04-15,google/gemini-3-flash-preview-20251217,15675229.0,,,,,,14224546.0,1450683.0,2927
openrouter_model_activity,https://openrouter.ai/google/gemini-3-flash-preview-20251217/activity,20260416T082533Z-52dc92f7,2026-04-16T08:25:33.856151Z,,,,,,,,,,5,marketing/seo,,,,,,,,,,,,2026-04-15,google/gemini-3-flash-preview-20251217,6413977.0,,,,,,5725057.0,688920.0,1016
openrouter_model_activity,https://openrouter.ai/google/gemini-3-flash-preview-20251217/activity,20260416T082533Z-52dc92f7,2026-04-16T08:25:33.856151Z,,,,,,,,,,10,programming,,,,,,,,,,,,2026-04-15,google/gemini-3-flash-preview-20251217,326235594.0,,,,,,320344382.0,5891212.0,16174
openrouter_model_activity,https://openrouter.ai/google/gemini-3-flash-preview-20251217/activity,20260416T082533Z-52dc92f7,2026-04-16T08:25:33.856151Z,,,,,,,,,,6,roleplay,,,,,,,,,,,,2026-04-15,google/gemini-3-flash-preview-20251217,163178037.0,,,,,,152112772.0,11065265.0,13722
openrouter_model_activity,https://openrouter.ai/google/gemini-3-flash-preview-20251217/activity,20260416T082533Z-52dc92f7,2026-04-16T08:25:33.856151Z,,,,,,,,,,2,science,,,,,,,,,,,,2026-04-15,google/gemini-3-flash-preview-20251217,184798032.0,,,,,,179343701.0,5454331.0,15701
openrouter_model_activity,https://openrouter.ai/google/gemini-3-flash-preview-20251217/activity,20260416T082533Z-52dc92f7,2026-04-16T08:25:33.856151Z,,,,,,,,,,4,technology,,,,,,,,,,,,2026-04-15,google/gemini-3-flash-preview-20251217,362848980.0,,,,,,352111227.0,10737753.0,32624
openrouter_model_activity,https://openrouter.ai/google/gemini-3-flash-preview-20251217/activity,20260416T082533Z-52dc92f7,2026-04-16T08:25:33.856151Z,,,,,,,,,,5,translation,,,,,,,,,,,,2026-04-15,google/gemini-3-flash-preview-20251217,15128882.0,,,,,,12359718.0,2769164.0,8956
openrouter_model_activity,https://openrouter.ai/google/gemini-3-flash-preview-20251217/activity,20260416T082533Z-52dc92f7,2026-04-16T08:25:33.856151Z,,,,,,,,,,2,trivia,,,,,,,,,,,,2026-04-15,google/gemini-3-flash-preview-20251217,4684338.0,,,,,,4319897.0,364441.0,2179
openrouter_model_activity,https://openrouter.ai/google/gemini-3.1-flash-lite-preview-20260303/activity,20260416T082533Z-52dc92f7,2026-04-16T08:25:33.856151Z,,,,,,,,,,7,academia,,,,,,,,,,,,2026-04-15,google/gemini-3.1-flash-lite-preview-20260303,13034231.0,,,,,,11850922.0,1183309.0,2647
openrouter_model_activity,https://openrouter.ai/google/gemini-3.1-flash-lite-preview-20260303/activity,20260416T082533Z-52dc92f7,2026-04-16T08:25:33.856151Z,,,,,,,,,,22,finance,,,,,,,,,,,,2026-04-15,google/gemini-3.1-flash-lite-preview-20260303,9275329.0,,,,,,8774162.0,501167.0,2329
openrouter_model_activity,https://openrouter.ai/google/gemini-3.1-flash-lite-preview-20260303/activity,20260416T082533Z-52dc92f7,2026-04-16T08:25:33.856151Z,,,,,,,,,,14,health,,,,,,,,,,,,2026-04-15,google/gemini-3.1-flash-lite-preview-20260303,5142615.0,,,,,,4836393.0,306222.0,1427
openrouter_model_activity,https://openrouter.ai/google/gemini-3.1-flash-lite-preview-20260303/activity,20260416T082533Z-52dc92f7,2026-04-16T08:25:33.856151Z,,,,,,,,,,11,legal,,,,,,,,,,,,2026-04-15,google/gemini-3.1-flash-lite-preview-20260303,4950021.0,,,,,,4560897.0,389124.0,1276
openrouter_model_activity,https://openrouter.ai/google/gemini-3.1-flash-lite-preview-20260303/activity,20260416T082533Z-52dc92f7,2026-04-16T08:25:33.856151Z,,,,,,,,,,12,marketing,,,,,,,,,,,,2026-04-15,google/gemini-3.1-flash-lite-preview-20260303,3800718.0,,,,,,3544222.0,256496.0,972
openrouter_model_activity,https://openrouter.ai/google/gemini-3.1-flash-lite-preview-20260303/activity,20260416T082533Z-52dc92f7,2026-04-16T08:25:33.856151Z,,,,,,,,,,14,marketing/seo,,,,,,,,,,,,2026-04-15,google/gemini-3.1-flash-lite-preview-20260303,1686291.0,,,,,,1193594.0,492697.0,456
openrouter_model_activity,https://openrouter.ai/google/gemini-3.1-flash-lite-preview-20260303/activity,20260416T082533Z-52dc92f7,2026-04-16T08:25:33.856151Z,,,,,,,,,,29,programming,,,,,,,,,,,,2026-04-15,google/gemini-3.1-flash-lite-preview-20260303,31985611.0,,,,,,31141688.0,843923.0,3590
openrouter_model_activity,https://openrouter.ai/google/gemini-3.1-flash-lite-preview-20260303/activity,20260416T082533Z-52dc92f7,2026-04-16T08:25:33.856151Z,,,,,,,,,,19,roleplay,,,,,,,,,,,,2026-04-15,google/gemini-3.1-flash-lite-preview-20260303,36456622.0,,,,,,34966764.0,1489858.0,5290
openrouter_model_activity,https://openrouter.ai/google/gemini-3.1-flash-lite-preview-20260303/activity,20260416T082533Z-52dc92f7,2026-04-16T08:25:33.856151Z,,,,,,,,,,11,science,,,,,,,,,,,,2026-04-15,google/gemini-3.1-flash-lite-preview-20260303,44431415.0,,,,,,42149240.0,2282175.0,5855
openrouter_model_activity,https://openrouter.ai/google/gemini-3.1-flash-lite-preview-20260303/activity,20260416T082533Z-52dc92f7,2026-04-16T08:25:33.856151Z,,,,,,,,,,20,technology,,,,,,,,,,,,2026-04-15,google/gemini-3.1-flash-lite-preview-20260303,87203066.0,,,,,,84600169.0,2602897.0,10225
openrouter_model_activity,https://openrouter.ai/google/gemini-3.1-flash-lite-preview-20260303/activity,20260416T082533Z-52dc92f7,2026-04-16T08:25:33.856151Z,,,,,,,,,,16,translation,,,,,,,,,,,,2026-04-15,google/gemini-3.1-flash-lite-preview-20260303,4885430.0,,,,,,3905620.0,979810.0,4188
openrouter_model_activity,https://openrouter.ai/google/gemini-3.1-flash-lite-preview-20260303/activity,20260416T082533Z-52dc92f7,2026-04-16T08:25:33.856151Z,,,,,,,,,,18,trivia,,,,,,,,,,,,2026-04-15,google/gemini-3.1-flash-lite-preview-20260303,601550.0,,,,,,571102.0,30448.0,982
openrouter_model_activity,https://openrouter.ai/google/gemini-3.1-pro-preview-20260219/activity,20260416T082533Z-52dc92f7,2026-04-16T08:25:33.856151Z,,,,,,,,,,10,academia,,,,,,,,,,,,2026-04-15,google/gemini-3.1-pro-preview-20260219,10254560.0,,,,,,8889072.0,1365488.0,770
openrouter_model_activity,https://openrouter.ai/google/gemini-3.1-pro-preview-20260219/activity,20260416T082533Z-52dc92f7,2026-04-16T08:25:33.856151Z,,,,,,,,,,30,finance,,,,,,,,,,,,2026-04-15,google/gemini-3.1-pro-preview-20260219,5706694.0,,,,,,5108831.0,597863.0,563
openrouter_model_activity,https://openrouter.ai/google/gemini-3.1-pro-preview-20260219/activity,20260416T082533Z-52dc92f7,2026-04-16T08:25:33.856151Z,,,,,,,,,,12,health,,,,,,,,,,,,2026-04-15,google/gemini-3.1-pro-preview-20260219,5792137.0,,,,,,5146010.0,646127.0,936
openrouter_model_activity,https://openrouter.ai/google/gemini-3.1-pro-preview-20260219/activity,20260416T082533Z-52dc92f7,2026-04-16T08:25:33.856151Z,,,,,,,,,,6,legal,,,,,,,,,,,,2026-04-15,google/gemini-3.1-pro-preview-20260219,13426277.0,,,,,,12855748.0,570529.0,1274
openrouter_model_activity,https://openrouter.ai/google/gemini-3.1-pro-preview-20260219/activity,20260416T082533Z-52dc92f7,2026-04-16T08:25:33.856151Z,,,,,,,,,,20,marketing,,,,,,,,,,,,2026-04-15,google/gemini-3.1-pro-preview-20260219,1985713.0,,,,,,1752539.0,233174.0,161
openrouter_model_activity,https://openrouter.ai/google/gemini-3.1-pro-preview-20260219/activity,20260416T082533Z-52dc92f7,2026-04-16T08:25:33.856151Z,,,,,,,,,,13,marketing/seo,,,,,,,,,,,,2026-04-15,google/gemini-3.1-pro-preview-20260219,1728223.0,,,,,,1548470.0,179753.0,73
openrouter_model_activity,https://openrouter.ai/google/gemini-3.1-pro-preview-20260219/activity,20260416T082533Z-52dc92f7,2026-04-16T08:25:33.856151Z,,,,,,,,,,8,programming,,,,,,,,,,,,2026-04-15,google/gemini-3.1-pro-preview-20260219,384870226.0,,,,,,381487607.0,3382619.0,6572
openrouter_model_activity,https://openrouter.ai/google/gemini-3.1-pro-preview-20260219/activity,20260416T082533Z-52dc92f7,2026-04-16T08:25:33.856151Z,,,,,,,,,,18,roleplay,,,,,,,,,,,,2026-04-15,google/gemini-3.1-pro-preview-20260219,39806140.0,,,,,,37711463.0,2094677.0,1830
openrouter_model_activity,https://openrouter.ai/google/gemini-3.1-pro-preview-20260219/activity,20260416T082533Z-52dc92f7,2026-04-16T08:25:33.856151Z,,,,,,,,,,14,science,,,,,,,,,,,,2026-04-15,google/gemini-3.1-pro-preview-20260219,39239433.0,,,,,,35732923.0,3506510.0,2841
openrouter_model_activity,https://openrouter.ai/google/gemini-3.1-pro-preview-20260219/activity,20260416T082533Z-52dc92f7,2026-04-16T08:25:33.856151Z,,,,,,,,,,2,technology,,,,,,,,,,,,2026-04-15,google/gemini-3.1-pro-preview-20260219,369435379.0,,,,,,363912913.0,5522466.0,7618
openrouter_model_activity,https://openrouter.ai/google/gemini-3.1-pro-preview-20260219/activity,20260416T082533Z-52dc92f7,2026-04-16T08:25:33.856151Z,,,,,,,,,,8,translation,,,,,,,,,,,,2026-04-15,google/gemini-3.1-pro-preview-20260219,10216716.0,,,,,,9454508.0,762208.0,716
openrouter_model_activity,https://openrouter.ai/google/gemini-3.1-pro-preview-20260219/activity,20260416T082533Z-52dc92f7,2026-04-16T08:25:33.856151Z,,,,,,,,,,26,trivia,,,,,,,,,,,,2026-04-15,google/gemini-3.1-pro-preview-20260219,383516.0,,,,,,339994.0,43522.0,154
openrouter_model_activity,https://openrouter.ai/google/gemma-4-26b-a4b-it-20260403/activity,20260416T082533Z-52dc92f7,2026-04-16T08:25:33.856151Z,,,,,,,,,,45,academia,,,,,,,,,,,,2026-04-15,google/gemma-4-26b-a4b-it-20260403,1195173.0,,,,,,1009010.0,186163.0,786
openrouter_model_activity,https://openrouter.ai/google/gemma-4-26b-a4b-it-20260403/activity,20260416T082533Z-52dc92f7,2026-04-16T08:25:33.856151Z,,,,,,,,,,50,health,,,,,,,,,,,,2026-04-15,google/gemma-4-26b-a4b-it-20260403,726216.0,,,,,,650164.0,76052.0,191
openrouter_model_activity,https://openrouter.ai/google/gemma-4-26b-a4b-it-20260403/activity,20260416T082533Z-52dc92f7,2026-04-16T08:25:33.856151Z,,,,,,,,,,34,legal,,,,,,,,,,,,2026-04-15,google/gemma-4-26b-a4b-it-20260403,1572971.0,,,,,,1485427.0,87544.0,231
openrouter_model_activity,https://openrouter.ai/google/gemma-4-26b-a4b-it-20260403/activity,20260416T082533Z-52dc92f7,2026-04-16T08:25:33.856151Z,,,,,,,,,,37,marketing,,,,,,,,,,,,2026-04-15,google/gemma-4-26b-a4b-it-20260403,672800.0,,,,,,649300.0,23500.0,74
openrouter_model_activity,https://openrouter.ai/google/gemma-4-26b-a4b-it-20260403/activity,20260416T082533Z-52dc92f7,2026-04-16T08:25:33.856151Z,,,,,,,,,,23,marketing/seo,,,,,,,,,,,,2026-04-15,google/gemma-4-26b-a4b-it-20260403,556850.0,,,,,,472850.0,84000.0,143
openrouter_model_activity,https://openrouter.ai/google/gemma-4-26b-a4b-it-20260403/activity,20260416T082533Z-52dc92f7,2026-04-16T08:25:33.856151Z,,,,,,,,,,33,roleplay,,,,,,,,,,,,2026-04-15,google/gemma-4-26b-a4b-it-20260403,14954716.0,,,,,,13756011.0,1198705.0,1828
openrouter_model_activity,https://openrouter.ai/google/gemma-4-26b-a4b-it-20260403/activity,20260416T082533Z-52dc92f7,2026-04-16T08:25:33.856151Z,,,,,,,,,,49,technology,,,,,,,,,,,,2026-04-15,google/gemma-4-26b-a4b-it-20260403,15472201.0,,,,,,14867083.0,605118.0,1739
openrouter_model_activity,https://openrouter.ai/google/gemma-4-26b-a4b-it-20260403/activity,20260416T082533Z-52dc92f7,2026-04-16T08:25:33.856151Z,,,,,,,,,,18,translation,,,,,,,,,,,,2026-04-15,google/gemma-4-26b-a4b-it-20260403,4086859.0,,,,,,3650872.0,435987.0,2055
openrouter_model_activity,https://openrouter.ai/google/gemma-4-26b-a4b-it-20260403/activity,20260416T082533Z-52dc92f7,2026-04-16T08:25:33.856151Z,,,,,,,,,,22,trivia,,,,,,,,,,,,2026-04-15,google/gemma-4-26b-a4b-it-20260403,484665.0,,,,,,393020.0,91645.0,370
openrouter_model_activity,https://openrouter.ai/google/gemma-4-31b-it-20260402/activity,20260416T082533Z-52dc92f7,2026-04-16T08:25:33.856151Z,,,,,,,,,,47,health,,,,,,,,,,,,2026-04-15,google/gemma-4-31b-it-20260402,928723.0,,,,,,740189.0,188534.0,994
openrouter_model_activity,https://openrouter.ai/google/gemma-4-31b-it-20260402/activity,20260416T082533Z-52dc92f7,2026-04-16T08:25:33.856151Z,,,,,,,,,,20,marketing/seo,,,,,,,,,,,,2026-04-15,google/gemma-4-31b-it-20260402,714700.0,,,,,,686450.0,28250.0,104
openrouter_model_activity,https://openrouter.ai/google/gemma-4-31b-it-20260402/activity,20260416T082533Z-52dc92f7,2026-04-16T08:25:33.856151Z,,,,,,,,,,35,roleplay,,,,,,,,,,,,2026-04-15,google/gemma-4-31b-it-20260402,13617291.0,,,,,,13024175.0,593116.0,1639
openrouter_model_activity,https://openrouter.ai/google/gemma-4-31b-it-20260402/activity,20260416T082533Z-52dc92f7,2026-04-16T08:25:33.856151Z,,,,,,,,,,44,science,,,,,,,,,,,,2026-04-15,google/gemma-4-31b-it-20260402,8313187.0,,,,,,7777808.0,535379.0,1265
openrouter_model_activity,https://openrouter.ai/google/gemma-4-31b-it-20260402/activity,20260416T082533Z-52dc92f7,2026-04-16T08:25:33.856151Z,,,,,,,,,,27,trivia,,,,,,,,,,,,2026-04-15,google/gemma-4-31b-it-20260402,346701.0,,,,,,324848.0,21853.0,150
openrouter_model_activity,https://openrouter.ai/liquid/lfm-2-24b-a2b-20260224/activity,20260416T082533Z-52dc92f7,2026-04-16T08:25:33.856151Z,,,,,,,,,,14,legal,,,,,,,,,,,,2026-04-15,liquid/lfm-2-24b-a2b-20260224,4500295.0,,,,,,4101009.0,399286.0,1383
openrouter_model_activity,https://openrouter.ai/liquid/lfm-2-24b-a2b-20260224/activity,20260416T082533Z-52dc92f7,2026-04-16T08:25:33.856151Z,,,,,,,,,,50,marketing/seo,,,,,,,,,,,,2026-04-15,liquid/lfm-2-24b-a2b-20260224,163563.0,,,,,,34381.0,129182.0,154
openrouter_model_activity,https://openrouter.ai/minimax/minimax-m2.5-20260211/activity,20260416T082533Z-52dc92f7,2026-04-16T08:25:33.856151Z,,,,,,,,,,32,academia,,,,,,,,,,,,2026-04-15,minimax/minimax-m2.5-20260211,3173216.0,,,,,,3029957.0,143259.0,163
openrouter_model_activity,https://openrouter.ai/minimax/minimax-m2.5-20260211/activity,20260416T082533Z-52dc92f7,2026-04-16T08:25:33.856151Z,,,,,,,,,,23,finance,,,,,,,,,,,,2026-04-15,minimax/minimax-m2.5-20260211,9197012.0,,,,,,8651096.0,545916.0,708
openrouter_model_activity,https://openrouter.ai/minimax/minimax-m2.5-20260211/activity,20260416T082533Z-52dc92f7,2026-04-16T08:25:33.856151Z,,,,,,,,,,38,marketing,,,,,,,,,,,,2026-04-15,minimax/minimax-m2.5-20260211,583267.0,,,,,,399123.0,184144.0,95
openrouter_model_activity,https://openrouter.ai/minimax/minimax-m2.5-20260211/activity,20260416T082533Z-52dc92f7,2026-04-16T08:25:33.856151Z,,,,,,,,,,28,marketing/seo,,,,,,,,,,,,2026-04-15,minimax/minimax-m2.5-20260211,445115.0,,,,,,391664.0,53451.0,40
openrouter_model_activity,https://openrouter.ai/minimax/minimax-m2.5-20260211/activity,20260416T082533Z-52dc92f7,2026-04-16T08:25:33.856151Z,,,,,,,,,,2,programming,,,,,,,,,,,,2026-04-15,minimax/minimax-m2.5-20260211,971935250.0,,,,,,967094716.0,4840534.0,15646
openrouter_model_activity,https://openrouter.ai/minimax/minimax-m2.5-20260211/activity,20260416T082533Z-52dc92f7,2026-04-16T08:25:33.856151Z,,,,,,,,,,25,science,,,,,,,,,,,,2026-04-15,minimax/minimax-m2.5-20260211,23608658.0,,,,,,23061117.0,547541.0,979
openrouter_model_activity,https://openrouter.ai/minimax/minimax-m2.5-20260211/activity,20260416T082533Z-52dc92f7,2026-04-16T08:25:33.856151Z,,,,,,,,,,6,technology,,,,,,,,,,,,2026-04-15,minimax/minimax-m2.5-20260211,296149075.0,,,,,,292418972.0,3730103.0,8801
openrouter_model_activity,https://openrouter.ai/minimax/minimax-m2.5-20260211/activity,20260416T082533Z-52dc92f7,2026-04-16T08:25:33.856151Z,,,,,,,,,,11,trivia,,,,,,,,,,,,2026-04-15,minimax/minimax-m2.5-20260211,1053651.0,,,,,,1013807.0,39844.0,121
openrouter_model_activity,https://openrouter.ai/minimax/minimax-m2.7-20260318/activity,20260416T082533Z-52dc92f7,2026-04-16T08:25:33.856151Z,,,,,,,,,,21,academia,,,,,,,,,,,,2026-04-15,minimax/minimax-m2.7-20260318,5665527.0,,,,,,4999328.0,666199.0,440
openrouter_model_activity,https://openrouter.ai/minimax/minimax-m2.7-20260318/activity,20260416T082533Z-52dc92f7,2026-04-16T08:25:33.856151Z,,,,,,,,,,12,finance,,,,,,,,,,,,2026-04-15,minimax/minimax-m2.7-20260318,20018168.0,,,,,,18971518.0,1046650.0,1270
openrouter_model_activity,https://openrouter.ai/minimax/minimax-m2.7-20260318/activity,20260416T082533Z-52dc92f7,2026-04-16T08:25:33.856151Z,,,,,,,,,,36,health,,,,,,,,,,,,2026-04-15,minimax/minimax-m2.7-20260318,1358112.0,,,,,,1109137.0,248975.0,175
openrouter_model_activity,https://openrouter.ai/minimax/minimax-m2.7-20260318/activity,20260416T082533Z-52dc92f7,2026-04-16T08:25:33.856151Z,,,,,,,,,,19,legal,,,,,,,,,,,,2026-04-15,minimax/minimax-m2.7-20260318,3233965.0,,,,,,2194916.0,1039049.0,401
openrouter_model_activity,https://openrouter.ai/minimax/minimax-m2.7-20260318/activity,20260416T082533Z-52dc92f7,2026-04-16T08:25:33.856151Z,,,,,,,,,,18,marketing,,,,,,,,,,,,2026-04-15,minimax/minimax-m2.7-20260318,2629774.0,,,,,,2375941.0,253833.0,216
openrouter_model_activity,https://openrouter.ai/minimax/minimax-m2.7-20260318/activity,20260416T082533Z-52dc92f7,2026-04-16T08:25:33.856151Z,,,,,,,,,,36,marketing/seo,,,,,,,,,,,,2026-04-15,minimax/minimax-m2.7-20260318,283929.0,,,,,,247901.0,36028.0,31
openrouter_model_activity,https://openrouter.ai/minimax/minimax-m2.7-20260318/activity,20260416T082533Z-52dc92f7,2026-04-16T08:25:33.856151Z,,,,,,,,,,1,programming,,,,,,,,,,,,2026-04-15,minimax/minimax-m2.7-20260318,1086415180.0,,,,,,1076697957.0,9717223.0,18735
openrouter_model_activity,https://openrouter.ai/minimax/minimax-m2.7-20260318/activity,20260416T082533Z-52dc92f7,2026-04-16T08:25:33.856151Z,,,,,,,,,,13,roleplay,,,,,,,,,,,,2026-04-15,minimax/minimax-m2.7-20260318,48635881.0,,,,,,47489531.0,1146350.0,1438
openrouter_model_activity,https://openrouter.ai/minimax/minimax-m2.7-20260318/activity,20260416T082533Z-52dc92f7,2026-04-16T08:25:33.856151Z,,,,,,,,,,1,science,,,,,,,,,,,,2026-04-15,minimax/minimax-m2.7-20260318,206823790.0,,,,,,203982016.0,2841774.0,8256
openrouter_model_activity,https://openrouter.ai/minimax/minimax-m2.7-20260318/activity,20260416T082533Z-52dc92f7,2026-04-16T08:25:33.856151Z,,,,,,,,,,3,technology,,,,,,,,,,,,2026-04-15,minimax/minimax-m2.7-20260318,363417634.0,,,,,,358219028.0,5198606.0,12396
openrouter_model_activity,https://openrouter.ai/minimax/minimax-m2.7-20260318/activity,20260416T082533Z-52dc92f7,2026-04-16T08:25:33.856151Z,,,,,,,,,,22,translation,,,,,,,,,,,,2026-04-15,minimax/minimax-m2.7-20260318,2947720.0,,,,,,1698724.0,1248996.0,675
openrouter_model_activity,https://openrouter.ai/minimax/minimax-m2.7-20260318/activity,20260416T082533Z-52dc92f7,2026-04-16T08:25:33.856151Z,,,,,,,,,,4,trivia,,,,,,,,,,,,2026-04-15,minimax/minimax-m2.7-20260318,2044991.0,,,,,,1980822.0,64169.0,132
openrouter_model_activity,https://openrouter.ai/mistralai/mistral-small-2603/activity,20260416T082533Z-52dc92f7,2026-04-16T08:25:33.856151Z,,,,,,,,,,41,legal,,,,,,,,,,,,2026-04-15,mistralai/mistral-small-2603,1015555.0,,,,,,946888.0,68667.0,761
openrouter_model_activity,https://openrouter.ai/mistralai/mistral-small-2603/activity,20260416T082533Z-52dc92f7,2026-04-16T08:25:33.856151Z,,,,,,,,,,7,marketing,,,,,,,,,,,,2026-04-15,mistralai/mistral-small-2603,10334100.0,,,,,,7952450.0,2381650.0,2471
openrouter_model_activity,https://openrouter.ai/mistralai/mistral-small-2603/activity,20260416T082533Z-52dc92f7,2026-04-16T08:25:33.856151Z,,,,,,,,,,38,trivia,,,,,,,,,,,,2026-04-15,mistralai/mistral-small-2603,182840.0,,,,,,175339.0,7501.0,88
openrouter_model_activity,https://openrouter.ai/mistralai/mistral-small-creative-20251216/activity,20260416T082533Z-52dc92f7,2026-04-16T08:25:33.856151Z,,,,,,,,,,43,roleplay,,,,,,,,,,,,2026-04-15,mistralai/mistral-small-creative-20251216,9067132.0,,,,,,8433199.0,633933.0,1159
openrouter_model_activity,https://openrouter.ai/moonshotai/kimi-k2.5-0127/activity,20260416T082533Z-52dc92f7,2026-04-16T08:25:33.856151Z,,,,,,,,,,20,academia,,,,,,,,,,,,2026-04-15,moonshotai/kimi-k2.5-0127,6197706.0,,,,,,4094323.0,2103383.0,419
openrouter_model_activity,https://openrouter.ai/moonshotai/kimi-k2.5-0127/activity,20260416T082533Z-52dc92f7,2026-04-16T08:25:33.856151Z,,,,,,,,,,3,finance,,,,,,,,,,,,2026-04-15,moonshotai/kimi-k2.5-0127,62593620.0,,,,,,59639891.0,2953729.0,2241
openrouter_model_activity,https://openrouter.ai/moonshotai/kimi-k2.5-0127/activity,20260416T082533Z-52dc92f7,2026-04-16T08:25:33.856151Z,,,,,,,,,,40,health,,,,,,,,,,,,2026-04-15,moonshotai/kimi-k2.5-0127,1185229.0,,,,,,764210.0,421019.0,193
openrouter_model_activity,https://openrouter.ai/moonshotai/kimi-k2.5-0127/activity,20260416T082533Z-52dc92f7,2026-04-16T08:25:33.856151Z,,,,,,,,,,46,legal,,,,,,,,,,,,2026-04-15,moonshotai/kimi-k2.5-0127,867364.0,,,,,,641250.0,226114.0,113
openrouter_model_activity,https://openrouter.ai/moonshotai/kimi-k2.5-0127/activity,20260416T082533Z-52dc92f7,2026-04-16T08:25:33.856151Z,,,,,,,,,,34,marketing,,,,,,,,,,,,2026-04-15,moonshotai/kimi-k2.5-0127,823287.0,,,,,,704065.0,119222.0,88
openrouter_model_activity,https://openrouter.ai/moonshotai/kimi-k2.5-0127/activity,20260416T082533Z-52dc92f7,2026-04-16T08:25:33.856151Z,,,,,,,,,,29,marketing/seo,,,,,,,,,,,,2026-04-15,moonshotai/kimi-k2.5-0127,444540.0,,,,,,188586.0,255954.0,38
openrouter_model_activity,https://openrouter.ai/moonshotai/kimi-k2.5-0127/activity,20260416T082533Z-52dc92f7,2026-04-16T08:25:33.856151Z,,,,,,,,,,6,programming,,,,,,,,,,,,2026-04-15,moonshotai/kimi-k2.5-0127,436460696.0,,,,,,431878203.0,4582493.0,7602
openrouter_model_activity,https://openrouter.ai/moonshotai/kimi-k2.5-0127/activity,20260416T082533Z-52dc92f7,2026-04-16T08:25:33.856151Z,,,,,,,,,,39,roleplay,,,,,,,,,,,,2026-04-15,moonshotai/kimi-k2.5-0127,10586725.0,,,,,,9490434.0,1096291.0,896
openrouter_model_activity,https://openrouter.ai/moonshotai/kimi-k2.5-0127/activity,20260416T082533Z-52dc92f7,2026-04-16T08:25:33.856151Z,,,,,,,,,,23,science,,,,,,,,,,,,2026-04-15,moonshotai/kimi-k2.5-0127,27627018.0,,,,,,22222930.0,5404088.0,1777
openrouter_model_activity,https://openrouter.ai/moonshotai/kimi-k2.5-0127/activity,20260416T082533Z-52dc92f7,2026-04-16T08:25:33.856151Z,,,,,,,,,,10,technology,,,,,,,,,,,,2026-04-15,moonshotai/kimi-k2.5-0127,156321986.0,,,,,,152795810.0,3526176.0,5985
openrouter_model_activity,https://openrouter.ai/moonshotai/kimi-k2.5-0127/activity,20260416T082533Z-52dc92f7,2026-04-16T08:25:33.856151Z,,,,,,,,,,44,translation,,,,,,,,,,,,2026-04-15,moonshotai/kimi-k2.5-0127,749348.0,,,,,,532465.0,216883.0,709
openrouter_model_activity,https://openrouter.ai/moonshotai/kimi-k2.5-0127/activity,20260416T082533Z-52dc92f7,2026-04-16T08:25:33.856151Z,,,,,,,,,,30,trivia,,,,,,,,,,,,2026-04-15,moonshotai/kimi-k2.5-0127,315000.0,,,,,,155767.0,159233.0,371
openrouter_model_activity,https://openrouter.ai/openai/gpt-5.2-20251211/activity,20260416T082533Z-52dc92f7,2026-04-16T08:25:33.856151Z,,,,,,,,,,34,academia,,,,,,,,,,,,2026-04-15,openai/gpt-5.2-20251211,1905894.0,,,,,,1691343.0,214551.0,218
openrouter_model_activity,https://openrouter.ai/openai/gpt-5.2-20251211/activity,20260416T082533Z-52dc92f7,2026-04-16T08:25:33.856151Z,,,,,,,,,,37,health,,,,,,,,,,,,2026-04-15,openai/gpt-5.2-20251211,1296578.0,,,,,,1225162.0,71416.0,148
openrouter_model_activity,https://openrouter.ai/openai/gpt-5.2-20251211/activity,20260416T082533Z-52dc92f7,2026-04-16T08:25:33.856151Z,,,,,,,,,,33,legal,,,,,,,,,,,,2026-04-15,openai/gpt-5.2-20251211,1630522.0,,,,,,1549200.0,81322.0,193
openrouter_model_activity,https://openrouter.ai/openai/gpt-5.2-20251211/activity,20260416T082533Z-52dc92f7,2026-04-16T08:25:33.856151Z,,,,,,,,,,16,marketing,,,,,,,,,,,,2026-04-15,openai/gpt-5.2-20251211,3162353.0,,,,,,2968605.0,193748.0,371
openrouter_model_activity,https://openrouter.ai/openai/gpt-5.2-20251211/activity,20260416T082533Z-52dc92f7,2026-04-16T08:25:33.856151Z,,,,,,,,,,49,science,,,,,,,,,,,,2026-04-15,openai/gpt-5.2-20251211,6846817.0,,,,,,6536059.0,310758.0,607
openrouter_model_activity,https://openrouter.ai/openai/gpt-5.2-20251211/activity,20260416T082533Z-52dc92f7,2026-04-16T08:25:33.856151Z,,,,,,,,,,40,technology,,,,,,,,,,,,2026-04-15,openai/gpt-5.2-20251211,22995577.0,,,,,,22094650.0,900927.0,1322
openrouter_model_activity,https://openrouter.ai/openai/gpt-5.2-20251211/activity,20260416T082533Z-52dc92f7,2026-04-16T08:25:33.856151Z,,,,,,,,,,50,translation,,,,,,,,,,,,2026-04-15,openai/gpt-5.2-20251211,541770.0,,,,,,412161.0,129609.0,230
openrouter_model_activity,https://openrouter.ai/openai/gpt-5.2-20251211/activity,20260416T082533Z-52dc92f7,2026-04-16T08:25:33.856151Z,,,,,,,,,,34,trivia,,,,,,,,,,,,2026-04-15,openai/gpt-5.2-20251211,231450.0,,,,,,194750.0,36700.0,142
openrouter_model_activity,https://openrouter.ai/openai/gpt-5.3-codex-20260224/activity,20260416T082533Z-52dc92f7,2026-04-16T08:25:33.856151Z,,,,,,,,,,47,finance,,,,,,,,,,,,2026-04-15,openai/gpt-5.3-codex-20260224,2219900.0,,,,,,2210800.0,9100.0,61
openrouter_model_activity,https://openrouter.ai/openai/gpt-5.3-codex-20260224/activity,20260416T082533Z-52dc92f7,2026-04-16T08:25:33.856151Z,,,,,,,,,,13,programming,,,,,,,,,,,,2026-04-15,openai/gpt-5.3-codex-20260224,163078494.0,,,,,,162375408.0,703086.0,2855
openrouter_model_activity,https://openrouter.ai/openai/gpt-5.3-codex-20260224/activity,20260416T082533Z-52dc92f7,2026-04-16T08:25:33.856151Z,,,,,,,,,,26,technology,,,,,,,,,,,,2026-04-15,openai/gpt-5.3-codex-20260224,50723245.0,,,,,,50411244.0,312001.0,996
openrouter_model_activity,https://openrouter.ai/openai/gpt-5.4-20260305/activity,20260416T082533Z-52dc92f7,2026-04-16T08:25:33.856151Z,,,,,,,,,,9,academia,,,,,,,,,,,,2026-04-15,openai/gpt-5.4-20260305,12204011.0,,,,,,11524002.0,680009.0,949
openrouter_model_activity,https://openrouter.ai/openai/gpt-5.4-20260305/activity,20260416T082533Z-52dc92f7,2026-04-16T08:25:33.856151Z,,,,,,,,,,24,finance,,,,,,,,,,,,2026-04-15,openai/gpt-5.4-20260305,8302360.0,,,,,,7998433.0,303927.0,743
openrouter_model_activity,https://openrouter.ai/openai/gpt-5.4-20260305/activity,20260416T082533Z-52dc92f7,2026-04-16T08:25:33.856151Z,,,,,,,,,,11,health,,,,,,,,,,,,2026-04-15,openai/gpt-5.4-20260305,5959116.0,,,,,,5452801.0,506315.0,1073
openrouter_model_activity,https://openrouter.ai/openai/gpt-5.4-20260305/activity,20260416T082533Z-52dc92f7,2026-04-16T08:25:33.856151Z,,,,,,,,,,15,legal,,,,,,,,,,,,2026-04-15,openai/gpt-5.4-20260305,4088124.0,,,,,,3849354.0,238770.0,341
openrouter_model_activity,https://openrouter.ai/openai/gpt-5.4-20260305/activity,20260416T082533Z-52dc92f7,2026-04-16T08:25:33.856151Z,,,,,,,,,,9,marketing,,,,,,,,,,,,2026-04-15,openai/gpt-5.4-20260305,5089783.0,,,,,,4693081.0,396702.0,349
openrouter_model_activity,https://openrouter.ai/openai/gpt-5.4-20260305/activity,20260416T082533Z-52dc92f7,2026-04-16T08:25:33.856151Z,,,,,,,,,,26,marketing/seo,,,,,,,,,,,,2026-04-15,openai/gpt-5.4-20260305,541302.0,,,,,,471311.0,69991.0,92
openrouter_model_activity,https://openrouter.ai/openai/gpt-5.4-20260305/activity,20260416T082533Z-52dc92f7,2026-04-16T08:25:33.856151Z,,,,,,,,,,11,programming,,,,,,,,,,,,2026-04-15,openai/gpt-5.4-20260305,305975690.0,,,,,,303076913.0,2898777.0,5634
openrouter_model_activity,https://openrouter.ai/openai/gpt-5.4-20260305/activity,20260416T082533Z-52dc92f7,2026-04-16T08:25:33.856151Z,,,,,,,,,,46,roleplay,,,,,,,,,,,,2026-04-15,openai/gpt-5.4-20260305,8553339.0,,,,,,8186011.0,367328.0,923
openrouter_model_activity,https://openrouter.ai/openai/gpt-5.4-20260305/activity,20260416T082533Z-52dc92f7,2026-04-16T08:25:33.856151Z,,,,,,,,,,12,science,,,,,,,,,,,,2026-04-15,openai/gpt-5.4-20260305,42106698.0,,,,,,40532400.0,1574298.0,2666
openrouter_model_activity,https://openrouter.ai/openai/gpt-5.4-20260305/activity,20260416T082533Z-52dc92f7,2026-04-16T08:25:33.856151Z,,,,,,,,,,14,technology,,,,,,,,,,,,2026-04-15,openai/gpt-5.4-20260305,124445585.0,,,,,,122111528.0,2334057.0,4523
openrouter_model_activity,https://openrouter.ai/openai/gpt-5.4-20260305/activity,20260416T082533Z-52dc92f7,2026-04-16T08:25:33.856151Z,,,,,,,,,,29,translation,,,,,,,,,,,,2026-04-15,openai/gpt-5.4-20260305,1734583.0,,,,,,1625305.0,109278.0,588
openrouter_model_activity,https://openrouter.ai/openai/gpt-5.4-20260305/activity,20260416T082533Z-52dc92f7,2026-04-16T08:25:33.856151Z,,,,,,,,,,19,trivia,,,,,,,,,,,,2026-04-15,openai/gpt-5.4-20260305,586812.0,,,,,,556483.0,30329.0,284
openrouter_model_activity,https://openrouter.ai/openai/gpt-5.4-mini-20260317/activity,20260416T082533Z-52dc92f7,2026-04-16T08:25:33.856151Z,,,,,,,,,,29,academia,,,,,,,,,,,,2026-04-15,openai/gpt-5.4-mini-20260317,3604137.0,,,,,,3169597.0,434540.0,855
openrouter_model_activity,https://openrouter.ai/openai/gpt-5.4-mini-20260317/activity,20260416T082533Z-52dc92f7,2026-04-16T08:25:33.856151Z,,,,,,,,,,38,finance,,,,,,,,,,,,2026-04-15,openai/gpt-5.4-mini-20260317,4025990.0,,,,,,3822850.0,203140.0,833
openrouter_model_activity,https://openrouter.ai/openai/gpt-5.4-mini-20260317/activity,20260416T082533Z-52dc92f7,2026-04-16T08:25:33.856151Z,,,,,,,,,,32,health,,,,,,,,,,,,2026-04-15,openai/gpt-5.4-mini-20260317,1510324.0,,,,,,1333985.0,176339.0,636
openrouter_model_activity,https://openrouter.ai/openai/gpt-5.4-mini-20260317/activity,20260416T082533Z-52dc92f7,2026-04-16T08:25:33.856151Z,,,,,,,,,,24,legal,,,,,,,,,,,,2026-04-15,openai/gpt-5.4-mini-20260317,2009710.0,,,,,,1798685.0,211025.0,448
openrouter_model_activity,https://openrouter.ai/openai/gpt-5.4-mini-20260317/activity,20260416T082533Z-52dc92f7,2026-04-16T08:25:33.856151Z,,,,,,,,,,31,marketing,,,,,,,,,,,,2026-04-15,openai/gpt-5.4-mini-20260317,1113318.0,,,,,,999336.0,113982.0,329
openrouter_model_activity,https://openrouter.ai/openai/gpt-5.4-mini-20260317/activity,20260416T082533Z-52dc92f7,2026-04-16T08:25:33.856151Z,,,,,,,,,,30,marketing/seo,,,,,,,,,,,,2026-04-15,openai/gpt-5.4-mini-20260317,432219.0,,,,,,359513.0,72706.0,111
openrouter_model_activity,https://openrouter.ai/openai/gpt-5.4-mini-20260317/activity,20260416T082533Z-52dc92f7,2026-04-16T08:25:33.856151Z,,,,,,,,,,25,programming,,,,,,,,,,,,2026-04-15,openai/gpt-5.4-mini-20260317,41205530.0,,,,,,40482355.0,723175.0,2392
openrouter_model_activity,https://openrouter.ai/openai/gpt-5.4-mini-20260317/activity,20260416T082533Z-52dc92f7,2026-04-16T08:25:33.856151Z,,,,,,,,,,36,science,,,,,,,,,,,,2026-04-15,openai/gpt-5.4-mini-20260317,13625379.0,,,,,,13018180.0,607199.0,2981
openrouter_model_activity,https://openrouter.ai/openai/gpt-5.4-mini-20260317/activity,20260416T082533Z-52dc92f7,2026-04-16T08:25:33.856151Z,,,,,,,,,,29,technology,,,,,,,,,,,,2026-04-15,openai/gpt-5.4-mini-20260317,44640364.0,,,,,,43397929.0,1242435.0,5291
openrouter_model_activity,https://openrouter.ai/openai/gpt-5.4-mini-20260317/activity,20260416T082533Z-52dc92f7,2026-04-16T08:25:33.856151Z,,,,,,,,,,37,translation,,,,,,,,,,,,2026-04-15,openai/gpt-5.4-mini-20260317,1135912.0,,,,,,814938.0,320974.0,1103
openrouter_model_activity,https://openrouter.ai/openai/gpt-5.4-mini-20260317/activity,20260416T082533Z-52dc92f7,2026-04-16T08:25:33.856151Z,,,,,,,,,,40,trivia,,,,,,,,,,,,2026-04-15,openai/gpt-5.4-mini-20260317,151481.0,,,,,,140131.0,11350.0,208
openrouter_model_activity,https://openrouter.ai/openai/gpt-5.4-nano-20260317/activity,20260416T082533Z-52dc92f7,2026-04-16T08:25:33.856151Z,,,,,,,,,,19,academia,,,,,,,,,,,,2026-04-15,openai/gpt-5.4-nano-20260317,6349262.0,,,,,,5701236.0,648026.0,1290
openrouter_model_activity,https://openrouter.ai/openai/gpt-5.4-nano-20260317/activity,20260416T082533Z-52dc92f7,2026-04-16T08:25:33.856151Z,,,,,,,,,,26,finance,,,,,,,,,,,,2026-04-15,openai/gpt-5.4-nano-20260317,6664039.0,,,,,,6432887.0,231152.0,1714
openrouter_model_activity,https://openrouter.ai/openai/gpt-5.4-nano-20260317/activity,20260416T082533Z-52dc92f7,2026-04-16T08:25:33.856151Z,,,,,,,,,,23,health,,,,,,,,,,,,2026-04-15,openai/gpt-5.4-nano-20260317,2453461.0,,,,,,2265361.0,188100.0,765
openrouter_model_activity,https://openrouter.ai/openai/gpt-5.4-nano-20260317/activity,20260416T082533Z-52dc92f7,2026-04-16T08:25:33.856151Z,,,,,,,,,,20,legal,,,,,,,,,,,,2026-04-15,openai/gpt-5.4-nano-20260317,2637142.0,,,,,,2518110.0,119032.0,566
openrouter_model_activity,https://openrouter.ai/openai/gpt-5.4-nano-20260317/activity,20260416T082533Z-52dc92f7,2026-04-16T08:25:33.856151Z,,,,,,,,,,25,marketing,,,,,,,,,,,,2026-04-15,openai/gpt-5.4-nano-20260317,1302963.0,,,,,,1235195.0,67768.0,483
openrouter_model_activity,https://openrouter.ai/openai/gpt-5.4-nano-20260317/activity,20260416T082533Z-52dc92f7,2026-04-16T08:25:33.856151Z,,,,,,,,,,34,marketing/seo,,,,,,,,,,,,2026-04-15,openai/gpt-5.4-nano-20260317,289500.0,,,,,,262150.0,27350.0,207
openrouter_model_activity,https://openrouter.ai/openai/gpt-5.4-nano-20260317/activity,20260416T082533Z-52dc92f7,2026-04-16T08:25:33.856151Z,,,,,,,,,,15,programming,,,,,,,,,,,,2026-04-15,openai/gpt-5.4-nano-20260317,115859556.0,,,,,,114377714.0,1481842.0,5847
openrouter_model_activity,https://openrouter.ai/openai/gpt-5.4-nano-20260317/activity,20260416T082533Z-52dc92f7,2026-04-16T08:25:33.856151Z,,,,,,,,,,31,science,,,,,,,,,,,,2026-04-15,openai/gpt-5.4-nano-20260317,15854322.0,,,,,,14896703.0,957619.0,2587
openrouter_model_activity,https://openrouter.ai/openai/gpt-5.4-nano-20260317/activity,20260416T082533Z-52dc92f7,2026-04-16T08:25:33.856151Z,,,,,,,,,,36,technology,,,,,,,,,,,,2026-04-15,openai/gpt-5.4-nano-20260317,28764426.0,,,,,,27969176.0,795250.0,4355
openrouter_model_activity,https://openrouter.ai/openai/gpt-5.4-nano-20260317/activity,20260416T082533Z-52dc92f7,2026-04-16T08:25:33.856151Z,,,,,,,,,,15,translation,,,,,,,,,,,,2026-04-15,openai/gpt-5.4-nano-20260317,4907664.0,,,,,,4346976.0,560688.0,1479
openrouter_model_activity,https://openrouter.ai/openai/gpt-5.4-nano-20260317/activity,20260416T082533Z-52dc92f7,2026-04-16T08:25:33.856151Z,,,,,,,,,,42,trivia,,,,,,,,,,,,2026-04-15,openai/gpt-5.4-nano-20260317,141692.0,,,,,,130792.0,10900.0,125
openrouter_model_activity,https://openrouter.ai/openrouter/elephant-alpha/activity,20260416T082533Z-52dc92f7,2026-04-16T08:25:33.856151Z,,,,,,,,,,43,academia,,,,,,,,,,,,2026-04-15,openrouter/elephant-alpha,1273660.0,,,,,,1144845.0,128815.0,415
openrouter_model_activity,https://openrouter.ai/openrouter/elephant-alpha/activity,20260416T082533Z-52dc92f7,2026-04-16T08:25:33.856151Z,,,,,,,,,,28,finance,,,,,,,,,,,,2026-04-15,openrouter/elephant-alpha,6300993.0,,,,,,6175790.0,125203.0,484
openrouter_model_activity,https://openrouter.ai/openrouter/elephant-alpha/activity,20260416T082533Z-52dc92f7,2026-04-16T08:25:33.856151Z,,,,,,,,,,37,legal,,,,,,,,,,,,2026-04-15,openrouter/elephant-alpha,1270594.0,,,,,,1173957.0,96637.0,649
openrouter_model_activity,https://openrouter.ai/openrouter/elephant-alpha/activity,20260416T082533Z-52dc92f7,2026-04-16T08:25:33.856151Z,,,,,,,,,,16,programming,,,,,,,,,,,,2026-04-15,openrouter/elephant-alpha,107497437.0,,,,,,106600239.0,897198.0,2800
openrouter_model_activity,https://openrouter.ai/openrouter/elephant-alpha/activity,20260416T082533Z-52dc92f7,2026-04-16T08:25:33.856151Z,,,,,,,,,,42,science,,,,,,,,,,,,2026-04-15,openrouter/elephant-alpha,8696392.0,,,,,,8352420.0,343972.0,500
openrouter_model_activity,https://openrouter.ai/openrouter/elephant-alpha/activity,20260416T082533Z-52dc92f7,2026-04-16T08:25:33.856151Z,,,,,,,,,,38,technology,,,,,,,,,,,,2026-04-15,openrouter/elephant-alpha,27395419.0,,,,,,27168630.0,226789.0,841
openrouter_model_activity,https://openrouter.ai/qwen/qwen3-coder-next-2025-02-03/activity,20260416T082533Z-52dc92f7,2026-04-16T08:25:33.856151Z,,,,,,,,,,32,programming,,,,,,,,,,,,2026-04-15,qwen/qwen3-coder-next-2025-02-03,29470230.0,,,,,,29274357.0,195873.0,609
openrouter_model_activity,https://openrouter.ai/qwen/qwen3-coder-next-2025-02-03/activity,20260416T082533Z-52dc92f7,2026-04-16T08:25:33.856151Z,,,,,,,,,,35,technology,,,,,,,,,,,,2026-04-15,qwen/qwen3-coder-next-2025-02-03,29813731.0,,,,,,29672027.0,141704.0,517
openrouter_model_activity,https://openrouter.ai/qwen/qwen3.5-27b-20260224/activity,20260416T082533Z-52dc92f7,2026-04-16T08:25:33.856151Z,,,,,,,,,,41,health,,,,,,,,,,,,2026-04-15,qwen/qwen3.5-27b-20260224,1119600.0,,,,,,917900.0,201700.0,506
openrouter_model_activity,https://openrouter.ai/qwen/qwen3.5-35b-a3b-20260224/activity,20260416T082533Z-52dc92f7,2026-04-16T08:25:33.856151Z,,,,,,,,,,50,programming,,,,,,,,,,,,2026-04-15,qwen/qwen3.5-35b-a3b-20260224,12846106.0,,,,,,12026273.0,819833.0,886
openrouter_model_activity,https://openrouter.ai/qwen/qwen3.5-35b-a3b-20260224/activity,20260416T082533Z-52dc92f7,2026-04-16T08:25:33.856151Z,,,,,,,,,,45,science,,,,,,,,,,,,2026-04-15,qwen/qwen3.5-35b-a3b-20260224,8278963.0,,,,,,7677672.0,601291.0,556
openrouter_model_activity,https://openrouter.ai/qwen/qwen3.5-35b-a3b-20260224/activity,20260416T082533Z-52dc92f7,2026-04-16T08:25:33.856151Z,,,,,,,,,,46,translation,,,,,,,,,,,,2026-04-15,qwen/qwen3.5-35b-a3b-20260224,660143.0,,,,,,419782.0,240361.0,266
openrouter_model_activity,https://openrouter.ai/qwen/qwen3.5-397b-a17b-20260216/activity,20260416T082533Z-52dc92f7,2026-04-16T08:25:33.856151Z,,,,,,,,,,30,academia,,,,,,,,,,,,2026-04-15,qwen/qwen3.5-397b-a17b-20260216,3431893.0,,,,,,1514712.0,1917181.0,319
openrouter_model_activity,https://openrouter.ai/qwen/qwen3.5-397b-a17b-20260216/activity,20260416T082533Z-52dc92f7,2026-04-16T08:25:33.856151Z,,,,,,,,,,29,finance,,,,,,,,,,,,2026-04-15,qwen/qwen3.5-397b-a17b-20260216,6149100.0,,,,,,5610000.0,539100.0,394
openrouter_model_activity,https://openrouter.ai/qwen/qwen3.5-397b-a17b-20260216/activity,20260416T082533Z-52dc92f7,2026-04-16T08:25:33.856151Z,,,,,,,,,,34,health,,,,,,,,,,,,2026-04-15,qwen/qwen3.5-397b-a17b-20260216,1473988.0,,,,,,992500.0,481488.0,242
openrouter_model_activity,https://openrouter.ai/qwen/qwen3.5-397b-a17b-20260216/activity,20260416T082533Z-52dc92f7,2026-04-16T08:25:33.856151Z,,,,,,,,,,42,legal,,,,,,,,,,,,2026-04-15,qwen/qwen3.5-397b-a17b-20260216,959429.0,,,,,,820272.0,139157.0,96
openrouter_model_activity,https://openrouter.ai/qwen/qwen3.5-397b-a17b-20260216/activity,20260416T082533Z-52dc92f7,2026-04-16T08:25:33.856151Z,,,,,,,,,,43,programming,,,,,,,,,,,,2026-04-15,qwen/qwen3.5-397b-a17b-20260216,14838771.0,,,,,,13569381.0,1269390.0,837
openrouter_model_activity,https://openrouter.ai/qwen/qwen3.5-397b-a17b-20260216/activity,20260416T082533Z-52dc92f7,2026-04-16T08:25:33.856151Z,,,,,,,,,,32,science,,,,,,,,,,,,2026-04-15,qwen/qwen3.5-397b-a17b-20260216,15763282.0,,,,,,7492033.0,8271249.0,1671
openrouter_model_activity,https://openrouter.ai/qwen/qwen3.5-397b-a17b-20260216/activity,20260416T082533Z-52dc92f7,2026-04-16T08:25:33.856151Z,,,,,,,,,,20,trivia,,,,,,,,,,,,2026-04-15,qwen/qwen3.5-397b-a17b-20260216,538200.0,,,,,,75450.0,462750.0,146
openrouter_model_activity,https://openrouter.ai/qwen/qwen3.5-9b-20260310/activity,20260416T082533Z-52dc92f7,2026-04-16T08:25:33.856151Z,,,,,,,,,,46,academia,,,,,,,,,,,,2026-04-15,qwen/qwen3.5-9b-20260310,1153800.0,,,,,,527100.0,626700.0,774
openrouter_model_activity,https://openrouter.ai/qwen/qwen3.5-9b-20260310/activity,20260416T082533Z-52dc92f7,2026-04-16T08:25:33.856151Z,,,,,,,,,,9,finance,,,,,,,,,,,,2026-04-15,qwen/qwen3.5-9b-20260310,22606450.0,,,,,,19692150.0,2914300.0,1466
openrouter_model_activity,https://openrouter.ai/qwen/qwen3.5-9b-20260310/activity,20260416T082533Z-52dc92f7,2026-04-16T08:25:33.856151Z,,,,,,,,,,17,health,,,,,,,,,,,,2026-04-15,qwen/qwen3.5-9b-20260310,4438150.0,,,,,,4352250.0,85900.0,3202
openrouter_model_activity,https://openrouter.ai/qwen/qwen3.5-9b-20260310/activity,20260416T082533Z-52dc92f7,2026-04-16T08:25:33.856151Z,,,,,,,,,,18,science,,,,,,,,,,,,2026-04-15,qwen/qwen3.5-9b-20260310,31932883.0,,,,,,30698626.0,1234257.0,8752
openrouter_model_activity,https://openrouter.ai/qwen/qwen3.5-9b-20260310/activity,20260416T082533Z-52dc92f7,2026-04-16T08:25:33.856151Z,,,,,,,,,,19,translation,,,,,,,,,,,,2026-04-15,qwen/qwen3.5-9b-20260310,3817907.0,,,,,,3562208.0,255699.0,3625
openrouter_model_activity,https://openrouter.ai/qwen/qwen3.5-9b-20260310/activity,20260416T082533Z-52dc92f7,2026-04-16T08:25:33.856151Z,,,,,,,,,,21,trivia,,,,,,,,,,,,2026-04-15,qwen/qwen3.5-9b-20260310,500524.0,,,,,,50010.0,450514.0,211
openrouter_model_activity,https://openrouter.ai/qwen/qwen3.5-flash-20260224/activity,20260416T082533Z-52dc92f7,2026-04-16T08:25:33.856151Z,,,,,,,,,,35,academia,,,,,,,,,,,,2026-04-15,qwen/qwen3.5-flash-20260224,1866500.0,,,,,,1160100.0,706400.0,331
openrouter_model_activity,https://openrouter.ai/qwen/qwen3.5-flash-20260224/activity,20260416T082533Z-52dc92f7,2026-04-16T08:25:33.856151Z,,,,,,,,,,36,finance,,,,,,,,,,,,2026-04-15,qwen/qwen3.5-flash-20260224,4478898.0,,,,,,3342877.0,1136021.0,738
openrouter_model_activity,https://openrouter.ai/qwen/qwen3.5-flash-20260224/activity,20260416T082533Z-52dc92f7,2026-04-16T08:25:33.856151Z,,,,,,,,,,49,health,,,,,,,,,,,,2026-04-15,qwen/qwen3.5-flash-20260224,913972.0,,,,,,509745.0,404227.0,600
openrouter_model_activity,https://openrouter.ai/qwen/qwen3.5-flash-20260224/activity,20260416T082533Z-52dc92f7,2026-04-16T08:25:33.856151Z,,,,,,,,,,48,legal,,,,,,,,,,,,2026-04-15,qwen/qwen3.5-flash-20260224,813651.0,,,,,,649373.0,164278.0,229
openrouter_model_activity,https://openrouter.ai/qwen/qwen3.5-flash-20260224/activity,20260416T082533Z-52dc92f7,2026-04-16T08:25:33.856151Z,,,,,,,,,,35,marketing,,,,,,,,,,,,2026-04-15,qwen/qwen3.5-flash-20260224,806548.0,,,,,,471710.0,334838.0,138
openrouter_model_activity,https://openrouter.ai/qwen/qwen3.5-flash-20260224/activity,20260416T082533Z-52dc92f7,2026-04-16T08:25:33.856151Z,,,,,,,,,,37,programming,,,,,,,,,,,,2026-04-15,qwen/qwen3.5-flash-20260224,20406364.0,,,,,,19774789.0,631575.0,638
openrouter_model_activity,https://openrouter.ai/qwen/qwen3.5-flash-20260224/activity,20260416T082533Z-52dc92f7,2026-04-16T08:25:33.856151Z,,,,,,,,,,41,roleplay,,,,,,,,,,,,2026-04-15,qwen/qwen3.5-flash-20260224,9327108.0,,,,,,8207909.0,1119199.0,1564
openrouter_model_activity,https://openrouter.ai/qwen/qwen3.5-flash-20260224/activity,20260416T082533Z-52dc92f7,2026-04-16T08:25:33.856151Z,,,,,,,,,,40,science,,,,,,,,,,,,2026-04-15,qwen/qwen3.5-flash-20260224,9885066.0,,,,,,7306380.0,2578686.0,1274
openrouter_model_activity,https://openrouter.ai/qwen/qwen3.5-flash-20260224/activity,20260416T082533Z-52dc92f7,2026-04-16T08:25:33.856151Z,,,,,,,,,,34,technology,,,,,,,,,,,,2026-04-15,qwen/qwen3.5-flash-20260224,31580797.0,,,,,,27459405.0,4121392.0,5023
openrouter_model_activity,https://openrouter.ai/qwen/qwen3.5-flash-20260224/activity,20260416T082533Z-52dc92f7,2026-04-16T08:25:33.856151Z,,,,,,,,,,4,translation,,,,,,,,,,,,2026-04-15,qwen/qwen3.5-flash-20260224,17175667.0,,,,,,14335774.0,2839893.0,6043
openrouter_model_activity,https://openrouter.ai/qwen/qwen3.5-flash-20260224/activity,20260416T082533Z-52dc92f7,2026-04-16T08:25:33.856151Z,,,,,,,,,,41,trivia,,,,,,,,,,,,2026-04-15,qwen/qwen3.5-flash-20260224,144898.0,,,,,,53858.0,91040.0,322
openrouter_model_activity,https://openrouter.ai/qwen/qwen3.5-plus-20260216/activity,20260416T082533Z-52dc92f7,2026-04-16T08:25:33.856151Z,,,,,,,,,,44,academia,,,,,,,,,,,,2026-04-15,qwen/qwen3.5-plus-20260216,1216517.0,,,,,,1093333.0,123184.0,400
openrouter_model_activity,https://openrouter.ai/qwen/qwen3.6-plus-04-02/activity,20260416T082533Z-52dc92f7,2026-04-16T08:25:33.856151Z,,,,,,,,,,28,academia,,,,,,,,,,,,2026-04-15,qwen/qwen3.6-plus-04-02,3681118.0,,,,,,3037864.0,643254.0,266
openrouter_model_activity,https://openrouter.ai/qwen/qwen3.6-plus-04-02/activity,20260416T082533Z-52dc92f7,2026-04-16T08:25:33.856151Z,,,,,,,,,,18,finance,,,,,,,,,,,,2026-04-15,qwen/qwen3.6-plus-04-02,13405995.0,,,,,,12575206.0,830789.0,502
openrouter_model_activity,https://openrouter.ai/qwen/qwen3.6-plus-04-02/activity,20260416T082533Z-52dc92f7,2026-04-16T08:25:33.856151Z,,,,,,,,,,21,health,,,,,,,,,,,,2026-04-15,qwen/qwen3.6-plus-04-02,2654262.0,,,,,,1688976.0,965286.0,430
openrouter_model_activity,https://openrouter.ai/qwen/qwen3.6-plus-04-02/activity,20260416T082533Z-52dc92f7,2026-04-16T08:25:33.856151Z,,,,,,,,,,7,legal,,,,,,,,,,,,2026-04-15,qwen/qwen3.6-plus-04-02,7357871.0,,,,,,4595424.0,2762447.0,530
openrouter_model_activity,https://openrouter.ai/qwen/qwen3.6-plus-04-02/activity,20260416T082533Z-52dc92f7,2026-04-16T08:25:33.856151Z,,,,,,,,,,30,marketing,,,,,,,,,,,,2026-04-15,qwen/qwen3.6-plus-04-02,1117569.0,,,,,,797917.0,319652.0,80
openrouter_model_activity,https://openrouter.ai/qwen/qwen3.6-plus-04-02/activity,20260416T082533Z-52dc92f7,2026-04-16T08:25:33.856151Z,,,,,,,,,,25,marketing/seo,,,,,,,,,,,,2026-04-15,qwen/qwen3.6-plus-04-02,549050.0,,,,,,399350.0,149700.0,27
openrouter_model_activity,https://openrouter.ai/qwen/qwen3.6-plus-04-02/activity,20260416T082533Z-52dc92f7,2026-04-16T08:25:33.856151Z,,,,,,,,,,12,programming,,,,,,,,,,,,2026-04-15,qwen/qwen3.6-plus-04-02,178116584.0,,,,,,175786337.0,2330247.0,2786
openrouter_model_activity,https://openrouter.ai/qwen/qwen3.6-plus-04-02/activity,20260416T082533Z-52dc92f7,2026-04-16T08:25:33.856151Z,,,,,,,,,,24,science,,,,,,,,,,,,2026-04-15,qwen/qwen3.6-plus-04-02,24959525.0,,,,,,23426918.0,1532607.0,803
openrouter_model_activity,https://openrouter.ai/qwen/qwen3.6-plus-04-02/activity,20260416T082533Z-52dc92f7,2026-04-16T08:25:33.856151Z,,,,,,,,,,22,technology,,,,,,,,,,,,2026-04-15,qwen/qwen3.6-plus-04-02,74585771.0,,,,,,68362205.0,6223566.0,2692
openrouter_model_activity,https://openrouter.ai/qwen/qwen3.6-plus-04-02/activity,20260416T082533Z-52dc92f7,2026-04-16T08:25:33.856151Z,,,,,,,,,,43,translation,,,,,,,,,,,,2026-04-15,qwen/qwen3.6-plus-04-02,818082.0,,,,,,446208.0,371874.0,126
openrouter_model_activity,https://openrouter.ai/qwen/qwen3.6-plus-04-02/activity,20260416T082533Z-52dc92f7,2026-04-16T08:25:33.856151Z,,,,,,,,,,7,trivia,,,,,,,,,,,,2026-04-15,qwen/qwen3.6-plus-04-02,1688191.0,,,,,,1220038.0,468153.0,423
openrouter_model_activity,https://openrouter.ai/stepfun/step-3.5-flash/activity,20260416T082533Z-52dc92f7,2026-04-16T08:25:33.856151Z,,,,,,,,,,37,finance,,,,,,,,,,,,2026-04-15,stepfun/step-3.5-flash,4038057.0,,,,,,3448620.0,589437.0,122
openrouter_model_activity,https://openrouter.ai/stepfun/step-3.5-flash/activity,20260416T082533Z-52dc92f7,2026-04-16T08:25:33.856151Z,,,,,,,,,,49,legal,,,,,,,,,,,,2026-04-15,stepfun/step-3.5-flash,806724.0,,,,,,727325.0,79399.0,28
openrouter_model_activity,https://openrouter.ai/stepfun/step-3.5-flash/activity,20260416T082533Z-52dc92f7,2026-04-16T08:25:33.856151Z,,,,,,,,,,32,marketing/seo,,,,,,,,,,,,2026-04-15,stepfun/step-3.5-flash,416450.0,,,,,,16050.0,400400.0,87
openrouter_model_activity,https://openrouter.ai/stepfun/step-3.5-flash/activity,20260416T082533Z-52dc92f7,2026-04-16T08:25:33.856151Z,,,,,,,,,,19,programming,,,,,,,,,,,,2026-04-15,stepfun/step-3.5-flash,82361435.0,,,,,,80574975.0,1786460.0,1661
openrouter_model_activity,https://openrouter.ai/stepfun/step-3.5-flash/activity,20260416T082533Z-52dc92f7,2026-04-16T08:25:33.856151Z,,,,,,,,,,27,science,,,,,,,,,,,,2026-04-15,stepfun/step-3.5-flash,23252926.0,,,,,,22234451.0,1018475.0,649
openrouter_model_activity,https://openrouter.ai/stepfun/step-3.5-flash/activity,20260416T082533Z-52dc92f7,2026-04-16T08:25:33.856151Z,,,,,,,,,,41,technology,,,,,,,,,,,,2026-04-15,stepfun/step-3.5-flash,22822330.0,,,,,,21801806.0,1020524.0,715
openrouter_model_activity,https://openrouter.ai/stepfun/step-3.5-flash/activity,20260416T082533Z-52dc92f7,2026-04-16T08:25:33.856151Z,,,,,,,,,,12,translation,,,,,,,,,,,,2026-04-15,stepfun/step-3.5-flash,7910711.0,,,,,,7118613.0,792098.0,18572
openrouter_model_activity,https://openrouter.ai/x-ai/grok-4.20-20260309/activity,20260416T082533Z-52dc92f7,2026-04-16T08:25:33.856151Z,,,,,,,,,,44,legal,,,,,,,,,,,,2026-04-15,x-ai/grok-4.20-20260309,883150.0,,,,,,794150.0,89000.0,59
openrouter_model_activity,https://openrouter.ai/x-ai/grok-4.20-20260309/activity,20260416T082533Z-52dc92f7,2026-04-16T08:25:33.856151Z,,,,,,,,,,31,programming,,,,,,,,,,,,2026-04-15,x-ai/grok-4.20-20260309,30027177.0,,,,,,29802397.0,224780.0,425
openrouter_model_activity,https://openrouter.ai/x-ai/grok-4.20-20260309/activity,20260416T082533Z-52dc92f7,2026-04-16T08:25:33.856151Z,,,,,,,,,,47,roleplay,,,,,,,,,,,,2026-04-15,x-ai/grok-4.20-20260309,8457323.0,,,,,,8179808.0,277515.0,582
openrouter_model_activity,https://openrouter.ai/x-ai/grok-4.20-20260309/activity,20260416T082533Z-52dc92f7,2026-04-16T08:25:33.856151Z,,,,,,,,,,27,technology,,,,,,,,,,,,2026-04-15,x-ai/grok-4.20-20260309,49849751.0,,,,,,49466245.0,383506.0,668
openrouter_model_activity,https://openrouter.ai/xiaomi/mimo-v2-flash-20251210/activity,20260416T082533Z-52dc92f7,2026-04-16T08:25:33.856151Z,,,,,,,,,,36,academia,,,,,,,,,,,,2026-04-15,xiaomi/mimo-v2-flash-20251210,1799329.0,,,,,,1427417.0,371912.0,304
openrouter_model_activity,https://openrouter.ai/xiaomi/mimo-v2-flash-20251210/activity,20260416T082533Z-52dc92f7,2026-04-16T08:25:33.856151Z,,,,,,,,,,21,finance,,,,,,,,,,,,2026-04-15,xiaomi/mimo-v2-flash-20251210,9454563.0,,,,,,9049287.0,405276.0,946
openrouter_model_activity,https://openrouter.ai/xiaomi/mimo-v2-flash-20251210/activity,20260416T082533Z-52dc92f7,2026-04-16T08:25:33.856151Z,,,,,,,,,,22,health,,,,,,,,,,,,2026-04-15,xiaomi/mimo-v2-flash-20251210,2596826.0,,,,,,1793030.0,803796.0,436
openrouter_model_activity,https://openrouter.ai/xiaomi/mimo-v2-flash-20251210/activity,20260416T082533Z-52dc92f7,2026-04-16T08:25:33.856151Z,,,,,,,,,,13,legal,,,,,,,,,,,,2026-04-15,xiaomi/mimo-v2-flash-20251210,4754636.0,,,,,,3642489.0,1112147.0,728
openrouter_model_activity,https://openrouter.ai/xiaomi/mimo-v2-flash-20251210/activity,20260416T082533Z-52dc92f7,2026-04-16T08:25:33.856151Z,,,,,,,,,,42,marketing,,,,,,,,,,,,2026-04-15,xiaomi/mimo-v2-flash-20251210,524597.0,,,,,,324939.0,199658.0,107
openrouter_model_activity,https://openrouter.ai/xiaomi/mimo-v2-flash-20251210/activity,20260416T082533Z-52dc92f7,2026-04-16T08:25:33.856151Z,,,,,,,,,,27,programming,,,,,,,,,,,,2026-04-15,xiaomi/mimo-v2-flash-20251210,34205990.0,,,,,,33841053.0,364937.0,929
openrouter_model_activity,https://openrouter.ai/xiaomi/mimo-v2-flash-20251210/activity,20260416T082533Z-52dc92f7,2026-04-16T08:25:33.856151Z,,,,,,,,,,20,roleplay,,,,,,,,,,,,2026-04-15,xiaomi/mimo-v2-flash-20251210,33474630.0,,,,,,32061448.0,1413182.0,4202
openrouter_model_activity,https://openrouter.ai/xiaomi/mimo-v2-flash-20251210/activity,20260416T082533Z-52dc92f7,2026-04-16T08:25:33.856151Z,,,,,,,,,,33,science,,,,,,,,,,,,2026-04-15,xiaomi/mimo-v2-flash-20251210,14860343.0,,,,,,14193321.0,667022.0,1236
openrouter_model_activity,https://openrouter.ai/xiaomi/mimo-v2-flash-20251210/activity,20260416T082533Z-52dc92f7,2026-04-16T08:25:33.856151Z,,,,,,,,,,30,technology,,,,,,,,,,,,2026-04-15,xiaomi/mimo-v2-flash-20251210,44077456.0,,,,,,42747307.0,1330149.0,2885
openrouter_model_activity,https://openrouter.ai/xiaomi/mimo-v2-flash-20251210/activity,20260416T082533Z-52dc92f7,2026-04-16T08:25:33.856151Z,,,,,,,,,,42,translation,,,,,,,,,,,,2026-04-15,xiaomi/mimo-v2-flash-20251210,825706.0,,,,,,608589.0,217117.0,372
openrouter_model_activity,https://openrouter.ai/xiaomi/mimo-v2-omni-20260318/activity,20260416T082533Z-52dc92f7,2026-04-16T08:25:33.856151Z,,,,,,,,,,33,programming,,,,,,,,,,,,2026-04-15,xiaomi/mimo-v2-omni-20260318,28560557.0,,,,,,28422807.0,137750.0,417
openrouter_model_activity,https://openrouter.ai/xiaomi/mimo-v2-omni-20260318/activity,20260416T082533Z-52dc92f7,2026-04-16T08:25:33.856151Z,,,,,,,,,,50,technology,,,,,,,,,,,,2026-04-15,xiaomi/mimo-v2-omni-20260318,14767825.0,,,,,,13872250.0,895575.0,903
openrouter_model_activity,https://openrouter.ai/xiaomi/mimo-v2-pro-20260318/activity,20260416T082533Z-52dc92f7,2026-04-16T08:25:33.856151Z,,,,,,,,,,18,academia,,,,,,,,,,,,2026-04-15,xiaomi/mimo-v2-pro-20260318,6365080.0,,,,,,6175133.0,189947.0,216
openrouter_model_activity,https://openrouter.ai/xiaomi/mimo-v2-pro-20260318/activity,20260416T082533Z-52dc92f7,2026-04-16T08:25:33.856151Z,,,,,,,,,,8,finance,,,,,,,,,,,,2026-04-15,xiaomi/mimo-v2-pro-20260318,23530063.0,,,,,,23376037.0,154026.0,318
openrouter_model_activity,https://openrouter.ai/xiaomi/mimo-v2-pro-20260318/activity,20260416T082533Z-52dc92f7,2026-04-16T08:25:33.856151Z,,,,,,,,,,29,health,,,,,,,,,,,,2026-04-15,xiaomi/mimo-v2-pro-20260318,1625270.0,,,,,,1603894.0,21376.0,30
openrouter_model_activity,https://openrouter.ai/xiaomi/mimo-v2-pro-20260318/activity,20260416T082533Z-52dc92f7,2026-04-16T08:25:33.856151Z,,,,,,,,,,29,marketing,,,,,,,,,,,,2026-04-15,xiaomi/mimo-v2-pro-20260318,1158400.0,,,,,,1105500.0,52900.0,54
openrouter_model_activity,https://openrouter.ai/xiaomi/mimo-v2-pro-20260318/activity,20260416T082533Z-52dc92f7,2026-04-16T08:25:33.856151Z,,,,,,,,,,17,marketing/seo,,,,,,,,,,,,2026-04-15,xiaomi/mimo-v2-pro-20260318,934200.0,,,,,,811700.0,122500.0,109
openrouter_model_activity,https://openrouter.ai/xiaomi/mimo-v2-pro-20260318/activity,20260416T082533Z-52dc92f7,2026-04-16T08:25:33.856151Z,,,,,,,,,,14,programming,,,,,,,,,,,,2026-04-15,xiaomi/mimo-v2-pro-20260318,145902754.0,,,,,,144800939.0,1101815.0,2177
openrouter_model_activity,https://openrouter.ai/xiaomi/mimo-v2-pro-20260318/activity,20260416T082533Z-52dc92f7,2026-04-16T08:25:33.856151Z,,,,,,,,,,24,roleplay,,,,,,,,,,,,2026-04-15,xiaomi/mimo-v2-pro-20260318,23903664.0,,,,,,22839085.0,1064579.0,895
openrouter_model_activity,https://openrouter.ai/xiaomi/mimo-v2-pro-20260318/activity,20260416T082533Z-52dc92f7,2026-04-16T08:25:33.856151Z,,,,,,,,,,3,science,,,,,,,,,,,,2026-04-15,xiaomi/mimo-v2-pro-20260318,177069073.0,,,,,,175684753.0,1384320.0,3490
openrouter_model_activity,https://openrouter.ai/xiaomi/mimo-v2-pro-20260318/activity,20260416T082533Z-52dc92f7,2026-04-16T08:25:33.856151Z,,,,,,,,,,7,technology,,,,,,,,,,,,2026-04-15,xiaomi/mimo-v2-pro-20260318,206641756.0,,,,,,205063881.0,1577875.0,4200
openrouter_model_activity,https://openrouter.ai/xiaomi/mimo-v2-pro-20260318/activity,20260416T082533Z-52dc92f7,2026-04-16T08:25:33.856151Z,,,,,,,,,,6,trivia,,,,,,,,,,,,2026-04-15,xiaomi/mimo-v2-pro-20260318,1770150.0,,,,,,1745050.0,25100.0,78
openrouter_model_activity,https://openrouter.ai/z-ai/glm-4.7-20251222/activity,20260416T082533Z-52dc92f7,2026-04-16T08:25:33.856151Z,,,,,,,,,,35,finance,,,,,,,,,,,,2026-04-15,z-ai/glm-4.7-20251222,5255267.0,,,,,,4774104.0,481163.0,331
openrouter_model_activity,https://openrouter.ai/z-ai/glm-4.7-20251222/activity,20260416T082533Z-52dc92f7,2026-04-16T08:25:33.856151Z,,,,,,,,,,23,programming,,,,,,,,,,,,2026-04-15,z-ai/glm-4.7-20251222,51086770.0,,,,,,49753619.0,1333151.0,1842
openrouter_model_activity,https://openrouter.ai/z-ai/glm-4.7-20251222/activity,20260416T082533Z-52dc92f7,2026-04-16T08:25:33.856151Z,,,,,,,,,,15,roleplay,,,,,,,,,,,,2026-04-15,z-ai/glm-4.7-20251222,43805270.0,,,,,,41560146.0,2245124.0,2297
openrouter_model_activity,https://openrouter.ai/z-ai/glm-4.7-20251222/activity,20260416T082533Z-52dc92f7,2026-04-16T08:25:33.856151Z,,,,,,,,,,32,technology,,,,,,,,,,,,2026-04-15,z-ai/glm-4.7-20251222,38620173.0,,,,,,37497682.0,1122491.0,1410
openrouter_model_activity,https://openrouter.ai/z-ai/glm-4.7-flash-20260119/activity,20260416T082533Z-52dc92f7,2026-04-16T08:25:33.856151Z,,,,,,,,,,39,programming,,,,,,,,,,,,2026-04-15,z-ai/glm-4.7-flash-20260119,19698805.0,,,,,,19199102.0,499703.0,666
openrouter_model_activity,https://openrouter.ai/z-ai/glm-5-20260211/activity,20260416T082533Z-52dc92f7,2026-04-16T08:25:33.856151Z,,,,,,,,,,40,academia,,,,,,,,,,,,2026-04-15,z-ai/glm-5-20260211,1539391.0,,,,,,1093975.0,445416.0,160
openrouter_model_activity,https://openrouter.ai/z-ai/glm-5-20260211/activity,20260416T082533Z-52dc92f7,2026-04-16T08:25:33.856151Z,,,,,,,,,,25,finance,,,,,,,,,,,,2026-04-15,z-ai/glm-5-20260211,6826238.0,,,,,,6538528.0,287710.0,339
openrouter_model_activity,https://openrouter.ai/z-ai/glm-5-20260211/activity,20260416T082533Z-52dc92f7,2026-04-16T08:25:33.856151Z,,,,,,,,,,30,health,,,,,,,,,,,,2026-04-15,z-ai/glm-5-20260211,1622408.0,,,,,,1155234.0,467174.0,220
openrouter_model_activity,https://openrouter.ai/z-ai/glm-5-20260211/activity,20260416T082533Z-52dc92f7,2026-04-16T08:25:33.856151Z,,,,,,,,,,38,legal,,,,,,,,,,,,2026-04-15,z-ai/glm-5-20260211,1263146.0,,,,,,1088848.0,174298.0,119
openrouter_model_activity,https://openrouter.ai/z-ai/glm-5-20260211/activity,20260416T082533Z-52dc92f7,2026-04-16T08:25:33.856151Z,,,,,,,,,,38,marketing/seo,,,,,,,,,,,,2026-04-15,z-ai/glm-5-20260211,256617.0,,,,,,195023.0,61594.0,16
openrouter_model_activity,https://openrouter.ai/z-ai/glm-5-20260211/activity,20260416T082533Z-52dc92f7,2026-04-16T08:25:33.856151Z,,,,,,,,,,7,programming,,,,,,,,,,,,2026-04-15,z-ai/glm-5-20260211,423980662.0,,,,,,416482103.0,7498559.0,15126
openrouter_model_activity,https://openrouter.ai/z-ai/glm-5-20260211/activity,20260416T082533Z-52dc92f7,2026-04-16T08:25:33.856151Z,,,,,,,,,,7,roleplay,,,,,,,,,,,,2026-04-15,z-ai/glm-5-20260211,79192269.0,,,,,,74778356.0,4413913.0,6601
openrouter_model_activity,https://openrouter.ai/z-ai/glm-5-20260211/activity,20260416T082533Z-52dc92f7,2026-04-16T08:25:33.856151Z,,,,,,,,,,20,science,,,,,,,,,,,,2026-04-15,z-ai/glm-5-20260211,29558387.0,,,,,,27597887.0,1960500.0,2555
openrouter_model_activity,https://openrouter.ai/z-ai/glm-5-20260211/activity,20260416T082533Z-52dc92f7,2026-04-16T08:25:33.856151Z,,,,,,,,,,21,technology,,,,,,,,,,,,2026-04-15,z-ai/glm-5-20260211,75250166.0,,,,,,73515859.0,1734307.0,2688
openrouter_model_activity,https://openrouter.ai/z-ai/glm-5-20260211/activity,20260416T082533Z-52dc92f7,2026-04-16T08:25:33.856151Z,,,,,,,,,,20,translation,,,,,,,,,,,,2026-04-15,z-ai/glm-5-20260211,3048693.0,,,,,,2843331.0,205362.0,306
openrouter_model_activity,https://openrouter.ai/z-ai/glm-5-20260211/activity,20260416T082533Z-52dc92f7,2026-04-16T08:25:33.856151Z,,,,,,,,,,28,trivia,,,,,,,,,,,,2026-04-15,z-ai/glm-5-20260211,337963.0,,,,,,228396.0,109567.0,111
openrouter_model_activity,https://openrouter.ai/z-ai/glm-5-turbo-20260315/activity,20260416T082533Z-52dc92f7,2026-04-16T08:25:33.856151Z,,,,,,,,,,41,finance,,,,,,,,,,,,2026-04-15,z-ai/glm-5-turbo-20260315,3216702.0,,,,,,3170758.0,45944.0,94
openrouter_model_activity,https://openrouter.ai/z-ai/glm-5-turbo-20260315/activity,20260416T082533Z-52dc92f7,2026-04-16T08:25:33.856151Z,,,,,,,,,,21,programming,,,,,,,,,,,,2026-04-15,z-ai/glm-5-turbo-20260315,65412002.0,,,,,,62645686.0,2766316.0,2669
openrouter_model_activity,https://openrouter.ai/z-ai/glm-5-turbo-20260315/activity,20260416T082533Z-52dc92f7,2026-04-16T08:25:33.856151Z,,,,,,,,,,50,roleplay,,,,,,,,,,,,2026-04-15,z-ai/glm-5-turbo-20260315,6166400.0,,,,,,5944140.0,222260.0,252
openrouter_model_activity,https://openrouter.ai/z-ai/glm-5-turbo-20260315/activity,20260416T082533Z-52dc92f7,2026-04-16T08:25:33.856151Z,,,,,,,,,,31,technology,,,,,,,,,,,,2026-04-15,z-ai/glm-5-turbo-20260315,40185903.0,,,,,,39622376.0,563527.0,1225
openrouter_model_activity,https://openrouter.ai/z-ai/glm-5-turbo-20260315/activity,20260416T082533Z-52dc92f7,2026-04-16T08:25:33.856151Z,,,,,,,,,,21,translation,,,,,,,,,,,,2026-04-15,z-ai/glm-5-turbo-20260315,3036900.0,,,,,,1558700.0,1478200.0,358
openrouter_model_activity,https://openrouter.ai/z-ai/glm-5.1-20260406/activity,20260416T082533Z-52dc92f7,2026-04-16T08:25:33.856151Z,,,,,,,,,,25,academia,,,,,,,,,,,,2026-04-15,z-ai/glm-5.1-20260406,4435760.0,,,,,,4128480.0,307280.0,333
openrouter_model_activity,https://openrouter.ai/z-ai/glm-5.1-20260406/activity,20260416T082533Z-52dc92f7,2026-04-16T08:25:33.856151Z,,,,,,,,,,10,finance,,,,,,,,,,,,2026-04-15,z-ai/glm-5.1-20260406,22457095.0,,,,,,21900337.0,556758.0,514
openrouter_model_activity,https://openrouter.ai/z-ai/glm-5.1-20260406/activity,20260416T082533Z-52dc92f7,2026-04-16T08:25:33.856151Z,,,,,,,,,,46,health,,,,,,,,,,,,2026-04-15,z-ai/glm-5.1-20260406,953237.0,,,,,,790984.0,162253.0,176
openrouter_model_activity,https://openrouter.ai/z-ai/glm-5.1-20260406/activity,20260416T082533Z-52dc92f7,2026-04-16T08:25:33.856151Z,,,,,,,,,,36,legal,,,,,,,,,,,,2026-04-15,z-ai/glm-5.1-20260406,1319464.0,,,,,,1292378.0,27086.0,69
openrouter_model_activity,https://openrouter.ai/z-ai/glm-5.1-20260406/activity,20260416T082533Z-52dc92f7,2026-04-16T08:25:33.856151Z,,,,,,,,,,43,marketing,,,,,,,,,,,,2026-04-15,z-ai/glm-5.1-20260406,507700.0,,,,,,503200.0,4500.0,12
openrouter_model_activity,https://openrouter.ai/z-ai/glm-5.1-20260406/activity,20260416T082533Z-52dc92f7,2026-04-16T08:25:33.856151Z,,,,,,,,,,9,programming,,,,,,,,,,,,2026-04-15,z-ai/glm-5.1-20260406,374500264.0,,,,,,368666074.0,5834190.0,6818
openrouter_model_activity,https://openrouter.ai/z-ai/glm-5.1-20260406/activity,20260416T082533Z-52dc92f7,2026-04-16T08:25:33.856151Z,,,,,,,,,,23,roleplay,,,,,,,,,,,,2026-04-15,z-ai/glm-5.1-20260406,23956456.0,,,,,,22692748.0,1263708.0,1304
openrouter_model_activity,https://openrouter.ai/z-ai/glm-5.1-20260406/activity,20260416T082533Z-52dc92f7,2026-04-16T08:25:33.856151Z,,,,,,,,,,19,science,,,,,,,,,,,,2026-04-15,z-ai/glm-5.1-20260406,30879043.0,,,,,,29719786.0,1159257.0,1108
openrouter_model_activity,https://openrouter.ai/z-ai/glm-5.1-20260406/activity,20260416T082533Z-52dc92f7,2026-04-16T08:25:33.856151Z,,,,,,,,,,8,technology,,,,,,,,,,,,2026-04-15,z-ai/glm-5.1-20260406,177294782.0,,,,,,175017557.0,2277225.0,4366
openrouter_model_activity,https://openrouter.ai/z-ai/glm-5.1-20260406/activity,20260416T082533Z-52dc92f7,2026-04-16T08:25:33.856151Z,,,,,,,,,,36,trivia,,,,,,,,,,,,2026-04-15,z-ai/glm-5.1-20260406,218204.0,,,,,,163982.0,54222.0,62
